body,event.name,framework.duration_ms,framework.event_id,framework.field.ataques,framework.field.atributos,framework.field.autenticacoes,framework.field.checagens,framework.field.ciphers,framework.field.conceitos,framework.field.dados,framework.field.durationMs,framework.field.encaminhamentos,framework.field.encerramento,framework.field.hardening,framework.field.host,framework.field.httpStatus,framework.field.ip,framework.field.login,framework.field.metodo,framework.field.mitigacoes,framework.field.modo,framework.field.passos,framework.field.passosSelecao,framework.field.protecoes,framework.field.protocolo,framework.field.resultado,framework.field.rota,framework.field.status,framework.field.statusCalc,framework.field.tipoServido,framework.field.tipoSolicitado,framework.field.total,framework.field.traceId,framework.field.veredito,framework.module,framework.status,http.request.method,http.response.status_code,http.route,severity,timeUnixNano,traceId
evento=http_access status=ok durationMs=1 httpStatus=200,http_access,1,19b2e9f1-479d-48ee-8d9d-b4cb6f5b5051,,,,,,,,1,,,,,200,,,,,,,,,,,,,,,,,,,web,ok,GET,200,/manifest.webmanifest,INFO,1788807923000000000,863fa4d7f7024e7a99e3ebe186e1d027
evento=http_access status=ok durationMs=6 httpStatus=200,http_access,6,c7c6c313-ec62-43d5-961f-159729c07acd,,,,,,,,6,,,,,200,,,,,,,,,,,,,,,,,,,web,ok,GET,200,/telemetria,INFO,1788807923000000000,a517dc9338b4413f822e9631aa2f0441
evento=http_access status=ok durationMs=1259 httpStatus=303,http_access,1259,9c70d459-d197-46c0-93f9-b36b2fee470f,,,,,,,,1259,,,,,303,,,,,,,,,,,,,,,,,,,web,ok,GET,303,/login/github/callback,INFO,1788807923000000000,6308a6456dbe49e2a592ee45a4fb59d0
evento=login_github status=ok login=carmipa resultado=ok,login_github,,18ff275b-39c7-445c-95a6-993c5420071b,,,,,,,,,,,,,,,carmipa,,,,,,,,ok,,,,,,,,,seguranca,ok,GET,,/login/github/callback,INFO,1788807922000000000,6308a6456dbe49e2a592ee45a4fb59d0
evento=http_access status=ok durationMs=2 httpStatus=303,http_access,2,a939cf44-c32a-46e3-a5c5-caecb1b743f8,,,,,,,,2,,,,,303,,,,,,,,,,,,,,,,,,,web,ok,GET,303,/login/github,INFO,1788807921000000000,10a005b64c2b4d51a6440852add91d3a
evento=http_access status=ok durationMs=6 httpStatus=200,http_access,6,0157fb30-db43-4acb-83fa-1267352ef107,,,,,,,,6,,,,,200,,,,,,,,,,,,,,,,,,,web,ok,GET,200,/login,INFO,1788807919000000000,24dfb81b08d64894840d6b0d50d564db
evento=http_access status=ok durationMs=2 httpStatus=303,http_access,2,1cf8705c-bc2b-4b36-8113-bce17b276094,,,,,,,,2,,,,,303,,,,,,,,,,,,,,,,,,,web,ok,GET,303,/telemetria,INFO,1788807919000000000,6cf2186f0adb4f3fac021c7bbe1ff17b
evento=http_access status=ok durationMs=2 httpStatus=200,http_access,2,07ab2f2f-ac6a-4737-96b4-0058971ae534,,,,,,,,2,,,,,200,,,,,,,,,,,,,,,,,,,web,ok,GET,200,/manifest.webmanifest,INFO,1788807918000000000,2f6105bd385849caafcb517ae4b9036f
evento=http_access status=ok durationMs=2 httpStatus=200,http_access,2,e56bb47f-c486-4890-9c48-e9e37b05f655,,,,,,,,2,,,,,200,,,,,,,,,,,,,,,,,,,web,ok,GET,200,/seguranca,INFO,1788807917000000000,95113871b16b4b5aba2d9dd79526a04f
evento=http_access status=ok durationMs=0 httpStatus=200,http_access,0,eb3c1aaf-6547-410c-98f7-dfc6db4adc6c,,,,,,,,0,,,,,200,,,,,,,,,,,,,,,,,,,web,ok,GET,200,/manifest.webmanifest,INFO,1788807916000000000,daa22ef354e244f29d09d9339ee7dd00
evento=http_access status=ok durationMs=1 httpStatus=200,http_access,1,bdb2d684-0746-43d2-ab20-148e539dccb0,,,,,,,,1,,,,,200,,,,,,,,,,,,,,,,,,,web,ok,GET,200,/diagnostico,INFO,1788807916000000000,120b4dc6b3434e818cb58d533d95290f
evento=http_access status=ok durationMs=3 httpStatus=200,http_access,3,ef9b09e0-ff96-455f-9060-17cb6f9adbd2,,,,,,,,3,,,,,200,,,,,,,,,,,,,,,,,,,web,ok,GET,200,/simuladores/api/anomalia-tcp,INFO,1788807916000000000,94386f159e5141069b6d9ebb0df1d386
evento=http_access status=ok durationMs=2 httpStatus=200,http_access,2,73a29ee2-0920-4b02-b606-e6d2a2970bcf,,,,,,,,2,,,,,200,,,,,,,,,,,,,,,,,,,web,ok,GET,200,/simuladores/api/handshake,INFO,1788807916000000000,76d952abc3404e23b544d8da41e83bdb
evento=handshake status=ok dados=true encerramento=true passos=9,handshake,,cd5713d2-a7b6-4cb3-ba04-810abf4cee64,,,,,,,true,,,true,,,,,,,,,9,,,,,,,,,,,,,simuladores,ok,GET,,/simuladores/api/handshake,INFO,1788807916000000000,76d952abc3404e23b544d8da41e83bdb
evento=anomalia_tcp status=ok passos=7 tipoServido=syn-flood tipoSolicitado=syn-flood,anomalia_tcp,,1eb9ff3a-9b25-4761-aa70-caf05036ba0b,,,,,,,,,,,,,,,,,,,7,,,,,,,,syn-flood,syn-flood,,,,simuladores,ok,GET,,/simuladores/api/anomalia-tcp,INFO,1788807916000000000,94386f159e5141069b6d9ebb0df1d386
evento=http_access status=ok durationMs=1 httpStatus=200,http_access,1,76f5a360-c432-4694-83b9-c367cf3acb35,,,,,,,,1,,,,,200,,,,,,,,,,,,,,,,,,,web,ok,GET,200,/manifest.webmanifest,INFO,1788807916000000000,0c4d127b5c6547d980eb48a1ac398c9b
evento=http_access status=ok durationMs=1 httpStatus=200,http_access,1,8ede3089-d3f0-4bcf-99e7-6f20b38913b5,,,,,,,,1,,,,,200,,,,,,,,,,,,,,,,,,,web,ok,GET,200,/trafego,INFO,1788807916000000000,8cb380f28c5b419a997d7fc6ab40e81a
evento=http_access status=ok durationMs=1 httpStatus=200,http_access,1,6da6d6cc-9047-4a71-906f-bd302a37baa6,,,,,,,,1,,,,,200,,,,,,,,,,,,,,,,,,,web,ok,GET,200,/manifest.webmanifest,INFO,1788807915000000000,8c2fc186cde0487881aa5f240eacf31f
evento=http_access status=ok durationMs=2 httpStatus=200,http_access,2,9b3b637b-ac0e-4a93-b580-ca13379df96a,,,,,,,,2,,,,,200,,,,,,,,,,,,,,,,,,,web,ok,GET,200,/resolucao-problemas,INFO,1788807914000000000,fd4ef235dc234fc89ab575733a03932c
evento=http_access status=ok durationMs=2 httpStatus=200,http_access,2,6c72031a-55b8-4104-ae89-c5be6552eb61,,,,,,,,2,,,,,200,,,,,,,,,,,,,,,,,,,web,ok,GET,200,/manifest.webmanifest,INFO,1788807913000000000,84918060a3d144fea7d9e1381fa79109
evento=http_access status=ok durationMs=19 httpStatus=200,http_access,19,278fcbeb-85af-4b13-a07d-73cb61ebc27f,,,,,,,,19,,,,,200,,,,,,,,,,,,,,,,,,,web,ok,GET,200,/protocolos,INFO,1788807913000000000,d855ce49092d4fcbb086a0f147319824
evento=catalog_load status=ok total=47,catalog_load,,6ae7b698-7924-497e-bc00-62f32cbced83,,,,,,,,,,,,,,,,,,,,,,,,,,,,,47,,,protocolos,ok,GET,,/protocolos,INFO,1788807913000000000,d855ce49092d4fcbb086a0f147319824
evento=catalog_load status=ok total=47,catalog_load,,5857c906-5f21-4e49-9571-3e3e4ab3a546,,,,,,,,,,,,,,,,,,,,,,,,,,,,,47,,,protocolos,ok,GET,,/protocolos,INFO,1788807913000000000,d855ce49092d4fcbb086a0f147319824
evento=http_access status=ok durationMs=2 httpStatus=200,http_access,2,1e7f42fa-13f8-418b-a6b0-4dfdb5a40e3a,,,,,,,,2,,,,,200,,,,,,,,,,,,,,,,,,,web,ok,GET,200,/manifest.webmanifest,INFO,1788807912000000000,fa56514422184adc941b04288d6ab7c4
evento=http_access status=ok durationMs=12 httpStatus=200,http_access,12,c65f6549-2935-45fc-ad21-b28908b32a59,,,,,,,,12,,,,,200,,,,,,,,,,,,,,,,,,,web,ok,GET,200,/portas,INFO,1788807912000000000,24ecc81028e34acb9c7986d3874f692c
evento=catalog_load status=ok total=30,catalog_load,,d967de88-aea7-4e49-86d9-4e4f096926b2,,,,,,,,,,,,,,,,,,,,,,,,,,,,,30,,,portas,ok,GET,,/portas,INFO,1788807912000000000,24ecc81028e34acb9c7986d3874f692c
evento=http_access status=ok durationMs=0 httpStatus=200,http_access,0,219716a5-67e0-430f-8512-8a5657c914d8,,,,,,,,0,,,,,200,,,,,,,,,,,,,,,,,,,web,ok,GET,200,/manifest.webmanifest,INFO,1788807910000000000,cb8178c27c5c4156b7638cb3c68df59b
evento=http_access status=ok durationMs=2 httpStatus=200,http_access,2,ff7fd9d7-bf6f-4578-bfa5-8f1ff23b5366,,,,,,,,2,,,,,200,,,,,,,,,,,,,,,,,,,web,ok,GET,200,/calculadora,INFO,1788807910000000000,e5d51171dddb45c990828a0322819f74
evento=http_access status=ok durationMs=2 httpStatus=200,http_access,2,1658cd45-9385-4b14-8075-1d09b1659cf8,,,,,,,,2,,,,,200,,,,,,,,,,,,,,,,,,,web,ok,GET,200,/manifest.webmanifest,INFO,1788807907000000000,b1959e808fea41209ff25f7cc21798d6
evento=http_access status=ok durationMs=6 httpStatus=200,http_access,6,4020f8e6-db09-489f-8aaf-1af11c2a88cf,,,,,,,,6,,,,,200,,,,,,,,,,,,,,,,,,,web,ok,GET,200,/portas,INFO,1788807907000000000,84425700cceb40e29b0e5c9020c47c18
evento=catalog_load status=ok total=30,catalog_load,,c208e94f-f062-4187-9ea0-2dcf9f06a745,,,,,,,,,,,,,,,,,,,,,,,,,,,,,30,,,portas,ok,GET,,/portas,INFO,1788807907000000000,84425700cceb40e29b0e5c9020c47c18
evento=http_access status=ok durationMs=1 httpStatus=200,http_access,1,4e6712a3-af49-48dd-a226-b449de673a18,,,,,,,,1,,,,,200,,,,,,,,,,,,,,,,,,,web,ok,GET,200,/manifest.webmanifest,INFO,1788807906000000000,c77a505fee79404683a10c2f45ec62f1
evento=http_access status=ok durationMs=21 httpStatus=200,http_access,22,cd35ca08-eda9-482b-823e-c87fe7eed741,,,,,,,,21,,,,,200,,,,,,,,,,,,,,,,,,,web,ok,GET,200,/protocolos,INFO,1788807906000000000,5ef65099ea8f458a8b32864b3760d175
evento=catalog_load status=ok total=47,catalog_load,,d0de5735-cb17-4975-a622-af15fe07eefa,,,,,,,,,,,,,,,,,,,,,,,,,,,,,47,,,protocolos,ok,GET,,/protocolos,INFO,1788807906000000000,5ef65099ea8f458a8b32864b3760d175
evento=catalog_load status=ok total=47,catalog_load,,27c8b179-8c2d-4b8b-98c6-70edff7c8533,,,,,,,,,,,,,,,,,,,,,,,,,,,,,47,,,protocolos,ok,GET,,/protocolos,INFO,1788807906000000000,5ef65099ea8f458a8b32864b3760d175
evento=http_access status=ok durationMs=21 httpStatus=200,http_access,21,3b04c072-93e1-42dc-bb24-49787cb8d0dd,,,,,,,,21,,,,,200,,,,,,,,,,,,,,,,,,,web,ok,POST,200,/seguranca/api/tls,INFO,1788807894000000000,c51eb346a1484c068bdebe3c71361ebc
evento=inspecao_tls status=ok durationMs=4,inspecao_tls,,711a8262-43d9-47c8-9112-2e13c051f9f0,,,,,,,,4,,,,,,,,,,,,,,,,,,,,,,,,seguranca,ok,POST,,/seguranca/api/tls,INFO,1788807894000000000,c51eb346a1484c068bdebe3c71361ebc
evento=tls_inspecionado status=ok checagens=5 host=visitante-001 veredito=CONFIÁVEL,tls_inspecionado,,bf13a334-186e-4c52-bfc8-7b27b69df61f,,,,5,,,,,,,,visitante-001,,,,,,,,,,,,,,,,,,,CONFIÁVEL,seguranca,ok,POST,,/seguranca/api/tls,INFO,1788807894000000000,c51eb346a1484c068bdebe3c71361ebc
evento=http_access status=ok durationMs=3 httpStatus=200,http_access,3,f8f2af8a-1549-4431-8673-3b4ae8413ba5,,,,,,,,3,,,,,200,,,,,,,,,,,,,,,,,,,web,ok,GET,200,/manifest.webmanifest,INFO,1788807885000000000,40d97a6e9a3c4b7083c195e4d60e2d82
evento=http_access status=ok durationMs=3 httpStatus=200,http_access,3,0764bcf3-2403-4176-a9ec-c4d2e6b0a0a4,,,,,,,,3,,,,,200,,,,,,,,,,,,,,,,,,,web,ok,GET,200,/seguranca,INFO,1788807885000000000,a9239da229a74f10b61b8de7dfecb2b8
evento=http_access status=ok durationMs=2 httpStatus=200,http_access,2,8325216c-3bee-403c-937d-f0415cd2d616,,,,,,,,2,,,,,200,,,,,,,,,,,,,,,,,,,web,ok,GET,200,/manifest.webmanifest,INFO,1788807877000000000,7765ac345aa6498c9f7c661ce20b90f4
evento=http_access status=ok durationMs=2 httpStatus=200,http_access,2,065aa0b5-f800-4574-b7e9-85b6412be6eb,,,,,,,,2,,,,,200,,,,,,,,,,,,,,,,,,,web,ok,GET,200,/diagnostico,INFO,1788807877000000000,80c647a35387453fb9afeea5a18c3be7
evento=http_access status=ok durationMs=2 httpStatus=200,http_access,2,417d5fc0-c781-44ac-931b-71490b57fe9d,,,,,,,,2,,,,,200,,,,,,,,,,,,,,,,,,,web,ok,GET,200,/simuladores/api/anomalia-tcp,INFO,1788807873000000000,63260e474817484f8c0d973412b01da7
evento=anomalia_tcp status=ok passos=7 tipoServido=syn-flood tipoSolicitado=syn-flood,anomalia_tcp,,0a331a8e-c26d-4976-b235-9f381a82612f,,,,,,,,,,,,,,,,,,,7,,,,,,,,syn-flood,syn-flood,,,,simuladores,ok,GET,,/simuladores/api/anomalia-tcp,INFO,1788807873000000000,63260e474817484f8c0d973412b01da7
evento=http_access status=ok durationMs=4 httpStatus=200,http_access,4,6a50dce6-52ca-4dbb-9ba7-59af756fef28,,,,,,,,4,,,,,200,,,,,,,,,,,,,,,,,,,web,ok,GET,200,/simuladores/api/handshake,INFO,1788807873000000000,2dd73e10d9034ed8a65492e2f0050bf4
evento=handshake status=ok dados=true encerramento=true passos=9,handshake,,b57099b6-f614-4756-92e8-2621e645e64a,,,,,,,true,,,true,,,,,,,,,9,,,,,,,,,,,,,simuladores,ok,GET,,/simuladores/api/handshake,INFO,1788807873000000000,2dd73e10d9034ed8a65492e2f0050bf4
evento=http_access status=ok durationMs=1 httpStatus=200,http_access,1,30086822-569f-4e02-b5e2-046d72ae3bee,,,,,,,,1,,,,,200,,,,,,,,,,,,,,,,,,,web,ok,GET,200,/manifest.webmanifest,INFO,1788807873000000000,85496fa5ae274b38877811d422064705
evento=http_access status=ok durationMs=1 httpStatus=200,http_access,1,dbbb04e7-4f4c-466f-9b87-529f0683116c,,,,,,,,1,,,,,200,,,,,,,,,,,,,,,,,,,web,ok,GET,200,/trafego,INFO,1788807873000000000,b045ed13052f4512a438f19ee66817b7
evento=http_access status=ok durationMs=1 httpStatus=200,http_access,1,88e4a883-a27e-4af0-8c8e-ef67305a9c0f,,,,,,,,1,,,,,200,,,,,,,,,,,,,,,,,,,web,ok,GET,200,/history,INFO,1788807870000000000,b25da4393c2d478185198a1aafde5d60
evento=http_access status=ok durationMs=24 httpStatus=200,http_access,24,440ed77e-7114-46d4-adf9-aca71221eff9,,,,,,,,24,,,,,200,,,,,,,,,,,,,,,,,,,web,ok,GET,200,/api/informacoes/geo,INFO,1788807870000000000,e1d65ee70b214958ac8558de90e3f6ff
evento=history_persist status=ok status=ok total=60,history_persist,,28bb76db-4a6b-48a6-85cd-4c2138808879,,,,,,,,,,,,,,,,,,,,,,,,,ok,,,,60,,,analiseDidatica,ok,GET,,/api/informacoes/geo,INFO,1788807870000000000,e1d65ee70b214958ac8558de90e3f6ff
evento=geo_lookup status=ok ip=visitante-002 status=start,geo_lookup,,5eac58cd-f125-4cbe-bcf0-b9edf3344f38,,,,,,,,,,,,,,visitante-002,,,,,,,,,,,start,,,,,,,analiseDidatica,ok,GET,,/api/informacoes/geo,INFO,1788807870000000000,e1d65ee70b214958ac8558de90e3f6ff
evento=http_access status=ok durationMs=0 httpStatus=200,http_access,0,a353e223-1279-4ba6-979c-7d884ec2d8f4,,,,,,,,0,,,,,200,,,,,,,,,,,,,,,,,,,web,ok,GET,200,/history,INFO,1788807870000000000,1f601bef34fd4af28a93f6a4c8de5fdc
evento=http_access status=ok durationMs=1 httpStatus=200,http_access,1,a364c153-cb9b-46ef-bc0a-6699f48954da,,,,,,,,1,,,,,200,,,,,,,,,,,,,,,,,,,web,ok,GET,200,/manifest.webmanifest,INFO,1788807870000000000,7d533bec173b4b7788e764cfe96390b3
evento=http_access status=ok durationMs=1 httpStatus=200,http_access,1,75648a47-590f-483a-9b72-fc69e17bd876,,,,,,,,1,,,,,200,,,,,,,,,,,,,,,,,,,web,ok,GET,200,/localizacao,INFO,1788807870000000000,9e71262bb84b4106a726bf90fff44e3e
evento=http_access status=ok durationMs=0 httpStatus=200,http_access,0,b09de4de-68c0-4bf9-865d-0af189ff251a,,,,,,,,0,,,,,200,,,,,,,,,,,,,,,,,,,web,ok,GET,200,/manifest.webmanifest,INFO,1788807857000000000,30ecddbdf54549b3aab2065162c6f0f1
evento=http_access status=ok durationMs=2 httpStatus=200,http_access,2,b015714f-d4f2-4f48-b3fc-3328b602cc42,,,,,,,,2,,,,,200,,,,,,,,,,,,,,,,,,,web,ok,GET,200,/resolucao-problemas,INFO,1788807857000000000,ec10483264f2481fac40d824713b89f1
evento=http_access status=ok durationMs=4 httpStatus=200,http_access,4,0a37cdc0-2528-465a-a63e-6f707691ea13,,,,,,,,4,,,,,200,,,,,,,,,,,,,,,,,,,web,ok,GET,200,/manifest.webmanifest,INFO,1788807842000000000,ecb2f1d008b24d4b83b147c999d34889
evento=http_access status=ok durationMs=20 httpStatus=200,http_access,20,3a22ecae-dabd-410c-8599-d712b3b0f19e,,,,,,,,20,,,,,200,,,,,,,,,,,,,,,,,,,web,ok,GET,200,/protocolos/dns,INFO,1788807842000000000,52aa5e925eb3412684d91dbcef8855e8
evento=aprofundamento_view status=ok ataques=6 conceitos=6 mitigacoes=6 protocolo=dns,aprofundamento_view,,18978166-7705-4d88-aba5-d2ee5cb0288f,6,,,,,6,,,,,,,,,,,6,,,,,dns,,,,,,,,,,protocolos,ok,GET,,/protocolos/dns,INFO,1788807842000000000,52aa5e925eb3412684d91dbcef8855e8
evento=http_access status=ok durationMs=1 httpStatus=200,http_access,1,bcc42b0e-104f-4dc6-a5e7-7c2acc48a026,,,,,,,,1,,,,,200,,,,,,,,,,,,,,,,,,,web,ok,GET,200,/manifest.webmanifest,INFO,1788807842000000000,1210de8a62474f8b9f6212015714e438
evento=http_access status=ok durationMs=128 httpStatus=200,http_access,128,6e8bf9e9-84e7-4647-afff-7b1a666fef87,,,,,,,,128,,,,,200,,,,,,,,,,,,,,,,,,,web,ok,GET,200,/protocolos/ssh,INFO,1788807842000000000,7a5839f2ba204107bf1cc52d7af1ad91
evento=aprofundamento_view status=ok autenticacoes=6 conceitos=6 encaminhamentos=6 hardening=10 protocolo=ssh,aprofundamento_view,,ad530f4c-15a0-4878-bd91-e89d9a1819d6,,,6,,,6,,,6,,10,,,,,,,,,,,ssh,,,,,,,,,,protocolos,ok,GET,,/protocolos/ssh,INFO,1788807841000000000,7a5839f2ba204107bf1cc52d7af1ad91
evento=http_access status=ok durationMs=1 httpStatus=200,http_access,8,8d6d3ae2-309f-4425-ac60-54cfdeb52671,,,,,,,,1,,,,,200,,,,,,,,,,,,,,,,,,,web,ok,GET,200,/manifest.webmanifest,INFO,1788807841000000000,72711ae3165141aebbe3ba66f3df943d
evento=http_access status=ok durationMs=59 httpStatus=200,http_access,59,dbb0e8e7-eaa8-4beb-b24a-95c8a7bde431,,,,,,,,59,,,,,200,,,,,,,,,,,,,,,,,,,web,ok,GET,200,/protocolos/tls,INFO,1788807841000000000,00ce71d74bdb42c081fd26261a9a9a9f
evento=aprofundamento_view status=ok ataques=6 ciphers=6 conceitos=6 protocolo=tls,aprofundamento_view,,bfd96c22-7d46-45d0-8618-64284bc2eacd,6,,,,6,6,,,,,,,,,,,,,,,,tls,,,,,,,,,,protocolos,ok,GET,,/protocolos/tls,INFO,1788807841000000000,00ce71d74bdb42c081fd26261a9a9a9f
evento=http_access status=ok durationMs=1 httpStatus=200,http_access,1,e7d1f0f6-a258-45ea-a70c-8a40fadb69f8,,,,,,,,1,,,,,200,,,,,,,,,,,,,,,,,,,web,ok,GET,200,/manifest.webmanifest,INFO,1788807841000000000,968960d7d8e64705b787ae49bf255b19
evento=http_access status=ok durationMs=68 httpStatus=200,http_access,68,38e2fee2-f552-43ef-8651-600b7f07c7ea,,,,,,,,68,,,,,200,,,,,,,,,,,,,,,,,,,web,ok,GET,200,/protocolos/ftp,INFO,1788807840000000000,56389386a0504b6bbef3ff472f8190be
evento=aprofundamento_view status=ok ataques=5 conceitos=6 protocolo=ftp,aprofundamento_view,,b424cd92-be6f-458b-8650-43cd66529248,5,,,,,6,,,,,,,,,,,,,,,,ftp,,,,,,,,,,protocolos,ok,GET,,/protocolos/ftp,INFO,1788807840000000000,56389386a0504b6bbef3ff472f8190be
evento=http_access status=ok durationMs=10 httpStatus=200,http_access,10,57f42ec4-6dd1-4270-be48-cab13177a2b9,,,,,,,,10,,,,,200,,,,,,,,,,,,,,,,,,,web,ok,GET,200,/manifest.webmanifest,INFO,1788807840000000000,13ab12e071a54b2b9b769c2c69c7a390
evento=http_access status=ok durationMs=22 httpStatus=200,http_access,22,f36b6c95-8633-4148-8fb9-4b952f8cd235,,,,,,,,22,,,,,200,,,,,,,,,,,,,,,,,,,web,ok,GET,200,/protocolos/telnet,INFO,1788807840000000000,1444d7ceb988475e9e3cd1537efaed91
evento=aprofundamento_view status=ok ataques=5 conceitos=5 protocolo=telnet,aprofundamento_view,,7d0d1d99-a3b7-46b4-9574-f48712b5f4b5,5,,,,,5,,,,,,,,,,,,,,,,telnet,,,,,,,,,,protocolos,ok,GET,,/protocolos/telnet,INFO,1788807840000000000,1444d7ceb988475e9e3cd1537efaed91
evento=http_access status=ok durationMs=0 httpStatus=200,http_access,0,97eb61af-a078-4d50-b608-5e5255e2278a,,,,,,,,0,,,,,200,,,,,,,,,,,,,,,,,,,web,ok,GET,200,/manifest.webmanifest,INFO,1788807839000000000,b878fca16d9543c1b9647b33a845e153
evento=http_access status=ok durationMs=6 httpStatus=200,http_access,6,820edd1c-307f-4b26-855c-6e81773e1f74,,,,,,,,6,,,,,200,,,,,,,,,,,,,,,,,,,web,ok,GET,200,/protocolos/smtp,INFO,1788807839000000000,ebc512c2d2074fa4ab6ca657400e6fae
evento=aprofundamento_view status=ok ataques=5 conceitos=6 protocolo=smtp,aprofundamento_view,,ee28d19f-ef46-43de-b39f-e2051b72767c,5,,,,,6,,,,,,,,,,,,,,,,smtp,,,,,,,,,,protocolos,ok,GET,,/protocolos/smtp,INFO,1788807839000000000,ebc512c2d2074fa4ab6ca657400e6fae
evento=http_access status=ok durationMs=0 httpStatus=200,http_access,0,a4df1439-c12d-4f05-8d03-9cf2d1c84a61,,,,,,,,0,,,,,200,,,,,,,,,,,,,,,,,,,web,ok,GET,200,/manifest.webmanifest,INFO,1788807838000000000,4329ec11b5d9448cb5976e4850b9609c
evento=http_access status=ok durationMs=6 httpStatus=200,http_access,6,f22ab56c-0a0a-4225-aa82-5a16ccfe94c6,,,,,,,,6,,,,,200,,,,,,,,,,,,,,,,,,,web,ok,GET,200,/protocolos/ftp,INFO,1788807838000000000,a44a6c09b5d44270b0efb3aa7c50f50b
evento=aprofundamento_view status=ok ataques=5 conceitos=6 protocolo=ftp,aprofundamento_view,,770c2a57-221e-4890-8daa-a986bd9b3368,5,,,,,6,,,,,,,,,,,,,,,,ftp,,,,,,,,,,protocolos,ok,GET,,/protocolos/ftp,INFO,1788807838000000000,a44a6c09b5d44270b0efb3aa7c50f50b
evento=http_access status=ok durationMs=1 httpStatus=200,http_access,1,8327e107-b2be-4aef-96a2-33288185f183,,,,,,,,1,,,,,200,,,,,,,,,,,,,,,,,,,web,ok,GET,200,/manifest.webmanifest,INFO,1788807834000000000,fc984cfed7944b1789ecaf80c2b31dbd
evento=http_access status=ok durationMs=7 httpStatus=200,http_access,7,2f16589f-4138-4240-83c0-78d786a809b7,,,,,,,,7,,,,,200,,,,,,,,,,,,,,,,,,,web,ok,GET,200,/protocolos/http,INFO,1788807834000000000,c8656555be2f43aeb531fdb52b09f7c3
evento=aprofundamento_view status=ok ataques=5 conceitos=6 protocolo=http,aprofundamento_view,,ad44713e-b2b9-4b1b-99b7-f5404f121b26,5,,,,,6,,,,,,,,,,,,,,,,http,,,,,,,,,,protocolos,ok,GET,,/protocolos/http,INFO,1788807834000000000,c8656555be2f43aeb531fdb52b09f7c3
evento=http_access status=ok durationMs=1 httpStatus=200,http_access,1,ceba8b7f-1c73-4df1-95e6-03691ab48115,,,,,,,,1,,,,,200,,,,,,,,,,,,,,,,,,,web,ok,GET,200,/manifest.webmanifest,INFO,1788807833000000000,7d51320e3dad4244b205f1e35fbb8408
evento=http_access status=ok durationMs=19 httpStatus=200,http_access,19,00371f28-03bc-4b96-a586-941ef35a2ddb,,,,,,,,19,,,,,200,,,,,,,,,,,,,,,,,,,web,ok,GET,200,/protocolos,INFO,1788807833000000000,900785020775498cac632178a4afc4c0
evento=catalog_load status=ok total=47,catalog_load,,d4e57dbc-e6ee-4fc0-8574-69746ea34add,,,,,,,,,,,,,,,,,,,,,,,,,,,,,47,,,protocolos,ok,GET,,/protocolos,INFO,1788807833000000000,900785020775498cac632178a4afc4c0
evento=catalog_load status=ok total=47,catalog_load,,01e0c8b8-c883-44a4-b367-d1b2d79c6983,,,,,,,,,,,,,,,,,,,,,,,,,,,,,47,,,protocolos,ok,GET,,/protocolos,INFO,1788807833000000000,900785020775498cac632178a4afc4c0
evento=http_access status=ok durationMs=1 httpStatus=200,http_access,1,4eed8b7e-3030-49cd-9d79-4a2a5de6b072,,,,,,,,1,,,,,200,,,,,,,,,,,,,,,,,,,web,ok,GET,200,/manifest.webmanifest,INFO,1788807831000000000,3cb5f6ae6e6c4f45bcb94f19dd3ddf14
evento=http_access status=ok durationMs=10 httpStatus=200,http_access,10,b77c8782-9579-4228-b879-a6aba499b230,,,,,,,,10,,,,,200,,,,,,,,,,,,,,,,,,,web,ok,GET,200,/portas,INFO,1788807831000000000,377248a5e7fc42ee9d99b2906b85a061
evento=catalog_load status=ok total=30,catalog_load,,36bb7967-7409-4836-bcfc-9db31dab8fb0,,,,,,,,,,,,,,,,,,,,,,,,,,,,,30,,,portas,ok,GET,,/portas,INFO,1788807831000000000,377248a5e7fc42ee9d99b2906b85a061
evento=http_access status=ok durationMs=0 httpStatus=200,http_access,0,8881e42b-c128-4018-8191-55e63f7abbb4,,,,,,,,0,,,,,200,,,,,,,,,,,,,,,,,,,web,ok,GET,200,/manifest.webmanifest,INFO,1788807830000000000,3b3452e542eb4ce7baf2c3a874035458
evento=http_access status=ok durationMs=3 httpStatus=200,http_access,3,b2f778d9-2b90-4fe8-a211-77069a310c7b,,,,,,,,3,,,,,200,,,,,,,,,,,,,,,,,,,web,ok,GET,200,/calculadora,INFO,1788807830000000000,79777465a90c4e33af4d0e0b28341cd1
evento=http_access status=ok durationMs=1005 httpStatus=200,http_access,1005,2b15c3a0-dc16-4d95-a30f-b3726b9fa703,,,,,,,,1005,,,,,200,,,,,,,,,,,,,,,,,,,web,ok,GET,200,/api/informacoes/geo,INFO,1788807829000000000,65fbe28eab0b4d77a9422f54ab737567
evento=history_persist status=ok status=ok total=60,history_persist,,0140e7da-6ab3-48ee-b39d-de1951ef0f1c,,,,,,,,,,,,,,,,,,,,,,,,,ok,,,,60,,,analiseDidatica,ok,GET,,/api/informacoes/geo,INFO,1788807829000000000,65fbe28eab0b4d77a9422f54ab737567
evento=geo_lookup status=ok ip=visitante-002 status=start,geo_lookup,,2cd4b01b-b538-4100-8923-1afa0c02961b,,,,,,,,,,,,,,visitante-002,,,,,,,,,,,start,,,,,,,analiseDidatica,ok,GET,,/api/informacoes/geo,INFO,1788807828000000000,65fbe28eab0b4d77a9422f54ab737567
evento=http_access status=ok durationMs=14 httpStatus=200,http_access,14,abec16a5-9949-4391-aadc-70dd4ebf6deb,,,,,,,,14,,,,,200,,,,,,,,,,,,,,,,,,,web,ok,GET,200,/simuladores/api/anomalia-tcp,INFO,1788807828000000000,12884d8786664d6fad38e5daf9b759ff
evento=http_access status=ok durationMs=12 httpStatus=200,http_access,12,d01eb20a-68bb-4ad1-8c2d-7891b4222c9f,,,,,,,,12,,,,,200,,,,,,,,,,,,,,,,,,,web,ok,GET,200,/simuladores/api/handshake,INFO,1788807828000000000,f61ff72c4f8346bca062d3ef74d5b018
evento=anomalia_tcp status=ok passos=7 tipoServido=syn-flood tipoSolicitado=syn-flood,anomalia_tcp,,ae4fcf4c-158b-49a8-8194-5e9fecd63750,,,,,,,,,,,,,,,,,,,7,,,,,,,,syn-flood,syn-flood,,,,simuladores,ok,GET,,/simuladores/api/anomalia-tcp,INFO,1788807828000000000,12884d8786664d6fad38e5daf9b759ff
evento=handshake status=ok dados=true encerramento=true passos=9,handshake,,25c041de-a577-4a7a-a6b4-b03e411b7deb,,,,,,,true,,,true,,,,,,,,,9,,,,,,,,,,,,,simuladores,ok,GET,,/simuladores/api/handshake,INFO,1788807828000000000,f61ff72c4f8346bca062d3ef74d5b018
evento=http_access status=ok durationMs=1 httpStatus=200,http_access,1,5d128157-20eb-48a6-8edf-0ef6350a5291,,,,,,,,1,,,,,200,,,,,,,,,,,,,,,,,,,web,ok,GET,200,/manifest.webmanifest,INFO,1788807828000000000,bad0ec75abd34a38b08366fa05f15d8c
evento=http_access status=ok durationMs=6 httpStatus=200,http_access,6,8df9855d-bb93-408b-838f-2ea4643d8934,,,,,,,,6,,,,,200,,,,,,,,,,,,,,,,,,,web,ok,GET,200,/trafego,INFO,1788807828000000000,b615107ccd334682bf5d2618fc301e88
evento=http_access status=ok durationMs=0 httpStatus=200,http_access,0,cab9920f-b83e-458a-a168-27f79254749f,,,,,,,,0,,,,,200,,,,,,,,,,,,,,,,,,,web,ok,GET,200,/history,INFO,1788807828000000000,c587ebbb0d3f462cb9f509f67a82ec27
evento=http_access status=ok durationMs=1 httpStatus=200,http_access,1,c54f3820-3c55-49cb-b1b8-89eedebeb1bb,,,,,,,,1,,,,,200,,,,,,,,,,,,,,,,,,,web,ok,GET,200,/manifest.webmanifest,INFO,1788807826000000000,f715188f6b5e4e7784c1c2746ab7e3cd
evento=http_access status=ok durationMs=2 httpStatus=200,http_access,2,e4bfcf78-6fd0-45b5-980a-a62c5e6a90df,,,,,,,,2,,,,,200,,,,,,,,,,,,,,,,,,,web,ok,GET,200,/localizacao,INFO,1788807826000000000,1e8f1396f9d34cd8bbd72ccb4129ad81
evento=http_access status=ok durationMs=0 httpStatus=200,http_access,0,3b8f643d-0ed9-406f-8aee-ec8638e04995,,,,,,,,0,,,,,200,,,,,,,,,,,,,,,,,,,web,ok,GET,200,/manifest.webmanifest,INFO,1788807804000000000,b0841584b5e546b19f901fee788d2149
evento=http_access status=ok durationMs=2 httpStatus=200,http_access,2,33f3a9cd-5d5f-4710-b1d3-a8ee71997926,,,,,,,,2,,,,,200,,,,,,,,,,,,,,,,,,,web,ok,GET,200,/resolucao-problemas,INFO,1788807804000000000,79d1a05daa354fd8878858c83b39ded5
evento=http_access status=ok durationMs=1 httpStatus=200,http_access,1,4d65d9f3-2091-42e3-a97f-ea76667eaede,,,,,,,,1,,,,,200,,,,,,,,,,,,,,,,,,,web,ok,GET,200,/manifest.webmanifest,INFO,1788807801000000000,b23905177fce4661aed6cd02401275a4
evento=http_access status=ok durationMs=3 httpStatus=200,http_access,3,18f9a366-91ac-4d97-a8c7-6c9260a912bf,,,,,,,,3,,,,,200,,,,,,,,,,,,,,,,,,,web,ok,GET,200,/resolucao-problemas,INFO,1788807801000000000,8959efaab0714f0b8efb2378e7faca35
evento=http_access status=ok durationMs=0 httpStatus=200,http_access,0,a5c7d8d0-d49f-434c-817e-7a887f519c28,,,,,,,,0,,,,,200,,,,,,,,,,,,,,,,,,,web,ok,GET,200,/manifest.webmanifest,INFO,1788807793000000000,ec59cadc2f8e4731903a11bf0cdcf291
evento=http_access status=ok durationMs=15 httpStatus=200,http_access,15,530db21e-d500-45c8-ae43-d8e1a83a97b8,,,,,,,,15,,,,,200,,,,,,,,,,,,,,,,,,,web,ok,GET,200,/resolucao-problemas,INFO,1788807793000000000,9625120437e64a9f955fb6665abf906b
evento=http_access status=ok durationMs=0 httpStatus=200,http_access,0,ddedc2f1-9b95-4ba5-9fea-338db33a2cee,,,,,,,,0,,,,,200,,,,,,,,,,,,,,,,,,,web,ok,GET,200,/manifest.webmanifest,INFO,1788807763000000000,7c058d8e8ab343f5b9cfeea76aefb365
evento=http_access status=ok durationMs=13 httpStatus=200,http_access,13,9ad45608-d8bc-4d97-bb25-520e02e24148,,,,,,,,13,,,,,200,,,,,,,,,,,,,,,,,,,web,ok,GET,200,/protocolos,INFO,1788807763000000000,e98d023f6f8d45f283f0d0b145814104
evento=catalog_load status=ok total=47,catalog_load,,2624ff55-fe88-4e61-bcbb-b7d99f694dc3,,,,,,,,,,,,,,,,,,,,,,,,,,,,,47,,,protocolos,ok,GET,,/protocolos,INFO,1788807763000000000,e98d023f6f8d45f283f0d0b145814104
evento=catalog_load status=ok total=47,catalog_load,,d8eaf532-a466-4f7f-bc0d-18c8cbaa35c1,,,,,,,,,,,,,,,,,,,,,,,,,,,,,47,,,protocolos,ok,GET,,/protocolos,INFO,1788807763000000000,e98d023f6f8d45f283f0d0b145814104
evento=http_access status=ok durationMs=1 httpStatus=200,http_access,1,52448c0f-1623-4655-b362-e87aa5ee9591,,,,,,,,1,,,,,200,,,,,,,,,,,,,,,,,,,web,ok,GET,200,/manifest.webmanifest,INFO,1788807756000000000,b1ebf93f1f8d408898bdd2984fcf0a5a
evento=http_access status=ok durationMs=13 httpStatus=200,http_access,13,8a01a4ca-0934-4db1-996d-2f2da7343f84,,,,,,,,13,,,,,200,,,,,,,,,,,,,,,,,,,web,ok,GET,200,/portas,INFO,1788807756000000000,b885e1bdd74f47c1b4fe4a7f57a72cac
evento=catalog_load status=ok total=30,catalog_load,,0fa62802-02f9-4594-8110-5f60c25e7f49,,,,,,,,,,,,,,,,,,,,,,,,,,,,,30,,,portas,ok,GET,,/portas,INFO,1788807756000000000,b885e1bdd74f47c1b4fe4a7f57a72cac
evento=http_access status=ok durationMs=1 httpStatus=200,http_access,1,a9d2022a-c15e-4955-bb90-6d42302a0215,,,,,,,,1,,,,,200,,,,,,,,,,,,,,,,,,,web,ok,GET,200,/manifest.webmanifest,INFO,1788807750000000000,5d6193b4ae9241f890f5643dd5e5e816
evento=http_access status=ok durationMs=1 httpStatus=200,http_access,1,9e38efb4-9974-431e-abd3-2d6b7876fd8d,,,,,,,,1,,,,,200,,,,,,,,,,,,,,,,,,,web,ok,GET,200,/,INFO,1788807748000000000,5296c575fe6542199c7d06784fe7ffdd
evento=http_access status=ok durationMs=1 httpStatus=200,http_access,1,52962402-53d9-4b3a-81f7-95fcd2c9e881,,,,,,,,1,,,,,200,,,,,,,,,,,,,,,,,,,web,ok,GET,200,/manifest.webmanifest,INFO,1788806384000000000,88d4fd28c179470b92df87b1430ee4dd
evento=http_access status=ok durationMs=6 httpStatus=200,http_access,6,c8b2c973-ce56-4023-a5a5-a9b8a4fc54ab,,,,,,,,6,,,,,200,,,,,,,,,,,,,,,,,,,web,ok,GET,200,/portas,INFO,1788806383000000000,922a707aab134fca90016e9b5cbb2ced
evento=catalog_load status=ok total=30,catalog_load,,d2c017ad-1249-4ca5-8b84-d4735ab315aa,,,,,,,,,,,,,,,,,,,,,,,,,,,,,30,,,portas,ok,GET,,/portas,INFO,1788806383000000000,922a707aab134fca90016e9b5cbb2ced
evento=http_access status=ok durationMs=1 httpStatus=200,http_access,1,4ecf1032-6669-4154-bfee-0121df48fe92,,,,,,,,1,,,,,200,,,,,,,,,,,,,,,,,,,web,ok,GET,200,/manifest.webmanifest,INFO,1788806379000000000,b0065df46ae84f19896f5dbc03cf9ff3
evento=http_access status=ok durationMs=10 httpStatus=200,http_access,10,2e8bb2ee-26a8-4fd9-a498-f910ca5d4dd2,,,,,,,,10,,,,,200,,,,,,,,,,,,,,,,,,,web,ok,GET,200,/protocolos/ipv4,INFO,1788806379000000000,884d9493d7264e9a92d2af190396b879
evento=aprofundamento_view status=ok ataques=5 conceitos=6 protocolo=ipv4,aprofundamento_view,,13bad2fe-3664-4ee7-9081-5c011857b739,5,,,,,6,,,,,,,,,,,,,,,,ipv4,,,,,,,,,,protocolos,ok,GET,,/protocolos/ipv4,INFO,1788806379000000000,884d9493d7264e9a92d2af190396b879
evento=http_access status=ok durationMs=1 httpStatus=200,http_access,1,f8551da6-61d7-47c8-a5ed-4cb7af122ffa,,,,,,,,1,,,,,200,,,,,,,,,,,,,,,,,,,web,ok,GET,200,/manifest.webmanifest,INFO,1788806379000000000,3139039d4e55443384e7ebe513b02a16
evento=http_access status=ok durationMs=16 httpStatus=200,http_access,16,76a6d053-5e17-43d9-96cd-09a945e64f6e,,,,,,,,16,,,,,200,,,,,,,,,,,,,,,,,,,web,ok,GET,200,/protocolos/tcp,INFO,1788806379000000000,c6c04d2e23824f4180b1e9e597b20e07
evento=aprofundamento_view status=ok ataques=5 conceitos=6 protocolo=tcp,aprofundamento_view,,760cedd1-4a69-4a15-824e-f17466013816,5,,,,,6,,,,,,,,,,,,,,,,tcp,,,,,,,,,,protocolos,ok,GET,,/protocolos/tcp,INFO,1788806379000000000,c6c04d2e23824f4180b1e9e597b20e07
evento=http_access status=ok durationMs=1 httpStatus=200,http_access,1,65a23343-d1bb-4f21-a2cd-a7ff3b6da72f,,,,,,,,1,,,,,200,,,,,,,,,,,,,,,,,,,web,ok,GET,200,/manifest.webmanifest,INFO,1788806378000000000,71b0f59b0cfd40f492b181edf3318f9d
evento=http_access status=ok durationMs=14 httpStatus=200,http_access,14,e0c4c231-3f76-455f-b1d5-0763ba1ee137,,,,,,,,14,,,,,200,,,,,,,,,,,,,,,,,,,web,ok,GET,200,/protocolos/http,INFO,1788806378000000000,2b7b5683d7e9458888d6d9c706ae8ac4
evento=aprofundamento_view status=ok ataques=5 conceitos=6 protocolo=http,aprofundamento_view,,95d0d9dd-70d1-4725-9db9-8ce6621fea66,5,,,,,6,,,,,,,,,,,,,,,,http,,,,,,,,,,protocolos,ok,GET,,/protocolos/http,INFO,1788806378000000000,2b7b5683d7e9458888d6d9c706ae8ac4
evento=http_access status=ok durationMs=1 httpStatus=200,http_access,1,bcd440ec-27f2-4752-aeac-ffe91db3b5a2,,,,,,,,1,,,,,200,,,,,,,,,,,,,,,,,,,web,ok,GET,200,/manifest.webmanifest,INFO,1788806377000000000,b004411bde464cf883a60e218c01c755
evento=http_access status=ok durationMs=17 httpStatus=200,http_access,17,f9db567d-fa3f-4de1-8f72-8ebf3136c3fb,,,,,,,,17,,,,,200,,,,,,,,,,,,,,,,,,,web,ok,GET,200,/protocolos,INFO,1788806377000000000,39137fde95ba470ea7a34e3f2e0e35f2
evento=catalog_load status=ok total=47,catalog_load,,b2f60f55-3975-49d5-9acf-a8598f1be1a3,,,,,,,,,,,,,,,,,,,,,,,,,,,,,47,,,protocolos,ok,GET,,/protocolos,INFO,1788806377000000000,39137fde95ba470ea7a34e3f2e0e35f2
evento=catalog_load status=ok total=47,catalog_load,,60feaa45-c6d7-46e0-ada6-fcd417139963,,,,,,,,,,,,,,,,,,,,,,,,,,,,,47,,,protocolos,ok,GET,,/protocolos,INFO,1788806377000000000,39137fde95ba470ea7a34e3f2e0e35f2
evento=http_access status=ok durationMs=1 httpStatus=200,http_access,1,4b61fe4c-35d7-4b62-b830-2e258f4f97b7,,,,,,,,1,,,,,200,,,,,,,,,,,,,,,,,,,web,ok,GET,200,/manifest.webmanifest,INFO,1788806375000000000,351c3d95f2f144cd939563c7e06df6a3
evento=http_access status=ok durationMs=33 httpStatus=200,http_access,33,11463492-639b-4471-95e9-e33b56a908f6,,,,,,,,33,,,,,200,,,,,,,,,,,,,,,,,,,web,ok,GET,200,/portas,INFO,1788806375000000000,6d37e40d5973468d83a84ddd040cdc70
evento=catalog_load status=ok total=30,catalog_load,,cc6af9fd-db89-4ead-97de-b0653677ea86,,,,,,,,,,,,,,,,,,,,,,,,,,,,,30,,,portas,ok,GET,,/portas,INFO,1788806375000000000,6d37e40d5973468d83a84ddd040cdc70
evento=http_access status=ok durationMs=3 httpStatus=200,http_access,3,890169f7-547d-4892-9cb3-38c0947f4ba3,,,,,,,,3,,,,,200,,,,,,,,,,,,,,,,,,,web,ok,GET,200,/manifest.webmanifest,INFO,1788806374000000000,b0532c6413c24387b605ed0a17ced039
evento=http_access status=ok durationMs=33 httpStatus=200,http_access,33,43995041-aa7f-497a-8615-65d58d1d39b2,,,,,,,,33,,,,,200,,,,,,,,,,,,,,,,,,,web,ok,GET,200,/protocolos,INFO,1788806374000000000,5887b6f6ccda4d5686de8752f7e183b9
evento=catalog_load status=ok total=47,catalog_load,,b1e73887-048e-4152-a0cd-884a04b8664a,,,,,,,,,,,,,,,,,,,,,,,,,,,,,47,,,protocolos,ok,GET,,/protocolos,INFO,1788806374000000000,5887b6f6ccda4d5686de8752f7e183b9
evento=catalog_load status=ok total=47,catalog_load,,03a09c96-8b34-4de5-92a4-0a1b5390ce82,,,,,,,,,,,,,,,,,,,,,,,,,,,,,47,,,protocolos,ok,GET,,/protocolos,INFO,1788806374000000000,5887b6f6ccda4d5686de8752f7e183b9
evento=http_access status=ok durationMs=0 httpStatus=200,http_access,0,a0257392-0324-43b2-86a3-eb01e86e14b7,,,,,,,,0,,,,,200,,,,,,,,,,,,,,,,,,,web,ok,GET,200,/manifest.webmanifest,INFO,1788806374000000000,634f812bdfa24ef895e8c7ff2069dad7
evento=http_access status=ok durationMs=13 httpStatus=200,http_access,13,273ff68f-0657-4122-aad3-27c7658ddc7b,,,,,,,,13,,,,,200,,,,,,,,,,,,,,,,,,,web,ok,GET,200,/protocolos/http,INFO,1788806373000000000,dd2e01be12d4406296c081aa563788cd
evento=aprofundamento_view status=ok ataques=5 conceitos=6 protocolo=http,aprofundamento_view,,a03976a6-b36c-4786-823b-d49b6f158bbe,5,,,,,6,,,,,,,,,,,,,,,,http,,,,,,,,,,protocolos,ok,GET,,/protocolos/http,INFO,1788806373000000000,dd2e01be12d4406296c081aa563788cd
evento=http_access status=ok durationMs=1 httpStatus=200,http_access,1,ef446ee0-5be9-49ee-b2a9-76efc745badf,,,,,,,,1,,,,,200,,,,,,,,,,,,,,,,,,,web,ok,GET,200,/manifest.webmanifest,INFO,1788806373000000000,a0121fe5bf424d8b9d38c2f0addfd2f6
evento=http_access status=ok durationMs=13 httpStatus=200,http_access,13,4b6ab04b-e117-43ae-88eb-8f48475db26f,,,,,,,,13,,,,,200,,,,,,,,,,,,,,,,,,,web,ok,GET,200,/protocolos/ipv4,INFO,1788806373000000000,72fd33c27f7b490c8ec4aa3a6e0f98cc
evento=aprofundamento_view status=ok ataques=5 conceitos=6 protocolo=ipv4,aprofundamento_view,,ec4b164a-9ba3-4a7f-a6c2-39b6ad622392,5,,,,,6,,,,,,,,,,,,,,,,ipv4,,,,,,,,,,protocolos,ok,GET,,/protocolos/ipv4,INFO,1788806373000000000,72fd33c27f7b490c8ec4aa3a6e0f98cc
evento=http_access status=ok durationMs=1 httpStatus=200,http_access,1,11726f64-fcdb-40c6-9c52-dfe420ec7e85,,,,,,,,1,,,,,200,,,,,,,,,,,,,,,,,,,web,ok,GET,200,/manifest.webmanifest,INFO,1788806372000000000,f9f539dfd05d4362a8c23a92e111b3a4
evento=http_access status=ok durationMs=6 httpStatus=200,http_access,6,b6b51cbf-0404-4ead-956d-e6326ce9a90b,,,,,,,,6,,,,,200,,,,,,,,,,,,,,,,,,,web,ok,GET,200,/protocolos/tcp,INFO,1788806372000000000,0df66abe2dd24b858aac7873e9970a1c
evento=aprofundamento_view status=ok ataques=5 conceitos=6 protocolo=tcp,aprofundamento_view,,418a4f78-9b7d-4671-8457-0ccdd714eca2,5,,,,,6,,,,,,,,,,,,,,,,tcp,,,,,,,,,,protocolos,ok,GET,,/protocolos/tcp,INFO,1788806372000000000,0df66abe2dd24b858aac7873e9970a1c
evento=http_access status=ok durationMs=1 httpStatus=200,http_access,1,34e08641-ed05-479c-b256-0b3f6cefed4c,,,,,,,,1,,,,,200,,,,,,,,,,,,,,,,,,,web,ok,GET,200,/manifest.webmanifest,INFO,1788806371000000000,94a49806ac8c4c91a5ff6158bca83ae7
evento=http_access status=ok durationMs=15 httpStatus=200,http_access,15,a221688b-9bc5-40be-a5ff-c37d547bb3df,,,,,,,,15,,,,,200,,,,,,,,,,,,,,,,,,,web,ok,GET,200,/protocolos/http,INFO,1788806371000000000,498f97eabea142e39ed44112d19aa0bf
evento=aprofundamento_view status=ok ataques=5 conceitos=6 protocolo=http,aprofundamento_view,,89aacc0c-55f6-43f7-9ec0-37aa39af80e2,5,,,,,6,,,,,,,,,,,,,,,,http,,,,,,,,,,protocolos,ok,GET,,/protocolos/http,INFO,1788806371000000000,498f97eabea142e39ed44112d19aa0bf
evento=http_access status=ok durationMs=2 httpStatus=200,http_access,2,b83c4e5a-5dc2-420e-9a3b-bb31f0f7b2a9,,,,,,,,2,,,,,200,,,,,,,,,,,,,,,,,,,web,ok,GET,200,/manifest.webmanifest,INFO,1788806369000000000,0553d4f7e05742de960ffe0abf73baff
evento=http_access status=ok durationMs=21 httpStatus=200,http_access,21,aca30ea9-bd05-4b74-b1f6-f70a9f65ee01,,,,,,,,21,,,,,200,,,,,,,,,,,,,,,,,,,web,ok,GET,200,/protocolos,INFO,1788806369000000000,da288282f6114112a3da5bd24d140867
evento=catalog_load status=ok total=47,catalog_load,,10da5d38-e236-40b2-85d2-b24e27f8b017,,,,,,,,,,,,,,,,,,,,,,,,,,,,,47,,,protocolos,ok,GET,,/protocolos,INFO,1788806369000000000,da288282f6114112a3da5bd24d140867
evento=catalog_load status=ok total=47,catalog_load,,180e8ec5-e81d-40d1-a92c-794bc08d0812,,,,,,,,,,,,,,,,,,,,,,,,,,,,,47,,,protocolos,ok,GET,,/protocolos,INFO,1788806369000000000,da288282f6114112a3da5bd24d140867
evento=http_access status=ok durationMs=2 httpStatus=200,http_access,2,7a7c6cfc-5b41-476c-b79a-0ca63b6dc8e0,,,,,,,,2,,,,,200,,,,,,,,,,,,,,,,,,,web,ok,GET,200,/manifest.webmanifest,INFO,1788806368000000000,58ac9d31aed1405db2a4e42af8086413
evento=http_access status=ok durationMs=3 httpStatus=200,http_access,3,220a0ebe-3376-4ce4-b39f-dd2eccf7a149,,,,,,,,3,,,,,200,,,,,,,,,,,,,,,,,,,web,ok,GET,200,/,INFO,1788806367000000000,2d76564c787e4ae996b6fef4a300a4d1
evento=http_access status=ok durationMs=7 httpStatus=200,http_access,7,2ec0da7c-2cf4-4801-bab3-883d7a2e0c50,,,,,,,,7,,,,,200,,,,,,,,,,,,,,,,,,,web,ok,GET,200,/protocolos/dns,INFO,1788806364000000000,b467a540569945d78711777555aa9791
evento=aprofundamento_view status=ok ataques=6 conceitos=6 mitigacoes=6 protocolo=dns,aprofundamento_view,,0d7b7bcd-1619-44f3-9952-2b94b73d7ec3,6,,,,,6,,,,,,,,,,,6,,,,,dns,,,,,,,,,,protocolos,ok,GET,,/protocolos/dns,INFO,1788806364000000000,b467a540569945d78711777555aa9791
evento=http_access status=ok durationMs=9 httpStatus=200,http_access,9,48921357-32ba-42a5-a82e-a39ed9fd39f1,,,,,,,,9,,,,,200,,,,,,,,,,,,,,,,,,,web,ok,GET,200,/protocolos/tcp,INFO,1788806364000000000,f2bae0357ca74744aca24468171684f0
evento=aprofundamento_view status=ok ataques=5 conceitos=6 protocolo=tcp,aprofundamento_view,,b3cd15df-df55-41c1-897d-96183e834113,5,,,,,6,,,,,,,,,,,,,,,,tcp,,,,,,,,,,protocolos,ok,GET,,/protocolos/tcp,INFO,1788806364000000000,f2bae0357ca74744aca24468171684f0
evento=http_access status=ok durationMs=9 httpStatus=200,http_access,9,27a8beb2-f644-4ed3-b485-2cb185e1c15e,,,,,,,,9,,,,,200,,,,,,,,,,,,,,,,,,,web,ok,GET,200,/protocolos/tcp,INFO,1788806363000000000,2f93130a4add438e96065fc960027125
evento=aprofundamento_view status=ok ataques=5 conceitos=6 protocolo=tcp,aprofundamento_view,,9563bd57-52b4-4617-ad05-c0828135d086,5,,,,,6,,,,,,,,,,,,,,,,tcp,,,,,,,,,,protocolos,ok,GET,,/protocolos/tcp,INFO,1788806363000000000,2f93130a4add438e96065fc960027125
evento=http_access status=ok durationMs=12 httpStatus=200,http_access,12,1c79b08d-abc3-4f20-85d4-1412e91624f1,,,,,,,,12,,,,,200,,,,,,,,,,,,,,,,,,,web,ok,GET,200,/protocolos/tcp,INFO,1788806363000000000,935245d2268d4b04b1df5fdba0b24010
evento=aprofundamento_view status=ok ataques=5 conceitos=6 protocolo=tcp,aprofundamento_view,,f568eb7c-cf1e-4a08-a433-9693277bb585,5,,,,,6,,,,,,,,,,,,,,,,tcp,,,,,,,,,,protocolos,ok,GET,,/protocolos/tcp,INFO,1788806363000000000,935245d2268d4b04b1df5fdba0b24010
evento=http_access status=ok durationMs=9 httpStatus=200,http_access,9,faefaeac-ddc2-46b5-b69f-44175b005c10,,,,,,,,9,,,,,200,,,,,,,,,,,,,,,,,,,web,ok,GET,200,/protocolos/handshake,INFO,1788806363000000000,91a27d3ab65d47bb8d6c83aca1077799
evento=aprofundamento_view status=ok ataques=4 conceitos=6 protocolo=handshake,aprofundamento_view,,c67a73e3-06f8-4d54-80c3-6df4a003ea81,4,,,,,6,,,,,,,,,,,,,,,,handshake,,,,,,,,,,protocolos,ok,GET,,/protocolos/handshake,INFO,1788806363000000000,91a27d3ab65d47bb8d6c83aca1077799
evento=http_access status=ok durationMs=13 httpStatus=200,http_access,13,451a692f-d6a2-4872-8b11-31fd244dbbed,,,,,,,,13,,,,,200,,,,,,,,,,,,,,,,,,,web,ok,GET,200,/protocolos/ipv6,INFO,1788806363000000000,48ccffa7e0a0468aa7d74150b0346bcc
evento=aprofundamento_view status=ok ataques=5 conceitos=6 protocolo=ipv6,aprofundamento_view,,9e971873-0bae-41a9-8385-ea58dedfec0a,5,,,,,6,,,,,,,,,,,,,,,,ipv6,,,,,,,,,,protocolos,ok,GET,,/protocolos/ipv6,INFO,1788806363000000000,48ccffa7e0a0468aa7d74150b0346bcc
evento=http_access status=ok durationMs=11 httpStatus=200,http_access,11,eed643ec-3d0e-403c-a511-1614087ce5b2,,,,,,,,11,,,,,200,,,,,,,,,,,,,,,,,,,web,ok,GET,200,/protocolos/dns/,INFO,1788806363000000000,dd04b4e8864c4c02a14971d32b2c892c
evento=aprofundamento_view status=ok ataques=6 conceitos=6 mitigacoes=6 protocolo=dns,aprofundamento_view,,d452546c-2b96-47db-a4bd-d5c835c5d7ae,6,,,,,6,,,,,,,,,,,6,,,,,dns,,,,,,,,,,protocolos,ok,GET,,/protocolos/dns/,INFO,1788806363000000000,dd04b4e8864c4c02a14971d32b2c892c
evento=http_access status=ok durationMs=41 httpStatus=200,http_access,41,5c1da549-b9be-4dee-9fcd-dcd52b2b7b33,,,,,,,,41,,,,,200,,,,,,,,,,,,,,,,,,,web,ok,GET,200,/protocolos/tcp,INFO,1788806363000000000,1dda279f001043049e2890f7bbfe37ea
evento=aprofundamento_view status=ok ataques=5 conceitos=6 protocolo=tcp,aprofundamento_view,,c31f85c4-eb44-4f05-867e-6c062bb2754d,5,,,,,6,,,,,,,,,,,,,,,,tcp,,,,,,,,,,protocolos,ok,GET,,/protocolos/tcp,INFO,1788806363000000000,1dda279f001043049e2890f7bbfe37ea
evento=http_access status=ok durationMs=124 httpStatus=200,http_access,124,340b6a54-c01f-413c-b283-d3a660295632,,,,,,,,124,,,,,200,,,,,,,,,,,,,,,,,,,web,ok,GET,200,/protocolos,INFO,1788806363000000000,435c64a03c5b4423bfee8ce5ade71fcb
evento=catalog_load status=ok total=47,catalog_load,,5218e47f-9bb0-4508-b20c-f75774f22270,,,,,,,,,,,,,,,,,,,,,,,,,,,,,47,,,protocolos,ok,GET,,/protocolos,INFO,1788806363000000000,435c64a03c5b4423bfee8ce5ade71fcb
evento=catalog_load status=ok total=47,catalog_load,,cf3edc0c-793d-4555-a0fc-446f22f7e660,,,,,,,,,,,,,,,,,,,,,,,,,,,,,47,,,protocolos,ok,GET,,/protocolos,INFO,1788806363000000000,435c64a03c5b4423bfee8ce5ade71fcb
evento=app_start status=ok status=ok,app_start,,32bef087-a9fa-43f9-b94c-954c6a397380,,,,,,,,,,,,,,,,,,,,,,,,,ok,,,,,,,sistema,ok,,,,INFO,1788806339000000000,
evento=http_access status=ok,http_access,8,9ee2060c-5cd0-4f86-9690-bdf0b737dd05,,,,,,,,,,,,,,,,,,,,,,,,,,,,,,,,web,ok,GET,200,/,INFO,1788804421000000000,4683085a33e7411b9ae5b41e8787da1e
evento=http_access status=ok,http_access,48,eeaeb8d0-249d-4054-9742-89bf8107fd80,,,,,,,,,,,,,,,,,,,,,,,,,,,,,,,,web,ok,GET,200,/manifest.webmanifest,INFO,1788804410000000000,4229e22deb044f4fa9b9e7ccbd2a8ef5
evento=http_access status=ok,http_access,203,1fa86a97-75a2-4c4d-95c0-97cdb4b79130,,,,,,,,,,,,,,,,,,,,,,,,,,,,,,,,web,ok,GET,200,/,INFO,1788804409000000000,a110a2542e2844a28ea2d08a3e2e2845
evento=http_access status=ok,http_access,41,ad78be28-c9d7-4e18-a006-217328214533,,,,,,,,,,,,,,,,,,,,,,,,,,,,,,,,web,ok,GET,200,/manifest.webmanifest,INFO,1788782754000000000,b0b4e2d61d8e416b99f571ff8dbd60e6
evento=http_access status=ok,http_access,210,a02b7fc6-cf12-4d6e-a2c0-b604dbeccbe9,,,,,,,,,,,,,,,,,,,,,,,,,,,,,,,,web,ok,GET,200,/,INFO,1788782752000000000,17f304cfbda742edbc83705c285daf7e
evento=http_access status=ok,http_access,119,f9856a92-bfe4-47c0-a1e1-cd24a9d2345f,,,,,,,,,,,,,,,,,,,,,,,,,,,,,,,,web,ok,GET,200,/,INFO,1788732218000000000,28a8ab09c2d645b89200cfdb9ffeef82
evento=http_access status=ok,http_access,1,a3b32887-c457-46f3-bdd5-304a81156f37,,,,,,,,,,,,,,,,,,,,,,,,,,,,,,,,web,ok,GET,200,/,INFO,1788682186000000000,024c372ec4284e9f96de47613c7e049f
evento=http_access status=ok,http_access,151,cb051264-d585-4585-8c3d-42fa299b4a38,,,,,,,,,,,,,,,,,,,,,,,,,,,,,,,,web,ok,GET,200,/,INFO,1788681360000000000,0be7dd12f5ad4d23ae3fd9c98eb637ab
evento=http_access status=ok,http_access,53,f952bbc5-39ac-4832-8942-7ffaaf97ad58,,,,,,,,,,,,,,,,,,,,,,,,,,,,,,,,web,ok,GET,200,/manifest.webmanifest,INFO,1788593834000000000,c0b3b5aebebc47ca87bd4e1099460be1
evento=http_access status=ok,http_access,5,e7ab366c-0b89-4cd5-ac68-692ce47b5733,,,,,,,,,,,,,,,,,,,,,,,,,,,,,,,,web,ok,GET,200,/,INFO,1788593832000000000,b5b52f4153c64dab8d7eb1b128525365
evento=http_access status=ok,http_access,24,0b83738f-4f65-4ade-8ff8-eb46fbe1f389,,,,,,,,,,,,,,,,,,,,,,,,,,,,,,,,web,ok,GET,200,/,INFO,1788593439000000000,a7c9b6c31a41418a8eafd2d98b1887cf
evento=http_access status=ok,http_access,95,fa1e09a0-e44f-4cde-84cc-a066f2dada12,,,,,,,,,,,,,,,,,,,,,,,,,,,,,,,,web,ok,GET,200,/,INFO,1788593138000000000,97ebdf37e9d24da7b23be2537923599b
evento=http_access status=ok,http_access,141,bc5699ee-6396-4fa6-9721-9fc6ea3eda3a,,,,,,,,,,,,,,,,,,,,,,,,,,,,,,,,web,ok,GET,200,/,INFO,1788593138000000000,3e4c1f05be644b6787d11a5edab678fa
evento=http_access status=ok,http_access,197,b84d3853-31be-427d-8668-394e6994858a,,,,,,,,,,,,,,,,,,,,,,,,,,,,,,,,web,ok,GET,200,/analise,INFO,1788529153000000000,5fa2f5bd1f4e4e1eab112f8c080b47b3
evento=http_access status=ok,http_access,636,0777b0ed-a465-4ca1-84db-e01d01e375da,,,,,,,,,,,,,,,,,,,,,,,,,,,,,,,,web,ok,GET,200,/portas,INFO,1788489462000000000,bbdc4dc3423d487bbd1cee65a6d2ba83
evento=catalog_load status=ok total=30,catalog_load,,e25a7081-1d22-40f0-af28-4adffc3b621e,,,,,,,,,,,,,,,,,,,,,,,,,,,,,30,,,portas,ok,GET,,/portas,INFO,1788489461000000000,bbdc4dc3423d487bbd1cee65a6d2ba83
evento=http_access status=ok,http_access,218,fe1cc97c-e897-4294-a75a-a1dd94e8ca0d,,,,,,,,,,,,,,,,,,,,,,,,,,,,,,,,web,ok,GET,200,/,INFO,1788472204000000000,7b4d4f8b8ab942c388e038e0dedae19f
evento=http_access status=ok,http_access,2,3190994a-34dc-44a8-b017-c7856a57119d,,,,,,,,,,,,,,,,,,,,,,,,,,,,,,,,web,ok,GET,200,/,INFO,1788464244000000000,ccaa4c3e60e3447da6151ea7c25860fc
evento=http_access status=ok,http_access,1,4c98b6ae-ae37-4908-8ad3-71f7c906b168,,,,,,,,,,,,,,,,,,,,,,,,,,,,,,,,web,ok,GET,200,/,INFO,1788462821000000000,9b07a72e873b4f9fa5e4f30e9ff88a43
evento=http_access status=ok,http_access,1,889bb30c-286b-4bca-b3f2-34944803b64f,,,,,,,,,,,,,,,,,,,,,,,,,,,,,,,,web,ok,GET,200,/,INFO,1788462624000000000,425932b4769448ef8fcc22c707d308d5
evento=http_access status=ok,http_access,20,4930786a-38eb-47a8-89b9-fc94b3910a5f,,,,,,,,,,,,,,,,,,,,,,,,,,,,,,,,web,ok,GET,200,/,INFO,1788462624000000000,3c6e5d213b7f45e69a41429f2fa36a7e
evento=http_access status=ok,http_access,117,934f0bbf-fcd2-41d7-aabe-f8afe7789256,,,,,,,,,,,,,,,,,,,,,,,,,,,,,,,,web,ok,GET,200,/seguranca,INFO,1788462441000000000,f5b7571652dc4a0ca5005ea1efe50f58
evento=http_access status=ok,http_access,1,a2628ced-9236-454d-9cc9-bb1d52ac52c3,,,,,,,,,,,,,,,,,,,,,,,,,,,,,,,,web,ok,GET,200,/,INFO,1788447667000000000,9ead9665ce094e50b30cbf9de801f9dc
evento=http_access status=ok,http_access,2,79a5ad06-1789-416d-9403-7bc4d5d291ee,,,,,,,,,,,,,,,,,,,,,,,,,,,,,,,,web,ok,GET,200,/,INFO,1788447353000000000,3696db5d20544346bf691f29ecf8ecee
evento=http_access status=ok,http_access,32,68274c0f-da1c-4142-9172-a7d8e4d1e215,,,,,,,,,,,,,,,,,,,,,,,,,,,,,,,,web,ok,GET,200,/,INFO,1788446183000000000,1deac8dec6b44a2683b294c099cb6320
evento=http_access status=ok,http_access,2,5391e14f-5f04-4014-ae57-fb6f6e21d77f,,,,,,,,,,,,,,,,,,,,,,,,,,,,,,,,web,ok,GET,200,/,INFO,1788445231000000000,44b7af29b1794b13a2e332921b6524d1
evento=http_access status=ok,http_access,134,501425d7-3b37-4cab-b3e1-bcb68ba94b82,,,,,,,,,,,,,,,,,,,,,,,,,,,,,,,,web,ok,GET,200,/,INFO,1788444905000000000,a158054a27c64203a647fc91fce1f020
evento=http_access status=ok,http_access,24,8c721ded-040e-4eea-a41f-d13170cbf399,,,,,,,,,,,,,,,,,,,,,,,,,,,,,,,,web,ok,GET,200,/calculadora,INFO,1788441826000000000,205a4e3880174116bf14e8958fc276a4
evento=http_access status=ok,http_access,2,cf986864-8126-4ad4-8036-59cda935e4fc,,,,,,,,,,,,,,,,,,,,,,,,,,,,,,,,web,ok,GET,200,/,INFO,1788441400000000000,793666d09acf4dafa60536c50443dac7
evento=http_access status=ok,http_access,9,0e102b36-9dfb-4c37-b0b2-8e467ca001cb,,,,,,,,,,,,,,,,,,,,,,,,,,,,,,,,web,ok,GET,200,/,INFO,1788441316000000000,229608a432b948f29b1a3c5a2099bbcc
evento=http_access status=ok,http_access,100,8c8ce41f-aaad-4613-9e4c-b4f7e053b3b3,,,,,,,,,,,,,,,,,,,,,,,,,,,,,,,,web,ok,GET,200,/trafego,INFO,1788440698000000000,fa54ab6005b94fd898ed2de27b10de11
evento=http_access status=ok,http_access,3,fb88b358-1058-4593-810a-42e033f0c0c6,,,,,,,,,,,,,,,,,,,,,,,,,,,,,,,,web,ok,GET,200,/,INFO,1788438400000000000,608a46bb906b4bb7a43cbec3b11a4bf8
evento=http_access status=ok,http_access,4,06b7476b-d2f6-438e-82b4-d69f98be4967,,,,,,,,,,,,,,,,,,,,,,,,,,,,,,,,web,ok,GET,200,/,INFO,1788438301000000000,218ad1eb82f34660a817787c6fba3a79
evento=http_access status=ok,http_access,0,5f991708-837f-4839-b97a-fe99e6e75a5f,,,,,,,,,,,,,,,,,,,,,,,,,,,,,,,,web,ok,GET,200,/,INFO,1788438154000000000,b6b2c651676d49a7aa9a6e38a3cb9200
evento=http_access status=ok,http_access,47,531564e0-ffa1-4be8-866f-aaffed1d4f1b,,,,,,,,,,,,,,,,,,,,,,,,,,,,,,,,web,ok,GET,200,/analise,INFO,1788437686000000000,62d3796bd2634270822cf23f06a66fc4
evento=http_access status=ok,http_access,99,d19827cc-5ce8-46e0-b03e-8e1e7c63994a,,,,,,,,,,,,,,,,,,,,,,,,,,,,,,,,web,ok,GET,200,/,INFO,1788437020000000000,a70a69b975c448259dd0618bebb0dc90
evento=http_access status=ok,http_access,113,6b3e3cb5-3282-4a89-96d8-1723f58a8be0,,,,,,,,,,,,,,,,,,,,,,,,,,,,,,,,web,ok,GET,200,/,INFO,1788427316000000000,28f5ab073f534785bd5f01d6c96e0b69
evento=http_access status=ok,http_access,74,c9319eb0-1de2-46d2-afab-f459fbdfc1d9,,,,,,,,,,,,,,,,,,,,,,,,,,,,,,,,web,ok,GET,200,/login,INFO,1788421585000000000,a99195165c654277b2427aab30cadda2
evento=http_access status=ok,http_access,33,ecffb39d-bd9d-4aba-90b5-0bd1a1d7bdcd,,,,,,,,,,,,,,,,,,,,,,,,,,,,,,,,web,ok,GET,303,/telemetria,INFO,1788421584000000000,743d85057d9e4081bf7c9b2bc71659d2
evento=http_access status=ok,http_access,118,60ae7f2c-6348-4170-826a-46ee0e1c0b32,,,,,,,,,,,,,,,,,,,,,,,,,,,,,,,,web,ok,GET,200,/documentacao,INFO,1788414345000000000,609fa7b2ae1546d6b8e82c070d61f16f
evento=http_access status=ok,http_access,91,a67f97f6-9843-47bc-bef3-0f0d6e360807,,,,,,,,,,,,,,,,,,,,,,,,,,,,,,,,web,ok,GET,200,/diagnostico,INFO,1788412318000000000,0129e2d34489455db1eae0591d4b83b1
evento=http_access status=ok,http_access,46,b9cc528e-6326-468b-b520-3d7a008d5fbb,,,,,,,,,,,,,,,,,,,,,,,,,,,,,,,,web,ok,GET,200,/analise,INFO,1788396978000000000,fdf5c901d6c249369dfde48c50ec0b5c
evento=http_access status=ok,http_access,162,50b4645b-f868-4b79-ac65-baef5f2d704a,,,,,,,,,,,,,,,,,,,,,,,,,,,,,,,,web,ok,GET,200,/protocolos,INFO,1788395528000000000,3ecde897436d4a44afe30b88eb1c0244
evento=catalog_load status=ok total=47,catalog_load,,d7710401-a4c5-42c4-a0f1-5408ddffc97c,,,,,,,,,,,,,,,,,,,,,,,,,,,,,47,,,protocolos,ok,GET,,/protocolos,INFO,1788395528000000000,3ecde897436d4a44afe30b88eb1c0244
evento=catalog_load status=ok total=47,catalog_load,,2a612f00-55da-4091-a1cd-5b1cfc0afd0e,,,,,,,,,,,,,,,,,,,,,,,,,,,,,47,,,protocolos,ok,GET,,/protocolos,INFO,1788395528000000000,3ecde897436d4a44afe30b88eb1c0244
evento=http_access status=ok,http_access,1,9365affe-5cbc-47c6-be05-4499d60aa62f,,,,,,,,,,,,,,,,,,,,,,,,,,,,,,,,web,ok,GET,200,/,INFO,1788393734000000000,80bc91cbe95b44ec85248806a10f9932
evento=http_access status=ok,http_access,55,0d54d3c0-6dd6-4f76-9d08-88a181b85f9e,,,,,,,,,,,,,,,,,,,,,,,,,,,,,,,,web,ok,GET,200,/,INFO,1788393709000000000,35f2c2040fb04b88a868e8282ef0aadd
evento=http_access status=ok,http_access,47,5d1d8918-a4dd-414d-a110-3379038f8728,,,,,,,,,,,,,,,,,,,,,,,,,,,,,,,,web,ok,GET,200,/,INFO,1788388448000000000,afef82820e604b89b6e65d26becb39d2
evento=http_access status=ok,http_access,1,920207da-baa1-4191-b50b-9b2a8473cee3,,,,,,,,,,,,,,,,,,,,,,,,,,,,,,,,web,ok,GET,200,/manifest.webmanifest,INFO,1788385429000000000,bcefd51ea69441ecbeec121b44682a46
evento=http_access status=ok,http_access,1,444c2caf-9bdb-4ecc-a7cc-d6e57c98cd36,,,,,,,,,,,,,,,,,,,,,,,,,,,,,,,,web,ok,GET,200,/,INFO,1788385429000000000,f1129d742c574eabb203e8ee3bd16d3a
evento=http_access status=ok,http_access,1,45d031ca-12ea-48d7-91e5-6ed4f474ee45,,,,,,,,,,,,,,,,,,,,,,,,,,,,,,,,web,ok,GET,200,/manifest.webmanifest,INFO,1788385429000000000,fdcf6c41e14e4e039cd31f44ebb9d442
evento=http_access status=ok,http_access,2,701bc89c-78d4-4196-8916-efcfa5bf139d,,,,,,,,,,,,,,,,,,,,,,,,,,,,,,,,web,ok,GET,200,/seguranca,INFO,1788385428000000000,3e730719504f4343b88f7f36bbb97034
evento=http_access status=ok,http_access,1,fae213f8-3d9f-43f1-8d85-b5857eda0599,,,,,,,,,,,,,,,,,,,,,,,,,,,,,,,,web,ok,GET,200,/manifest.webmanifest,INFO,1788385428000000000,aebcb0bf961e416199303eb63fa688fc
evento=http_access status=ok,http_access,1,349b7598-5856-4e67-947f-88e83738f945,,,,,,,,,,,,,,,,,,,,,,,,,,,,,,,,web,ok,GET,200,/diagnostico,INFO,1788385428000000000,40cdd9b0736640fc926ee060ecfb32ed
evento=http_access status=ok,http_access,2,57a14077-ea2c-429f-b414-66024d44055c,,,,,,,,,,,,,,,,,,,,,,,,,,,,,,,,web,ok,GET,200,/simuladores/api/handshake,INFO,1788385427000000000,594e0544767149a4aa8b30826e1522ef
evento=handshake status=ok dados=true encerramento=true passos=9,handshake,,e5e4b5c6-6093-407f-aaa9-d55cde3ec865,,,,,,,true,,,true,,,,,,,,,9,,,,,,,,,,,,,simuladores,ok,GET,,/simuladores/api/handshake,INFO,1788385427000000000,594e0544767149a4aa8b30826e1522ef
evento=http_access status=ok,http_access,1,4d73d612-6bd7-4c36-841c-3ac166cbac5e,,,,,,,,,,,,,,,,,,,,,,,,,,,,,,,,web,ok,GET,200,/manifest.webmanifest,INFO,1788385427000000000,09ce7fbb06214eae87eb485b41c86b70
evento=http_access status=ok,http_access,3,1dcc641c-5f0d-4ae7-b101-58be4cc5086d,,,,,,,,,,,,,,,,,,,,,,,,,,,,,,,,web,ok,GET,200,/trafego,INFO,1788385427000000000,05541ca6c80240d18b0dbf4bf414244d
evento=http_access status=ok,http_access,1,f9c9b5e0-f5f0-4d99-bfb0-d8a6b1125455,,,,,,,,,,,,,,,,,,,,,,,,,,,,,,,,web,ok,GET,200,/manifest.webmanifest,INFO,1788385333000000000,ab3d7578ea46482988cac33b87e75589
evento=http_access status=ok,http_access,9,ce915a8e-551d-4144-8e2a-fd9e6f4c4022,,,,,,,,,,,,,,,,,,,,,,,,,,,,,,,,web,ok,GET,200,/telemetria,INFO,1788385333000000000,afddd9795732440ca0ffb86c6dbcf2c6
evento=http_access status=ok,http_access,1442,b152c313-b6bf-4a66-ba75-a9de71aec8c6,,,,,,,,,,,,,,,,,,,,,,,,,,,,,,,,web,ok,GET,303,/login/github/callback,INFO,1788385333000000000,979d0f5137744021a31400d366447fc2
evento=login_github status=ok login=carmipa resultado=ok,login_github,,36949e0a-f8c6-4776-9f10-3a102166b424,,,,,,,,,,,,,,,carmipa,,,,,,,,ok,,,,,,,,,seguranca,ok,GET,,/login/github/callback,INFO,1788385333000000000,979d0f5137744021a31400d366447fc2
evento=http_access status=ok,http_access,5,be6776d6-4bde-4655-8ba2-2d60ae6f4bb2,,,,,,,,,,,,,,,,,,,,,,,,,,,,,,,,web,ok,GET,303,/login/github,INFO,1788385330000000000,28c1f8638606443e8abd2a5836a5ea88
evento=http_access status=ok,http_access,1,03fc2b48-01d5-4799-a582-159dbf3a2c2f,,,,,,,,,,,,,,,,,,,,,,,,,,,,,,,,web,ok,GET,200,/login,INFO,1788385329000000000,c40a5a0c46fe4243816f7b665c60600d
evento=http_access status=ok,http_access,1,8a53b57a-93a7-4e51-9b5e-5f88b8fa4792,,,,,,,,,,,,,,,,,,,,,,,,,,,,,,,,web,ok,GET,303,/telemetria,INFO,1788385329000000000,dfe89b9944d74a10bb201f37b5359ffe
evento=http_access status=ok,http_access,6,6bf7f8d2-3dc4-4719-8c87-a1b1c479ff9d,,,,,,,,,,,,,,,,,,,,,,,,,,,,,,,,web,ok,GET,200,/login,INFO,1788385325000000000,947aef9a95764974b9b2158911b28b6c
evento=http_access status=ok,http_access,0,34a2f1d0-e99f-47a5-9040-6e940cb564c7,,,,,,,,,,,,,,,,,,,,,,,,,,,,,,,,web,ok,GET,303,/telemetria,INFO,1788385324000000000,4647d0e0ef7b408a84ab424a9caef4ef
evento=http_access status=ok,http_access,3,2fe7efc8-035a-4669-8545-535ab1cdd5a1,,,,,,,,,,,,,,,,,,,,,,,,,,,,,,,,web,ok,GET,200,/manifest.webmanifest,INFO,1788385323000000000,c1ce6e7907d44c329c751f8af9a3f47f
evento=http_access status=ok,http_access,8,fb3ead42-6dd1-4a51-a64c-e6555c53e07c,,,,,,,,,,,,,,,,,,,,,,,,,,,,,,,,web,ok,GET,200,/seguranca,INFO,1788385323000000000,4deeb367620e413abff7aa0cb28c5dac
evento=http_access status=ok,http_access,1,07b2c16f-48d1-4547-8ffd-bd5dce2c20ff,,,,,,,,,,,,,,,,,,,,,,,,,,,,,,,,web,ok,GET,200,/manifest.webmanifest,INFO,1788385321000000000,8bb5d48db7c7411db729844a78d3002d
evento=http_access status=ok,http_access,4,c0eaa022-c21d-437e-82dc-b1ebecd69c26,,,,,,,,,,,,,,,,,,,,,,,,,,,,,,,,web,ok,GET,200,/diagnostico,INFO,1788385321000000000,d883906e11ee4c759cadccd10fe98204
evento=http_access status=ok,http_access,19,d82d1e80-9bfc-49c2-a94c-7cd990febf65,,,,,,,,,,,,,,,,,,,,,,,,,,,,,,,,web,ok,GET,200,/simuladores/api/handshake,INFO,1788385320000000000,5d86a1392fbc429ba9e270af68e03e85
evento=handshake status=ok dados=true encerramento=true passos=9,handshake,,23d29f57-93f7-456f-8146-3762c686ea00,,,,,,,true,,,true,,,,,,,,,9,,,,,,,,,,,,,simuladores,ok,GET,,/simuladores/api/handshake,INFO,1788385320000000000,5d86a1392fbc429ba9e270af68e03e85
evento=http_access status=ok,http_access,0,c09c1825-ce05-41b4-a6fb-4788375822de,,,,,,,,,,,,,,,,,,,,,,,,,,,,,,,,web,ok,GET,200,/manifest.webmanifest,INFO,1788385320000000000,aaeaa5bbb84e46c1a55e8a78bafb03ab
evento=http_access status=ok,http_access,14,75e6f081-8c0a-4d42-b012-eb07dfc372e8,,,,,,,,,,,,,,,,,,,,,,,,,,,,,,,,web,ok,GET,200,/trafego,INFO,1788385320000000000,1656f89a87d6444587592acb186e48a5
evento=http_access status=ok,http_access,1,1af6364f-0453-49b3-a287-58b97782619e,,,,,,,,,,,,,,,,,,,,,,,,,,,,,,,,web,ok,GET,200,/manifest.webmanifest,INFO,1788385319000000000,5fb65971b0ae4c86b669e9e444b627bd
evento=http_access status=ok,http_access,2,7ea47218-d00e-4df5-991e-884ba36c9a46,,,,,,,,,,,,,,,,,,,,,,,,,,,,,,,,web,ok,GET,200,/localizacao,INFO,1788385319000000000,7dcb564013fc48f7aab2f462e27af54e
evento=http_access status=ok,http_access,1,56768c63-fa52-4dd4-8d1a-da39810a0032,,,,,,,,,,,,,,,,,,,,,,,,,,,,,,,,web,ok,GET,200,/manifest.webmanifest,INFO,1788385319000000000,8cd6c9d3f83f4dbd8f8091e42d497049
evento=http_access status=ok,http_access,15,eedcb716-f27a-4c4b-90cd-86f7b5aacea1,,,,,,,,,,,,,,,,,,,,,,,,,,,,,,,,web,ok,GET,200,/resolucao-problemas,INFO,1788385319000000000,e88a6306b8f94f37b0beaf1d206b66e0
evento=http_access status=ok,http_access,1,434c7365-f794-45a2-8cb7-218c015fb8a4,,,,,,,,,,,,,,,,,,,,,,,,,,,,,,,,web,ok,GET,200,/manifest.webmanifest,INFO,1788385318000000000,69f6ad4bb53d431b80d132cf73ceaa35
evento=http_access status=ok,http_access,48,154d71d6-5c31-4564-8495-02fc0566eae9,,,,,,,,,,,,,,,,,,,,,,,,,,,,,,,,web,ok,GET,200,/protocolos,INFO,1788385318000000000,9a7a3109d9054c63a7e1c3a8d9381b0d
evento=catalog_load status=ok total=47,catalog_load,,5e31d961-6ce9-4470-89cf-dd04c54c15d0,,,,,,,,,,,,,,,,,,,,,,,,,,,,,47,,,protocolos,ok,GET,,/protocolos,INFO,1788385318000000000,9a7a3109d9054c63a7e1c3a8d9381b0d
evento=catalog_load status=ok total=47,catalog_load,,28a1b595-ec8f-434a-aee0-f8619e2ec6dc,,,,,,,,,,,,,,,,,,,,,,,,,,,,,47,,,protocolos,ok,GET,,/protocolos,INFO,1788385318000000000,9a7a3109d9054c63a7e1c3a8d9381b0d
evento=http_access status=ok,http_access,1,00d5660e-ee49-443d-bf08-823ee735479a,,,,,,,,,,,,,,,,,,,,,,,,,,,,,,,,web,ok,GET,200,/manifest.webmanifest,INFO,1788385317000000000,ac82632cba0f4d33ac7dbf8c6f251a76
evento=http_access status=ok,http_access,75,f80eaf70-c995-436a-a192-69671f69fb8a,,,,,,,,,,,,,,,,,,,,,,,,,,,,,,,,web,ok,GET,200,/portas,INFO,1788385317000000000,19805ff38b95408091ebee6c7d88047d
evento=catalog_load status=ok total=30,catalog_load,,11f8e377-025f-4799-95f9-4dbbe654e766,,,,,,,,,,,,,,,,,,,,,,,,,,,,,30,,,portas,ok,GET,,/portas,INFO,1788385317000000000,19805ff38b95408091ebee6c7d88047d
evento=http_access status=ok,http_access,1,768a1267-8c30-4431-a5b5-a1d9ac4d700c,,,,,,,,,,,,,,,,,,,,,,,,,,,,,,,,web,ok,GET,200,/manifest.webmanifest,INFO,1788385316000000000,9a6a1313d77145e7b1e75939b15eefb9
evento=http_access status=ok,http_access,5,30ada8eb-4e47-452b-a471-955f82b05092,,,,,,,,,,,,,,,,,,,,,,,,,,,,,,,,web,ok,GET,200,/calculadora,INFO,1788385316000000000,b9ff5330846748ee9a86ede83923849f
evento=http_access status=ok,http_access,1,81b8b9b7-63fa-4a29-b270-c3fd69b49ac1,,,,,,,,,,,,,,,,,,,,,,,,,,,,,,,,web,ok,GET,200,/mascara-referencia,INFO,1788385315000000000,b9b913764d0d46b0a50f060b5cb40d1e
evento=http_access status=ok,http_access,6,1e397916-bda1-4730-a372-3b915e5302df,,,,,,,,,,,,,,,,,,,,,,,,,,,,,,,,web,ok,GET,200,/mascara-referencia,INFO,1788385315000000000,9b29a2e51c774bf89ceebfb52af42411
evento=http_access status=ok,http_access,1,9600a092-7f8c-4dc4-9b35-bb8b52090285,,,,,,,,,,,,,,,,,,,,,,,,,,,,,,,,web,ok,GET,200,/manifest.webmanifest,INFO,1788385315000000000,0f91b98cf7344d44b74dcaac45c761bb
evento=http_access status=ok,http_access,5,f41778ee-0274-46f1-b7d7-f270b2dfd6ad,,,,,,,,,,,,,,,,,,,,,,,,,,,,,,,,web,ok,GET,200,/analise,INFO,1788385315000000000,ba1ed5df5241436b9bede009b6f420d7
evento=http_access status=ok,http_access,1,742005db-6c08-47fb-a084-b4770acf0ec2,,,,,,,,,,,,,,,,,,,,,,,,,,,,,,,,web,ok,GET,200,/manifest.webmanifest,INFO,1788385311000000000,5ee79b1a3d874e828a37b73c5b86ae1d
evento=http_access status=ok,http_access,2,e45af7cb-b252-4f35-8577-47e8497e891a,,,,,,,,,,,,,,,,,,,,,,,,,,,,,,,,web,ok,GET,200,/,INFO,1788385310000000000,acd8135b863a47df81fc92c32b3b97bb
evento=http_access status=ok,http_access,0,57eceb84-79b0-46b0-99af-c38125ea6cfe,,,,,,,,,,,,,,,,,,,,,,,,,,,,,,,,web,ok,GET,303,/telemetria,INFO,1788385129000000000,2d171bfe92f84aac9f9c7d61bd9f5e04
evento=http_access status=ok,http_access,1,9e260f4e-ecae-4162-9151-c0825589cc26,,,,,,,,,,,,,,,,,,,,,,,,,,,,,,,,web,ok,GET,200,/sitemap.xml,INFO,1788385129000000000,1e18d4582384436fb96ac8da1324cdf0
evento=http_access status=ok,http_access,1,04985e12-b53e-4a97-a08b-dab85a94c682,,,,,,,,,,,,,,,,,,,,,,,,,,,,,,,,web,ok,GET,200,/,INFO,1788385129000000000,1cbbd667248d4a9b8efd3b5b41aea800
evento=http_access status=ok,http_access,1,06d7a459-7bf4-416c-b6fb-ce868577f3b7,,,,,,,,,,,,,,,,,,,,,,,,,,,,,,,,web,ok,GET,200,/sitemap.xml,INFO,1788384964000000000,704d96df0c154120b16a855958ca8d89
evento=http_access status=ok,http_access,7,e7898d2b-34be-4896-893f-8093b6530782,,,,,,,,,,,,,,,,,,,,,,,,,,,,,,,,web,ok,GET,200,/analise,INFO,1788384963000000000,b0b9ec0d678640a38220f8ec08de984e
evento=http_access status=ok,http_access,2,a9658510-a44a-4c71-9ef6-5be6e74f1581,,,,,,,,,,,,,,,,,,,,,,,,,,,,,,,,web,ok,GET,200,/,INFO,1788384963000000000,647f8bb7dacb4e5abc7a7e606a3f3325
evento=http_access status=ok,http_access,3,8c39cf34-ed72-4327-9219-44a1f169fc06,,,,,,,,,,,,,,,,,,,,,,,,,,,,,,,,web,ok,GET,200,/manifest.webmanifest,INFO,1788384770000000000,cc0bf62763a443c79af3c76028b48c96
evento=http_access status=ok,http_access,3,1255a7e3-fc8b-4b52-95c0-7cfd2acd875a,,,,,,,,,,,,,,,,,,,,,,,,,,,,,,,,web,ok,GET,200,/,INFO,1788384769000000000,f6470197d5514052812fabf97b53c5b6
evento=http_access status=ok,http_access,1,f813f3d5-9a91-4337-b116-7d0b68155581,,,,,,,,,,,,,,,,,,,,,,,,,,,,,,,,web,ok,GET,200,/sitemap.xml,INFO,1788384738000000000,7f33e14aec8944b0bd217fd1126f3299
evento=http_access status=ok,http_access,1,6f77be70-79f0-43e8-86d6-240de62d7df2,,,,,,,,,,,,,,,,,,,,,,,,,,,,,,,,web,ok,GET,303,/telemetria,INFO,1788384738000000000,287b1aebb8304828b773db82fe950e6a
evento=http_access status=ok,http_access,548,90d0ac4f-cce9-4f5a-acfa-0f834d410da2,,,,,,,,,,,,,,,,,,,,,,,,,,,,,,,,web,ok,GET,200,/informacoes,INFO,1788384738000000000,720f1ff8c8a84476840cf25fc67219e3
evento=geo_lookup status=ok ip=visitante-002,geo_lookup,,c29c3c7b-0d85-45dd-bfd0-a3732bb1500e,,,,,,,,,,,,,,visitante-002,,,,,,,,,,,,,,,,,,analiseDidatica,ok,GET,,/informacoes,INFO,1788384737000000000,720f1ff8c8a84476840cf25fc67219e3
evento=http_access status=ok,http_access,2,f5bc48a4-38bf-45c1-8766-3677b4f5e2f6,,,,,,,,,,,,,,,,,,,,,,,,,,,,,,,,web,ok,GET,200,/,INFO,1788384736000000000,4913ff3afc1047bba56108c51345b2e4
evento=http_access status=ok,http_access,1,2b8ef9d0-990b-4718-b101-cba2a4b71a31,,,,,,,,,,,,,,,,,,,,,,,,,,,,,,,,web,ok,GET,200,/,INFO,1788384703000000000,233ff27772c04c25a843ca07ecb383d9
evento=http_access status=ok,http_access,66,99f3a59b-b2c0-41a6-a768-f0cf72562f1c,,,,,,,,,,,,,,,,,,,,,,,,,,,,,,,,web,ok,GET,200,/documentacao,INFO,1788384389000000000,7a4c3ec308874976bb4c8c3b43d71d01
evento=http_access status=ok,http_access,18,c5b297ba-9193-4136-a93b-cadb268a7ed8,,,,,,,,,,,,,,,,,,,,,,,,,,,,,,,,web,ok,GET,200,/analise,INFO,1788384389000000000,00432e2915b3448aaeb2ba6feefe5d71
evento=http_access status=ok,http_access,4,51fd0fc2-580f-40aa-918b-e0bd61513883,,,,,,,,,,,,,,,,,,,,,,,,,,,,,,,,web,ok,GET,200,/,INFO,1788384389000000000,e302a8d7d57047b3b07794ebdbad5eee
evento=http_access status=ok,http_access,2,897d8ccd-e3f0-4db5-a0bb-7b893f949a0e,,,,,,,,,,,,,,,,,,,,,,,,,,,,,,,,web,ok,GET,200,/sitemap.xml,INFO,1788384389000000000,c31442e7adb54f5ca9e1fa6179e170a8
evento=http_access status=ok,http_access,867,d4d788ec-5b56-45fa-b91f-a8d869deef59,,,,,,,,,,,,,,,,,,,,,,,,,,,,,,,,web,ok,GET,200,/informacoes,INFO,1788384388000000000,9b4d476e0c844055b6cc1ff725df4f6d
evento=geo_lookup status=ok ip=visitante-002,geo_lookup,,144825b9-8cdd-4b76-9b15-68fd85613943,,,,,,,,,,,,,,visitante-002,,,,,,,,,,,,,,,,,,analiseDidatica,ok,GET,,/informacoes,INFO,1788384388000000000,9b4d476e0c844055b6cc1ff725df4f6d
evento=http_access status=ok,http_access,3,b960df79-ba2a-4073-acde-c094059b968a,,,,,,,,,,,,,,,,,,,,,,,,,,,,,,,,web,ok,GET,303,/telemetria,INFO,1788384387000000000,40c14fbaae504ba682b9b7d437504854
evento=app_start status=ok,app_start,,d472600a-ca37-4b97-b1e0-1bee10dfe901,,,,,,,,,,,,,,,,,,,,,,,,,,,,,,,,sistema,ok,,,,INFO,1788384374000000000,
evento=http_access status=ok,http_access,28,e170bda9-ba5c-40ef-8b27-81073cab3839,,,,,,,,,,,,,,,,,,,,,,,,,,,,,,,,web,ok,GET,200,/informacoes,INFO,1788383951000000000,94a627797843427eb5edd5059b341b1a
evento=geo_lookup status=ok ip=visitante-002,geo_lookup,,73ad2946-7150-4330-8390-dffde41c55d2,,,,,,,,,,,,,,visitante-002,,,,,,,,,,,,,,,,,,analiseDidatica,ok,GET,,/informacoes,INFO,1788383951000000000,94a627797843427eb5edd5059b341b1a
evento=http_access status=ok,http_access,1,903f38dc-0f7f-4fd0-9091-962cb1d78b1c,,,,,,,,,,,,,,,,,,,,,,,,,,,,,,,,web,ok,GET,200,/,INFO,1788383932000000000,d0472d9893d94c63a0e30a995b92a951
evento=http_access status=ok,http_access,440,8cec01b6-428d-46e3-aaab-a4bbb7db9a8f,,,,,,,,,,,,,,,,,,,,,,,,,,,,,,,,web,ok,GET,200,/informacoes,INFO,1788383932000000000,c53b8813537e4d478427130226967d7e
evento=geo_lookup status=ok ip=visitante-002,geo_lookup,,d38a3d86-c57c-4ea3-bd48-989a277e7df4,,,,,,,,,,,,,,visitante-002,,,,,,,,,,,,,,,,,,analiseDidatica,ok,GET,,/informacoes,INFO,1788383931000000000,c53b8813537e4d478427130226967d7e
evento=http_access status=ok,http_access,1,b9392eda-5738-4865-bc99-dd2cbe3c8676,,,,,,,,,,,,,,,,,,,,,,,,,,,,,,,,web,ok,GET,303,/telemetria,INFO,1788383851000000000,0ecab20f4d804ca896353fc6415c5939
evento=http_access status=ok,http_access,1392,38ba7a1b-3369-4c3e-939f-444961e67fd7,,,,,,,,,,,,,,,,,,,,,,,,,,,,,,,,web,ok,GET,200,/informacoes,INFO,1788383851000000000,9bfe494bda784ea1ba5514e412d8b2b7
evento=geo_lookup status=ok ip=visitante-003,geo_lookup,,e1598a8a-c0c9-41cd-ba3e-51bdd17fe365,,,,,,,,,,,,,,visitante-003,,,,,,,,,,,,,,,,,,analiseDidatica,ok,GET,,/informacoes,INFO,1788383851000000000,9bfe494bda784ea1ba5514e412d8b2b7
evento=http_access status=ok,http_access,217,f1aa0eda-a72f-4adb-bdc4-1a543ff20d6d,,,,,,,,,,,,,,,,,,,,,,,,,,,,,,,,web,ok,GET,200,/login,INFO,1788383311000000000,be4480b4613e4b7b99a5d3abb9242d5e
evento=http_access status=ok,http_access,4,42fa3802-dcd7-44e4-b8a9-a78fece4883b,,,,,,,,,,,,,,,,,,,,,,,,,,,,,,,,web,ok,GET,303,/telemetria,INFO,1788383311000000000,eb614c13803a49958f1b87fc2fa720d3
evento=http_access status=ok,http_access,68,b2f85bf4-fdc3-4fdb-9ff5-8da430dfef5b,,,,,,,,,,,,,,,,,,,,,,,,,,,,,,,,web,ok,GET,200,/,INFO,1788383298000000000,bea9869fa4284c4e8c83d5aa71237736
evento=http_access status=ok,http_access,1,ab851b1f-f667-48d2-b3c5-e3b07b594973,,,,,,,,,,,,,,,,,,,,,,,,,,,,,,,,web,ok,GET,200,/history,INFO,1788373285000000000,e98c5f6130864c409089b79a7ac2d6e8
evento=http_access status=ok,http_access,2,24672768-ce56-4269-9efe-a22f6948f951,,,,,,,,,,,,,,,,,,,,,,,,,,,,,,,,web,ok,GET,200,/admin/login,INFO,1788373285000000000,547b9cf9d8724694ba245b2345565049
evento=http_access status=ok,http_access,3,56c95134-a13a-4f45-ba87-8111189e0a7f,,,,,,,,,,,,,,,,,,,,,,,,,,,,,,,,web,ok,GET,303,/telemetria,INFO,1788373285000000000,af2237e83d834c49b5614fd201405178
evento=http_access status=ok,http_access,2,a31bd4b2-b25c-43cf-9bdb-b30d7c792019,,,,,,,,,,,,,,,,,,,,,,,,,,,,,,,,web,ok,GET,200,/sobre,INFO,1788373279000000000,f8163f383be549bc86b0d02d1e389912
evento=http_access status=ok,http_access,72,57d73312-8fc9-4dc2-a556-9ee15f2ec866,,,,,,,,,,,,,,,,,,,,,,,,,,,,,,,,web,ok,GET,200,/documentacao,INFO,1788373278000000000,d3990f305ef14d35bfa43417787bfbbe
evento=http_access status=ok,http_access,2,8336fa86-4988-4a2c-b798-c4d3eab64485,,,,,,,,,,,,,,,,,,,,,,,,,,,,,,,,web,ok,GET,200,/diagnostico,INFO,1788373278000000000,b5ff6e2c54f049da8894cab8e75857f0
evento=http_access status=ok,http_access,2,ae8245e4-f3a6-42cb-b2fc-96c6f1cb97cb,,,,,,,,,,,,,,,,,,,,,,,,,,,,,,,,web,ok,GET,200,/seguranca,INFO,1788373277000000000,2923fc60222e4dd5a73e8e8fb3056d47
evento=http_access status=ok,http_access,3,02980aaa-5dad-4a81-8c61-3a6c8bd9e27d,,,,,,,,,,,,,,,,,,,,,,,,,,,,,,,,web,ok,GET,200,/trafego,INFO,1788373277000000000,219adaf730ec45f4a27942662c164530
evento=http_access status=ok,http_access,2,4786a3af-e787-4a99-9e90-a8d010687564,,,,,,,,,,,,,,,,,,,,,,,,,,,,,,,,web,ok,GET,200,/localizacao,INFO,1788373276000000000,e14194cadf7249c3924d4ccbb781b73b
evento=http_access status=ok,http_access,12,a1587c8b-fcdc-4bdc-9ef2-297cf0887a11,,,,,,,,,,,,,,,,,,,,,,,,,,,,,,,,web,ok,GET,200,/resolucao-problemas,INFO,1788373276000000000,ab7614002e824a11a358c529705c1349
evento=http_access status=ok,http_access,34,fd8b2e5b-7369-4ae2-ba4f-e037fe24594f,,,,,,,,,,,,,,,,,,,,,,,,,,,,,,,,web,ok,GET,200,/protocolos/ssh,INFO,1788373275000000000,6bd084b500c7497bb7c81342ee298b36
evento=aprofundamento_view status=ok autenticacoes=6 conceitos=6 encaminhamentos=6 hardening=10 protocolo=ssh,aprofundamento_view,,453674ef-8cf0-4317-97d6-b006c85bad11,,,6,,,6,,,6,,10,,,,,,,,,,,ssh,,,,,,,,,,protocolos,ok,GET,,/protocolos/ssh,INFO,1788373275000000000,6bd084b500c7497bb7c81342ee298b36
evento=http_access status=ok,http_access,72,f5c35d43-c88f-4238-9cb0-98301f0907f2,,,,,,,,,,,,,,,,,,,,,,,,,,,,,,,,web,ok,GET,200,/protocolos/bgp,INFO,1788373275000000000,0013d56fc3aa4623a40d7b04e5399eca
evento=aprofundamento_view status=ok atributos=8 conceitos=6 passosSelecao=14 protecoes=6 protocolo=bgp,aprofundamento_view,,1b683c98-1356-4d90-996e-9c20ef5fea81,,8,,,,6,,,,,,,,,,,,,,14,6,bgp,,,,,,,,,,protocolos,ok,GET,,/protocolos/bgp,INFO,1788373275000000000,0013d56fc3aa4623a40d7b04e5399eca
evento=http_access status=ok,http_access,67,d6b24508-d083-4acb-83d1-9c873adaac15,,,,,,,,,,,,,,,,,,,,,,,,,,,,,,,,web,ok,GET,200,/protocolos,INFO,1788373274000000000,605ee4672b7a4e5c97c10be2ae4699c5
evento=catalog_load status=ok total=47,catalog_load,,8face020-4182-4728-99ca-0a632def07bb,,,,,,,,,,,,,,,,,,,,,,,,,,,,,47,,,protocolos,ok,GET,,/protocolos,INFO,1788373274000000000,605ee4672b7a4e5c97c10be2ae4699c5
evento=catalog_load status=ok total=47,catalog_load,,5f7fb70b-731e-42e0-b89d-0510f226c364,,,,,,,,,,,,,,,,,,,,,,,,,,,,,47,,,protocolos,ok,GET,,/protocolos,INFO,1788373274000000000,605ee4672b7a4e5c97c10be2ae4699c5
evento=http_access status=ok,http_access,79,a9a9c26a-066b-4228-abf6-5f40cd155050,,,,,,,,,,,,,,,,,,,,,,,,,,,,,,,,web,ok,GET,200,/portas,INFO,1788373273000000000,ff2043437ce64065a78426e91dbe241e
evento=catalog_load status=ok total=30,catalog_load,,780ac154-b189-4d27-b44a-a3c01931474f,,,,,,,,,,,,,,,,,,,,,,,,,,,,,30,,,portas,ok,GET,,/portas,INFO,1788373273000000000,ff2043437ce64065a78426e91dbe241e
evento=http_access status=ok,http_access,3,022b09d1-f8dd-4962-aaa4-6acf71665bcd,,,,,,,,,,,,,,,,,,,,,,,,,,,,,,,,web,ok,GET,200,/calculadora,INFO,1788373273000000000,6d8212a1403e471d8ceadebc894b1e10
evento=http_access status=ok,http_access,30,6bd1961f-08b6-421b-a96a-cecb78f3d973,,,,,,,,,,,,,,,,,,,,,,,,,,,,,,,,web,ok,GET,200,/analise,INFO,1788373272000000000,9901b38cba0f456aa76735e9ef26462f
evento=http_access status=ok,http_access,29,3cef616b-5a16-41d9-8772-498c9f791a83,,,,,,,,,,,,,,,,,,,,,,,,,,,,,,,,web,ok,GET,200,/,INFO,1788373272000000000,e72ac5d8bfc44d3ebd18f79935fe50f4
evento=http_access status=ok,http_access,1,84735c33-bb55-42ff-906b-4b50d112584b,,,,,,,,,,,,,,,,,,,,,,,,,,,,,,,,web,ok,GET,200,/sitemap.xml,INFO,1788373271000000000,a8acb8d9db1c47719a7cfebf33b90e6a
evento=http_access status=ok,http_access,0,7e34ff52-a892-469e-a606-2982c2126349,,,,,,,,,,,,,,,,,,,,,,,,,,,,,,,,web,ok,GET,200,/sitemap.xml,INFO,1788373264000000000,95d96202ae4d47fab772173f1b346c13
evento=http_access status=ok,http_access,6,0e86fbbe-aa1f-40d6-8b28-e9007255cbab,,,,,,,,,,,,,,,,,,,,,,,,,,,,,,,,web,ok,GET,200,/sitemap.xml,INFO,1788373264000000000,4babd39145084efd927da951deaefe23
evento=app_start status=ok,app_start,,d719c59f-f124-4e19-afdf-ca08d2b68c8a,,,,,,,,,,,,,,,,,,,,,,,,,,,,,,,,sistema,ok,,,,INFO,1788373253000000000,
evento=http_access status=ok,http_access,82,79a804be-b465-47d6-b8db-a50136cc07ce,,,,,,,,,,,,,,,,,,,,,,,,,,,,,,,,web,ok,GET,200,/analise,INFO,1788364937000000000,a05d4690506048449bb17f2f404863d1
evento=http_access status=ok,http_access,144,71afd5de-54e0-4d20-ab59-7d3f61e376ab,,,,,,,,,,,,,,,,,,,,,,,,,,,,,,,,web,ok,GET,200,/,INFO,1788364936000000000,20dc4137c4bc41948dabf92026eac79b
evento=http_access status=ok,http_access,43,77a9901d-9f4d-4143-82bc-8c5a2a0a29d3,,,,,,,,,,,,,,,,,,,,,,,,,,,,,,,,web,ok,GET,200,/manifest.webmanifest,INFO,1788362575000000000,676f568fe3b8441ebac3fb30d7aec475
evento=http_access status=ok,http_access,5,19e1d6f4-f2c7-4753-8726-5857660d7c3c,,,,,,,,,,,,,,,,,,,,,,,,,,,,,,,,web,ok,GET,200,/,INFO,1788361314000000000,2d18a9cc96344206b770d7211b06a31e
evento=http_access status=ok,http_access,1136,09dc1193-8024-4952-af9c-db2818e2c4e6,,,,,,,,,,,,,,,,,,,,,,,,,,,,,,,,web,ok,GET,200,/informacoes,INFO,1788357194000000000,80e9dc35737b44dcb057e7b56f55dff6
evento=geo_lookup status=ok ip=visitante-004,geo_lookup,,32ac358d-655c-461f-b9df-80d7042efcc2,,,,,,,,,,,,,,visitante-004,,,,,,,,,,,,,,,,,,analiseDidatica,ok,GET,,/informacoes,INFO,1788357193000000000,80e9dc35737b44dcb057e7b56f55dff6
evento=http_access status=ok,http_access,121,40da63d6-f31d-45a1-baca-6ccd0e631e01,,,,,,,,,,,,,,,,,,,,,,,,,,,,,,,,web,ok,GET,200,/sobre,INFO,1788346428000000000,ef243c08cf044a8e8f3b5a5026d01234
evento=http_access status=ok,http_access,121,f3346c11-0162-48db-9cf0-05c9d2724069,,,,,,,,,,,,,,,,,,,,,,,,,,,,,,,,web,ok,GET,200,/localizacao,INFO,1788340635000000000,e45b2ad3bcfb460689c15c61285d3c48
evento=http_access status=ok,http_access,55,0826615f-80b5-4103-8f0b-560f42cdf528,,,,,,,,,,,,,,,,,,,,,,,,,,,,,,,,web,ok,GET,200,/manifest.webmanifest,INFO,1788284583000000000,e7864da987e0414cb210bbf60d380f85
evento=http_access status=ok,http_access,207,dd51edf6-b13f-4fa9-b95c-49728b6119fb,,,,,,,,,,,,,,,,,,,,,,,,,,,,,,,,web,ok,GET,200,/,INFO,1788284582000000000,8772251fbf8045968e569b80a20cc688
evento=pagina_erro_exibida status=warn metodo=GET rota=/robots.txt traceId=err-3a1d1482-aee6,pagina_erro_exibida,,ba04b37a-f850-44f6-9c46-28a5b2299111,,,,,,,,,,,,,,,,GET,,,,,,,,/robots.txt,,,,,,err-3a1d1482-aee6,,paginaErros,warn,,,,WARN,1788276278000000000,
evento=http_access status=ok,http_access,134,c93d44c5-e76f-4e38-9a0a-7de6f90fa517,,,,,,,,,,,,,,,,,,,,,,,,,,,,,,,,web,ok,GET,200,/,INFO,1788251292000000000,0a77cfefa6394367aa7e8f494c32349c
evento=http_access status=ok,http_access,15,365b1a3d-fc1e-400c-ad35-f2665548211b,,,,,,,,,,,,,,,,,,,,,,,,,,,,,,,,web,ok,GET,200,/,INFO,1788192772000000000,036b730b5bd248deba0b5bf86083a958
evento=pagina_erro_exibida status=warn metodo=GET rota=/robots.txt traceId=err-53cf465b-5d74,pagina_erro_exibida,,d31440dd-571f-4268-b5ba-3ed815455177,,,,,,,,,,,,,,,,GET,,,,,,,,/robots.txt,,,,,,err-53cf465b-5d74,,paginaErros,warn,,,,WARN,1788191616000000000,
evento=http_access status=ok,http_access,70,394120e5-5d19-4dc3-bd54-c7c5fdb5a750,,,,,,,,,,,,,,,,,,,,,,,,,,,,,,,,web,ok,GET,200,/manifest.webmanifest,INFO,1788189253000000000,a8fe0b907547433c9cde2e10a8129111
evento=http_access status=ok,http_access,211,dd45d63b-1b8b-4b2a-b828-a17ac8c1f8cc,,,,,,,,,,,,,,,,,,,,,,,,,,,,,,,,web,ok,GET,200,/,INFO,1788189252000000000,88807b51689f4250a36240daf9dbcef3
evento=http_access status=ok,http_access,989,0929b061-0d39-43c2-b487-3511fc43bdf8,,,,,,,,,,,,,,,,,,,,,,,,,,,,,,,,web,ok,GET,200,/,INFO,1788185739000000000,96d22f79835f4eb0a24aca17daec9212
evento=http_access status=ok,http_access,0,9a2c9ac6-a056-458d-a1c7-24c42f87cea9,,,,,,,,,,,,,,,,,,,,,,,,,,,,,,,,web,ok,GET,200,/mascara-referencia,INFO,1788182683000000000,a954f943db974d609e6f918eff54cf91
evento=http_access status=ok,http_access,0,76f1118f-2076-4425-9303-31a2d467a3bb,,,,,,,,,,,,,,,,,,,,,,,,,,,,,,,,web,ok,GET,200,/mascara-referencia,INFO,1788182683000000000,15449eff8b3a40d9ae9c8fb41dd3bb80
evento=http_access status=ok,http_access,0,b8e45c78-2954-4578-a289-4752e88f54dd,,,,,,,,,,,,,,,,,,,,,,,,,,,,,,,,web,ok,GET,200,/manifest.webmanifest,INFO,1788182682000000000,498650128f464d3a85969c60abeb91b0
evento=http_access status=ok,http_access,454,3ccbb82d-3781-435e-a0db-39ba76172502,,,,,,,,,,,,,,,,,,,,,,,,,,,,,,,,web,ok,POST,200,/analise,INFO,1788182682000000000,07f210d4db7b4bf493be9ec81374b0b5
evento=calc_request status=ok,calc_request,,ba7685bd-8f7a-4ff3-b1b1-fff8ce132033,,,,,,,,,,,,,,,,,,,,,,,,,,,,,,,,analiseDidatica,ok,POST,,/analise,INFO,1788182682000000000,07f210d4db7b4bf493be9ec81374b0b5
evento=calc_complete status=ok modo=cidr statusCalc=invalid_input,calc_complete,,ac76cdc6-574b-44d2-8e84-985c47e4e4fc,,,,,,,,,,,,,,,,,,cidr,,,,,,,,invalid_input,,,,,,analiseDidatica,ok,POST,,/analise,INFO,1788182682000000000,07f210d4db7b4bf493be9ec81374b0b5
evento=http_access status=ok,http_access,0,3cb428e9-b18b-44c6-85f8-9886857808dd,,,,,,,,,,,,,,,,,,,,,,,,,,,,,,,,web,ok,GET,200,/mascara-referencia,INFO,1788182679000000000,260085879008446b8239c4ff1c08cad6
evento=http_access status=ok,http_access,1,335a2657-8dd6-494d-9674-3bf01dd4c395,,,,,,,,,,,,,,,,,,,,,,,,,,,,,,,,web,ok,GET,200,/mascara-referencia,INFO,1788182679000000000,53c6547a90674e2088c88409fbe058d7
evento=http_access status=ok,http_access,1,162a864f-a318-428b-88b6-73adf22e978e,,,,,,,,,,,,,,,,,,,,,,,,,,,,,,,,web,ok,GET,200,/manifest.webmanifest,INFO,1788182679000000000,b14b316d2c544023a6a774fbc0cb4e28
evento=http_access status=ok,http_access,2,185166b6-95a4-4f41-9eab-1177ab9638e1,,,,,,,,,,,,,,,,,,,,,,,,,,,,,,,,web,ok,GET,200,/analise,INFO,1788182679000000000,dd9864beab0f45f5b86080fa69aec9e7
evento=http_access status=ok,http_access,1,49773438-5090-4f5f-81b5-6e7d8e144559,,,,,,,,,,,,,,,,,,,,,,,,,,,,,,,,web,ok,GET,200,/manifest.webmanifest,INFO,1788182649000000000,3bb94c24ceb8441189363c898d9b018a
evento=http_access status=ok,http_access,4,bd8707c1-f4f7-4bdf-8a4c-a57c2b3d8654,,,,,,,,,,,,,,,,,,,,,,,,,,,,,,,,web,ok,GET,200,/,INFO,1788182649000000000,3bcb596209f54501a0074ebead38aa4f
evento=http_access status=ok,http_access,0,b34d0ff0-3adf-4411-b058-8ee0bd585215,,,,,,,,,,,,,,,,,,,,,,,,,,,,,,,,web,ok,GET,200,/manifest.webmanifest,INFO,1788182637000000000,5b6bd489ae6440b0b2b4edee01bd951c
evento=http_access status=ok,http_access,4,6affc4f3-bbba-4a25-b991-58f8313fc88e,,,,,,,,,,,,,,,,,,,,,,,,,,,,,,,,web,ok,GET,200,/calculadora,INFO,1788182637000000000,497db20ee193467fbdb349cc9eb20682
evento=http_access status=ok,http_access,1,ce738e45-1811-40a9-9479-e00eeadf1513,,,,,,,,,,,,,,,,,,,,,,,,,,,,,,,,web,ok,GET,200,/mascara-referencia,INFO,1788182631000000000,07f1f8d5ed0d47fe9984b4b36c21e74f
evento=http_access status=ok,http_access,1,d6e7fab7-79eb-4af8-8014-7f1afe505c14,,,,,,,,,,,,,,,,,,,,,,,,,,,,,,,,web,ok,GET,200,/mascara-referencia,INFO,1788182631000000000,b1146bd9fe204d51be863a1d8fe9e588
evento=http_access status=ok,http_access,0,c703a2b7-5257-406d-9654-8915aec45b8a,,,,,,,,,,,,,,,,,,,,,,,,,,,,,,,,web,ok,GET,200,/manifest.webmanifest,INFO,1788182631000000000,04845d9b41474d0e937ed2c2c197d8bc
evento=http_access status=ok,http_access,1,caa9afb9-d19c-4b55-b6a2-4848e6eec6c6,,,,,,,,,,,,,,,,,,,,,,,,,,,,,,,,web,ok,GET,200,/analise,INFO,1788182631000000000,0b5b50a2517b4c09a1638c2ddcd50460
evento=http_access status=ok,http_access,0,0d9625cc-7534-451c-a3d4-e04c630e2191,,,,,,,,,,,,,,,,,,,,,,,,,,,,,,,,web,ok,GET,200,/manifest.webmanifest,INFO,1788182629000000000,6823dc57cd254d25a215587e51134ecb
evento=http_access status=ok,http_access,1,cc0dbe8b-1235-4d71-aeba-01b240add598,,,,,,,,,,,,,,,,,,,,,,,,,,,,,,,,web,ok,GET,200,/,INFO,1788182629000000000,eb7606d20a16402bac93a9031d64b26e
evento=http_access status=ok,http_access,1,006287ad-45a7-4a3c-a43d-c47bae6935af,,,,,,,,,,,,,,,,,,,,,,,,,,,,,,,,web,ok,GET,200,/manifest.webmanifest,INFO,1788182558000000000,d60c70b2a68b4bb0883568ce63cf6221
evento=http_access status=ok,http_access,47,977082ee-3bc8-476e-9e55-d7b57cf25921,,,,,,,,,,,,,,,,,,,,,,,,,,,,,,,,web,ok,GET,200,/documentacao,INFO,1788182558000000000,f0e9e7f014554f58814ad738b358768b
evento=http_access status=ok,http_access,1,26b8c400-2813-469e-8714-58996df7a9c7,,,,,,,,,,,,,,,,,,,,,,,,,,,,,,,,web,ok,GET,200,/manifest.webmanifest,INFO,1788182552000000000,f7a84cc09ce748768773b12d7fe2a20c
evento=http_access status=ok,http_access,1,5d986cca-132f-4659-b211-6c94658f83cb,,,,,,,,,,,,,,,,,,,,,,,,,,,,,,,,web,ok,GET,200,/,INFO,1788182552000000000,d2ad05c3cf1a433eb9dbea034efeeffc
evento=http_access status=ok,http_access,0,0dd64666-9602-4e5c-a5e3-fedd99ccf343,,,,,,,,,,,,,,,,,,,,,,,,,,,,,,,,web,ok,GET,200,/manifest.webmanifest,INFO,1788182548000000000,a2d109bc6137401398a56eb7e9a8090d
evento=http_access status=ok,http_access,2,3030ab7a-1856-4795-b5f1-13cdcdcbe4c8,,,,,,,,,,,,,,,,,,,,,,,,,,,,,,,,web,ok,GET,200,/sobre,INFO,1788182548000000000,721d62a4de844f639e79c1fcd09b2c9d
evento=http_access status=ok,http_access,1,b95c4bdc-b3d4-4806-8085-7a312b3fee09,,,,,,,,,,,,,,,,,,,,,,,,,,,,,,,,web,ok,GET,200,/manifest.webmanifest,INFO,1788182546000000000,cd13362518f245db8c7593a05deb1692
evento=http_access status=ok,http_access,41,337559ac-3437-4190-97e7-52bc921e979d,,,,,,,,,,,,,,,,,,,,,,,,,,,,,,,,web,ok,GET,200,/documentacao,INFO,1788182546000000000,cad44e0e0fb04148ae3630bafb9e8ef9
evento=http_access status=ok,http_access,4,c39c4c7b-5a65-4261-b6f6-e7927d7f05b7,,,,,,,,,,,,,,,,,,,,,,,,,,,,,,,,web,ok,GET,200,/manifest.webmanifest,INFO,1788182530000000000,1ce44dd9b8bf49e5954acee44cd1454e
evento=http_access status=ok,http_access,7,30fa214c-878d-4c2b-b4f9-2ca50f38078d,,,,,,,,,,,,,,,,,,,,,,,,,,,,,,,,web,ok,GET,200,/telemetria,INFO,1788182530000000000,652f622c1de94763a55daf47baf1337f
evento=http_access status=ok,http_access,1215,091732f5-ad39-4b23-8118-9260fc79da30,,,,,,,,,,,,,,,,,,,,,,,,,,,,,,,,web,ok,GET,303,/login/github/callback,INFO,1788182530000000000,9d9c2f6ebd4540b3b028b0ec5ef60c01
evento=login_github status=ok login=carmipa resultado=ok,login_github,,b6ddf8eb-cf61-482e-a318-49d2ae28c253,,,,,,,,,,,,,,,carmipa,,,,,,,,ok,,,,,,,,,seguranca,ok,GET,,/login/github/callback,INFO,1788182530000000000,9d9c2f6ebd4540b3b028b0ec5ef60c01
evento=http_access status=ok,http_access,8,4ae609c9-11af-4c13-8bf0-270a1ff7f0ac,,,,,,,,,,,,,,,,,,,,,,,,,,,,,,,,web,ok,GET,303,/login/github,INFO,1788182528000000000,369d76f9367a4ef883cf004d54a40f82
evento=http_access status=ok,http_access,9,e65a33b0-1910-49ea-a39d-cf1c5e587bf4,,,,,,,,,,,,,,,,,,,,,,,,,,,,,,,,web,ok,GET,200,/login,INFO,1788182526000000000,6a70070bafd4446d92782873b0d57970
evento=http_access status=ok,http_access,17,f5a558a5-ce1a-48cd-b4ce-91ed9331c6b8,,,,,,,,,,,,,,,,,,,,,,,,,,,,,,,,web,ok,GET,303,/telemetria,INFO,1788182526000000000,1386e520381f48a78558f9daae089dbf
evento=http_access status=ok,http_access,0,e4ac81bf-a7b3-4c20-be52-fda4c0219637,,,,,,,,,,,,,,,,,,,,,,,,,,,,,,,,web,ok,GET,200,/manifest.webmanifest,INFO,1788182524000000000,a6718878ad674866b1281aa3c0726a6a
evento=http_access status=ok,http_access,2,77421998-2700-470d-8e37-5ef789882c61,,,,,,,,,,,,,,,,,,,,,,,,,,,,,,,,web,ok,GET,200,/seguranca,INFO,1788182524000000000,36355853dff241d49d724632ebbe5b91
evento=http_access status=ok,http_access,1,aab7c3b9-76e2-4fb1-955c-916623cb3058,,,,,,,,,,,,,,,,,,,,,,,,,,,,,,,,web,ok,GET,200,/manifest.webmanifest,INFO,1788182516000000000,3fafa90943f1480482120d231bb392f5
evento=http_access status=ok,http_access,1,dba4b9ae-eca5-4234-b9b5-2618d039b708,,,,,,,,,,,,,,,,,,,,,,,,,,,,,,,,web,ok,GET,200,/diagnostico,INFO,1788182516000000000,fa087a632d494a1d8f4186c33c2e1b16
evento=http_access status=ok,http_access,1,3922fa09-b285-4924-b2bc-9331e545cfe4,,,,,,,,,,,,,,,,,,,,,,,,,,,,,,,,web,ok,GET,200,/trafego/api/aovivo,INFO,1788182516000000000,ec0341cd3bcc4733808ab8c40cafe78b
evento=http_access status=ok,http_access,1,c5eb9d77-2552-48ff-9b25-8d4e5f837d46,,,,,,,,,,,,,,,,,,,,,,,,,,,,,,,,web,ok,GET,200,/trafego/api/aovivo,INFO,1788182515000000000,ff5d613549e84c318c97a479b5add205
evento=http_access status=ok,http_access,1,8d878074-fea2-49d7-8b30-5721c2ea8008,,,,,,,,,,,,,,,,,,,,,,,,,,,,,,,,web,ok,GET,200,/trafego/api/aovivo,INFO,1788182514000000000,344cdf9bea914550976571e538e65395
evento=http_access status=ok,http_access,1,c7692bbc-04b3-4c10-ac8d-7c2cfdd09742,,,,,,,,,,,,,,,,,,,,,,,,,,,,,,,,web,ok,GET,200,/trafego/api/aovivo,INFO,1788182513000000000,6ab267fce23347bfb3ecd66273f3b766
evento=http_access status=ok,http_access,196,06a1c8ab-b504-4fd6-9617-bd00e8317779,,,,,,,,,,,,,,,,,,,,,,,,,,,,,,,,web,ok,GET,200,/trafego/api/aovivo,INFO,1788182512000000000,732a0cb90ec34211adbc6c00a87893d9
evento=http_access status=ok,http_access,10,a2d132cb-92c7-4df1-b96a-482d22412674,,,,,,,,,,,,,,,,,,,,,,,,,,,,,,,,web,ok,GET,200,/simuladores/api/handshake,INFO,1788182509000000000,81f0a331614d47a68ecb29f09a0cfb89
evento=handshake status=ok dados=true encerramento=true passos=9,handshake,,826a5e94-8970-4bd6-9407-a07dfae48c90,,,,,,,true,,,true,,,,,,,,,9,,,,,,,,,,,,,simuladores,ok,GET,,/simuladores/api/handshake,INFO,1788182509000000000,81f0a331614d47a68ecb29f09a0cfb89
evento=http_access status=ok,http_access,1,c0b15fe0-0e5c-465a-a20a-878c8ead8178,,,,,,,,,,,,,,,,,,,,,,,,,,,,,,,,web,ok,GET,200,/manifest.webmanifest,INFO,1788182509000000000,5e48505de9ba4b7481f4755cceed9df1
evento=http_access status=ok,http_access,30,19df3b34-4346-48d6-bac3-23f39e787a7f,,,,,,,,,,,,,,,,,,,,,,,,,,,,,,,,web,ok,GET,200,/trafego,INFO,1788182509000000000,f2285534e936442e84aeb4ab9198318f
evento=http_access status=ok,http_access,0,6b4d9a76-5913-4217-8669-c9530c144ae9,,,,,,,,,,,,,,,,,,,,,,,,,,,,,,,,web,ok,GET,200,/history,INFO,1788182506000000000,d706f08051004cd9adcf2b431646f620
evento=http_access status=ok,http_access,971,f2016f6c-6284-497d-8e83-140dc4897181,,,,,,,,,,,,,,,,,,,,,,,,,,,,,,,,web,ok,GET,200,/api/informacoes/geo,INFO,1788182506000000000,e5b419fbdb8b414eb47113d072b1ceda
evento=history_persist status=ok total=60,history_persist,,f4d1527d-049d-4bdc-bb4a-e0f570e794cb,,,,,,,,,,,,,,,,,,,,,,,,,,,,,60,,,analiseDidatica,ok,GET,,/api/informacoes/geo,INFO,1788182506000000000,e5b419fbdb8b414eb47113d072b1ceda
evento=http_access status=ok,http_access,51,1dad87e4-680b-43aa-8341-dec3968cdbb6,,,,,,,,,,,,,,,,,,,,,,,,,,,,,,,,web,ok,GET,200,/history,INFO,1788182505000000000,2fc89315556f4de68d5b1474f90967d5
evento=geo_lookup status=ok ip=visitante-002,geo_lookup,,7974dc68-286a-45fa-a3d1-e7c19f1e8c41,,,,,,,,,,,,,,visitante-002,,,,,,,,,,,,,,,,,,analiseDidatica,ok,GET,,/api/informacoes/geo,INFO,1788182505000000000,e5b419fbdb8b414eb47113d072b1ceda
evento=http_access status=ok,http_access,1,9f2b3a2c-217b-4e11-af70-0b384a822ece,,,,,,,,,,,,,,,,,,,,,,,,,,,,,,,,web,ok,GET,200,/manifest.webmanifest,INFO,1788182504000000000,621e706b278a45a885e28bcd3dd50553
evento=http_access status=ok,http_access,4,2f8614fc-3c12-4d55-a08a-81319b867d21,,,,,,,,,,,,,,,,,,,,,,,,,,,,,,,,web,ok,GET,200,/localizacao,INFO,1788182504000000000,f48384f54cb14a0085da98a260dc0a5b
evento=http_access status=ok,http_access,1,dc2da5f6-e67f-4fa4-b8ae-e526ab1c54ad,,,,,,,,,,,,,,,,,,,,,,,,,,,,,,,,web,ok,GET,200,/manifest.webmanifest,INFO,1788182500000000000,95bf0e9d9fd24afe9fd5acf50f2d1c43
evento=http_access status=ok,http_access,13,181eaa3d-1e3f-416d-93f2-754fe8df8b28,,,,,,,,,,,,,,,,,,,,,,,,,,,,,,,,web,ok,GET,200,/resolucao-problemas,INFO,1788182500000000000,18164913f0394dd5a12e49de53fd45f6
evento=http_access status=ok,http_access,1,c0b89ef5-49c2-4e7b-a283-8aeb7af75ce6,,,,,,,,,,,,,,,,,,,,,,,,,,,,,,,,web,ok,GET,200,/manifest.webmanifest,INFO,1788182494000000000,f5d24fe51908464691168646e3e62895
evento=http_access status=ok,http_access,73,5e174548-d7be-4057-a683-850d542edf34,,,,,,,,,,,,,,,,,,,,,,,,,,,,,,,,web,ok,GET,200,/protocolos,INFO,1788182494000000000,edc3d4a1f11540f8bd177aa485b2e8e4
evento=catalog_load status=ok total=47,catalog_load,,4324fc53-27dd-48e8-abef-f460dd0703cf,,,,,,,,,,,,,,,,,,,,,,,,,,,,,47,,,protocolos,ok,GET,,/protocolos,INFO,1788182494000000000,edc3d4a1f11540f8bd177aa485b2e8e4
evento=catalog_load status=ok total=47,catalog_load,,8067018f-96a4-46a0-906a-7f24aaca1c57,,,,,,,,,,,,,,,,,,,,,,,,,,,,,47,,,protocolos,ok,GET,,/protocolos,INFO,1788182494000000000,edc3d4a1f11540f8bd177aa485b2e8e4
evento=http_access status=ok,http_access,1,24f1adf0-2a42-4fe2-b1ab-f86b75475d09,,,,,,,,,,,,,,,,,,,,,,,,,,,,,,,,web,ok,GET,200,/manifest.webmanifest,INFO,1788182488000000000,1668c9ae61cf420ebcc50a31dd818f42
evento=http_access status=ok,http_access,62,58afc9af-3156-43d3-9e02-17aa78bd132d,,,,,,,,,,,,,,,,,,,,,,,,,,,,,,,,web,ok,GET,200,/portas,INFO,1788182488000000000,48fa709541234fa5b0b758a8bb6130e6
evento=catalog_load status=ok total=30,catalog_load,,5967203b-93f5-4417-8074-5bdb49e87f31,,,,,,,,,,,,,,,,,,,,,,,,,,,,,30,,,portas,ok,GET,,/portas,INFO,1788182488000000000,48fa709541234fa5b0b758a8bb6130e6
evento=http_access status=ok,http_access,2,5b8cdecd-3947-4248-b732-26ed4c8fd758,,,,,,,,,,,,,,,,,,,,,,,,,,,,,,,,web,ok,GET,200,/manifest.webmanifest,INFO,1788182478000000000,a65bc4bd4c2844c99b4941a2f395e8bb
evento=http_access status=ok,http_access,5,6c2d6ac8-6842-4593-8499-1d0e24912086,,,,,,,,,,,,,,,,,,,,,,,,,,,,,,,,web,ok,GET,200,/calculadora,INFO,1788182478000000000,cf6f1ff4d4ed48218285c201cab25f98
evento=http_access status=ok,http_access,0,cd324b65-455a-492e-aa56-9e7cf99f7de0,,,,,,,,,,,,,,,,,,,,,,,,,,,,,,,,web,ok,GET,200,/mascara-referencia,INFO,1788182476000000000,373cbae5684543a6975c4503290ea580
evento=http_access status=ok,http_access,15,c4281ed3-7657-48be-a4ac-b8c626690af3,,,,,,,,,,,,,,,,,,,,,,,,,,,,,,,,web,ok,GET,200,/mascara-referencia,INFO,1788182476000000000,2537efb048254fd08f49ee3b34e3d2eb
evento=http_access status=ok,http_access,3,9f96d974-15b7-455d-95e2-628371794051,,,,,,,,,,,,,,,,,,,,,,,,,,,,,,,,web,ok,GET,200,/manifest.webmanifest,INFO,1788182476000000000,93fcb83a061342fc9706bdebd71594a5
evento=http_access status=ok,http_access,59,6c3c478e-4dc2-45cf-a950-28d7458acf23,,,,,,,,,,,,,,,,,,,,,,,,,,,,,,,,web,ok,GET,200,/analise,INFO,1788182476000000000,6695e61dc6874d7f9a3025b039d3127c
evento=http_access status=ok,http_access,63,89a5a193-722c-4475-a065-1c36a74f5eb6,,,,,,,,,,,,,,,,,,,,,,,,,,,,,,,,web,ok,GET,200,/manifest.webmanifest,INFO,1788182473000000000,dce44a04206042c2a194cb9f95d7b01b
evento=http_access status=ok,http_access,225,998db3ba-ee46-4174-a83e-1aed813bb64d,,,,,,,,,,,,,,,,,,,,,,,,,,,,,,,,web,ok,GET,200,/,INFO,1788182472000000000,8144ddb9a7dd4c8fb32df2454052821c
evento=http_access status=ok,http_access,146,391824ed-e1fe-409d-83c9-618a3a867d37,,,,,,,,,,,,,,,,,,,,,,,,,,,,,,,,web,ok,GET,200,/,INFO,1788174201000000000,65c5725256eb4a64b12ca0b55ce72814
evento=http_access status=ok,http_access,44,0edbbc4d-1ffb-4b07-8f0f-db12341d7475,,,,,,,,,,,,,,,,,,,,,,,,,,,,,,,,web,ok,GET,200,/,INFO,1788164966000000000,360cc59386994e4281da656682b1d38a
evento=http_access status=ok,http_access,165,18a57470-d56c-458a-8136-4425ee9611a0,,,,,,,,,,,,,,,,,,,,,,,,,,,,,,,,web,ok,GET,200,/,INFO,1788163614000000000,2a152bc9f7384caea9830f333b8b6571
evento=http_access status=ok,http_access,857,78f3e3c9-b68e-44b8-92e5-40b3ecbb98e5,,,,,,,,,,,,,,,,,,,,,,,,,,,,,,,,web,ok,GET,200,/,INFO,1788157967000000000,5684849dc3754e9c842e9000f4e22f9a
evento=pagina_erro_exibida status=warn metodo=GET rota=/robots.txt traceId=err-715b64f0-1f98,pagina_erro_exibida,,cac2bbc1-7ab3-4a46-921c-432d22173887,,,,,,,,,,,,,,,,GET,,,,,,,,/robots.txt,,,,,,err-715b64f0-1f98,,paginaErros,warn,,,,WARN,1788109566000000000,
evento=http_access status=ok,http_access,704,374090b8-747d-4089-a1c1-fed76bf35a71,,,,,,,,,,,,,,,,,,,,,,,,,,,,,,,,web,ok,GET,200,/,INFO,1788093653000000000,c6ab28824edb40c5aa661d410b3d3639
evento=http_access status=ok,http_access,419,cee5c3ea-3288-4d87-b299-76650772162e,,,,,,,,,,,,,,,,,,,,,,,,,,,,,,,,web,ok,GET,200,/,INFO,1788065034000000000,fc39621129184cb7bae1ba54ce3ae8aa
evento=http_access status=ok,http_access,1,d3aba64a-aee3-484c-b015-00984953b9ec,,,,,,,,,,,,,,,,,,,,,,,,,,,,,,,,web,ok,GET,200,/,INFO,1788055415000000000,f6df6b7cdca84868977e17b4bb53583f
evento=http_access status=ok,http_access,1,02f5f355-9982-4ebf-924e-b20ae89420b6,,,,,,,,,,,,,,,,,,,,,,,,,,,,,,,,web,ok,GET,200,/,INFO,1788055414000000000,cbfb5e86c0bf427a98f1e75038ff606c
evento=http_access status=ok,http_access,1,14410136-e13b-432b-a9cf-d47e91182fe0,,,,,,,,,,,,,,,,,,,,,,,,,,,,,,,,web,ok,GET,200,/,INFO,1788055414000000000,2d0ec9ec233449c9883174a105c26780
evento=http_access status=ok,http_access,1,f7d358a4-b309-4064-8d12-b2f912bc2d8a,,,,,,,,,,,,,,,,,,,,,,,,,,,,,,,,web,ok,GET,200,/,INFO,1788055413000000000,ff5cc028e1b34ef3978d4a993e081eac
evento=http_access status=ok,http_access,1,0bb50e5f-4bc1-44d8-9652-d175396b06da,,,,,,,,,,,,,,,,,,,,,,,,,,,,,,,,web,ok,GET,200,/,INFO,1788055413000000000,15ab5c2b85d34ead9ff796edadec2acf
evento=http_access status=ok,http_access,10,d9402c17-2ab3-4b99-8854-54aed1f53c7e,,,,,,,,,,,,,,,,,,,,,,,,,,,,,,,,web,ok,GET,200,/,INFO,1788055412000000000,050a19036edc4b7e9f70c61236a78553
evento=http_access status=ok,http_access,1,46b339b2-5599-4399-abb4-cca31fc2e03b,,,,,,,,,,,,,,,,,,,,,,,,,,,,,,,,web,ok,GET,200,/,INFO,1788055412000000000,a02914cb68084226b436328dd5615e44
evento=http_access status=ok,http_access,2,001c4596-c4ee-42a2-b252-a13978a929fd,,,,,,,,,,,,,,,,,,,,,,,,,,,,,,,,web,ok,GET,200,/,INFO,1788055412000000000,88afd689ec054a44a526b12f53f4a0c0
evento=http_access status=ok,http_access,11,50295755-43f1-416f-b3ee-cae8b9039eb3,,,,,,,,,,,,,,,,,,,,,,,,,,,,,,,,web,ok,GET,200,/,INFO,1788055411000000000,d9171084add24e6c9b310a5e8b7982d3
evento=http_access status=ok,http_access,2,7acac565-2bb4-40b0-a05e-c0a861715c24,,,,,,,,,,,,,,,,,,,,,,,,,,,,,,,,web,ok,GET,200,/,INFO,1788055411000000000,be7b69f85e11493b829a129bd019a5b7
evento=http_access status=ok,http_access,28,2d04437f-d9e4-4720-8947-b9a60ac2f231,,,,,,,,,,,,,,,,,,,,,,,,,,,,,,,,web,ok,GET,200,/,INFO,1788055410000000000,26c70cffcd51433f96e302d40a3884df
evento=http_access status=ok,http_access,2,93ea857b-7636-4b78-a74b-5810c1ebf713,,,,,,,,,,,,,,,,,,,,,,,,,,,,,,,,web,ok,GET,200,/,INFO,1788054490000000000,74bc3a618d9742318d6f33cd1e0e501f
evento=http_access status=ok,http_access,103,19a75705-c8f7-479c-bfcb-12a6815db097,,,,,,,,,,,,,,,,,,,,,,,,,,,,,,,,web,ok,GET,200,/,INFO,1788051753000000000,a5acd74d573349148e62cefe474c39f0
evento=http_access status=ok,http_access,115,72826a9b-5c1a-456d-ad51-3b3809ad427b,,,,,,,,,,,,,,,,,,,,,,,,,,,,,,,,web,ok,GET,200,/,INFO,1787977411000000000,f159ab47eebd49eea8f6ea8faa5b2889
evento=http_access status=ok,http_access,116,6cde261e-83ee-4f63-be26-ab4822e53f99,,,,,,,,,,,,,,,,,,,,,,,,,,,,,,,,web,ok,GET,200,/,INFO,1787961867000000000,6d65b1b12ad843d788996fbadc9fbfcb
evento=http_access status=ok,http_access,174,60a6ca53-a51e-4f7c-8b60-7a6222fedbc8,,,,,,,,,,,,,,,,,,,,,,,,,,,,,,,,web,ok,GET,200,/,INFO,1787954549000000000,154b3086023d4cf48c8b5b38dc9c1972
evento=http_access status=ok,http_access,268,d7a3b470-e2b4-40be-913b-86a2d43b7822,,,,,,,,,,,,,,,,,,,,,,,,,,,,,,,,web,ok,GET,200,/manifest.webmanifest,INFO,1787920205000000000,fc6bae6fb9e24dd4a88631ad38b85698
evento=http_access status=ok,http_access,263,ea47d5b5-4327-4374-b085-afd9c17cb740,,,,,,,,,,,,,,,,,,,,,,,,,,,,,,,,web,ok,GET,200,/,INFO,1787920204000000000,06310af7f79740d599f021740cc4c15d
evento=http_access status=ok,http_access,98,91fe1931-34ae-45b0-82a0-7fce73013278,,,,,,,,,,,,,,,,,,,,,,,,,,,,,,,,web,ok,GET,200,/documentacao,INFO,1787913028000000000,88f9cc043c4d4a1982489e1573b0ece4
evento=http_access status=ok,http_access,20,a5ef4c6b-6c05-4a73-87db-bd2bfbcda41d,,,,,,,,,,,,,,,,,,,,,,,,,,,,,,,,web,ok,GET,200,/resolucao-problemas,INFO,1787913027000000000,7a05d5a92fd443338302bc0b44c6033b
evento=http_access status=ok,http_access,6,282cbd87-6054-4931-bc92-85efd0f71425,,,,,,,,,,,,,,,,,,,,,,,,,,,,,,,,web,ok,GET,200,/admin/login,INFO,1787913027000000000,996047521e2e492e92071cf725b2594b
evento=http_access status=ok,http_access,76,0b849400-0511-46f5-a229-a322fa944448,,,,,,,,,,,,,,,,,,,,,,,,,,,,,,,,web,ok,GET,200,/analise,INFO,1787913026000000000,840222dbe06e4a38979ac5500e85a0fd
evento=http_access status=ok,http_access,119,c23d06b9-4199-418f-a88a-c1af2347aeb6,,,,,,,,,,,,,,,,,,,,,,,,,,,,,,,,web,ok,GET,200,/protocolos,INFO,1787913025000000000,aed789288a2a4e17a563c4c82d2ee180
evento=catalog_load status=ok total=47,catalog_load,,43a85c80-93dc-4b3c-8cfa-6a0f7539bf45,,,,,,,,,,,,,,,,,,,,,,,,,,,,,47,,,protocolos,ok,GET,,/protocolos,INFO,1787913025000000000,aed789288a2a4e17a563c4c82d2ee180
evento=catalog_load status=ok total=47,catalog_load,,d3bbd943-92b3-4e9c-befa-90d9e7eb1afe,,,,,,,,,,,,,,,,,,,,,,,,,,,,,47,,,protocolos,ok,GET,,/protocolos,INFO,1787913025000000000,aed789288a2a4e17a563c4c82d2ee180
evento=http_access status=ok,http_access,9,55c683dc-79f8-4c83-a451-4a6f370fa28d,,,,,,,,,,,,,,,,,,,,,,,,,,,,,,,,web,ok,GET,200,/trafego,INFO,1787913024000000000,609e6339086a446ca4a007afc9aaf8c8
evento=http_access status=ok,http_access,1,44c0aa66-0400-4a23-b8eb-20caa7201f56,,,,,,,,,,,,,,,,,,,,,,,,,,,,,,,,web,ok,GET,200,/sobre,INFO,1787913023000000000,78eba7dd1c8f465b86b6783e8c86fdc8
evento=http_access status=ok,http_access,1028,0017a08f-bf83-4e9f-b091-1caa326a134b,,,,,,,,,,,,,,,,,,,,,,,,,,,,,,,,web,ok,GET,200,/informacoes,INFO,1787913023000000000,1e769076ad3b4609b827038e66fa617a
evento=geo_lookup status=ok ip=visitante-005,geo_lookup,,3e9468e0-b8ff-4d99-b92c-ebe2d35f612b,,,,,,,,,,,,,,visitante-005,,,,,,,,,,,,,,,,,,analiseDidatica,ok,GET,,/informacoes,INFO,1787913022000000000,1e769076ad3b4609b827038e66fa617a
evento=http_access status=ok,http_access,32,ebe2a724-127c-497c-b514-24e78bdba963,,,,,,,,,,,,,,,,,,,,,,,,,,,,,,,,web,ok,GET,200,/calculadora,INFO,1787913021000000000,71733c54fdb84c919e58f616b04691ff
evento=http_access status=ok,http_access,3,90e4d441-3a8f-47e0-a400-1c5e5ab7b76c,,,,,,,,,,,,,,,,,,,,,,,,,,,,,,,,web,ok,GET,200,/diagnostico,INFO,1787913019000000000,49abd35de5f847e89b5b4c51389e9743
evento=http_access status=ok,http_access,96,782bcb04-062c-4620-9c32-e7fa8d522fd7,,,,,,,,,,,,,,,,,,,,,,,,,,,,,,,,web,ok,GET,200,/portas,INFO,1787913018000000000,c778ac5213dd46b1832dee8d7acc7309
evento=catalog_load status=ok total=30,catalog_load,,174eedff-0106-42e1-abaf-83ef2e24228e,,,,,,,,,,,,,,,,,,,,,,,,,,,,,30,,,portas,ok,GET,,/portas,INFO,1787913017000000000,c778ac5213dd46b1832dee8d7acc7309
evento=http_access status=ok,http_access,29,ec92b2be-7b54-4c01-a6dc-9e755cf92b18,,,,,,,,,,,,,,,,,,,,,,,,,,,,,,,,web,ok,GET,200,/seguranca,INFO,1787913014000000000,287eeccf528243f5a64cc0d22fea4505
evento=http_access status=ok,http_access,7,632afe7a-1aed-4e43-a986-bcca027aedbe,,,,,,,,,,,,,,,,,,,,,,,,,,,,,,,,web,ok,GET,200,/localizacao,INFO,1787913009000000000,62bb82776e044ebb973d5771ae73d8dc
evento=http_access status=ok,http_access,170,092a9938-04db-40aa-a765-c104909fa8d9,,,,,,,,,,,,,,,,,,,,,,,,,,,,,,,,web,ok,GET,200,/manifest.webmanifest,INFO,1787913007000000000,643f784239e54fd8bf1c10ea7d9354ee
evento=http_access status=ok,http_access,154,e88dffa4-ed70-4660-b677-39818ded91ad,,,,,,,,,,,,,,,,,,,,,,,,,,,,,,,,web,ok,GET,200,/,INFO,1787913004000000000,d3b8baede47a4abaa3970ae8d3f32080
evento=http_access status=ok,http_access,3,fb379f6d-c6d8-425b-bae3-feabd3e7f802,,,,,,,,,,,,,,,,,,,,,,,,,,,,,,,,web,ok,GET,200,/,INFO,1787882160000000000,3c170670a75047ab8be0b214ed7c2b3c
evento=http_access status=ok,http_access,29,ae06e594-47f3-4b6b-9226-946814c5bd6a,,,,,,,,,,,,,,,,,,,,,,,,,,,,,,,,web,ok,GET,200,/,INFO,1787882157000000000,c9104fdb12054fc4ac122206f73f1fc7
evento=http_access status=ok,http_access,118,0a172de3-0e3f-46de-90c0-34892ca5a339,,,,,,,,,,,,,,,,,,,,,,,,,,,,,,,,web,ok,GET,200,/,INFO,1787881600000000000,0d43a62d49164e48a2c0b899a6e00f67
evento=http_access status=ok,http_access,1,2af70504-b470-42c2-aadc-23b5913fd320,,,,,,,,,,,,,,,,,,,,,,,,,,,,,,,,web,ok,GET,200,/manifest.webmanifest,INFO,1787873792000000000,aa042b76f5a94961ac7326a93eb5f449
evento=http_access status=ok,http_access,61,d3b1b15e-e422-4209-8d25-29c492abe791,,,,,,,,,,,,,,,,,,,,,,,,,,,,,,,,web,ok,GET,200,/documentacao,INFO,1787873792000000000,4610d658ea37429fa87c87eb68b3371a
evento=http_access status=ok,http_access,1,1c50e9af-f187-4dc3-b621-5551cae6d27d,,,,,,,,,,,,,,,,,,,,,,,,,,,,,,,,web,ok,GET,200,/manifest.webmanifest,INFO,1787873781000000000,e64bfa304a7244aca4ef5625fe7fc11b
evento=http_access status=ok,http_access,2,fcf02ffb-ddb3-4d45-95c5-ec6e5a940912,,,,,,,,,,,,,,,,,,,,,,,,,,,,,,,,web,ok,GET,200,/,INFO,1787873781000000000,15a4b07dec374ecaa009a0aee2ca814b
evento=http_access status=ok,http_access,0,8a0e3b9f-6688-417b-bff8-13051921e67a,,,,,,,,,,,,,,,,,,,,,,,,,,,,,,,,web,ok,GET,200,/manifest.webmanifest,INFO,1787873703000000000,3f86b41fc28d4509b23a7923027669ee
evento=http_access status=ok,http_access,1160,f06f9ed1-a22a-47f2-b0c4-e106d9576c7d,,,,,,,,,,,,,,,,,,,,,,,,,,,,,,,,web,ok,GET,200,/documentacao,INFO,1787873702000000000,272c2dc556af4cc686f8399b6278ff45
evento=http_access status=ok,http_access,0,a7cd20a4-7824-474d-8daa-430e50b9ffc8,,,,,,,,,,,,,,,,,,,,,,,,,,,,,,,,web,ok,GET,200,/manifest.webmanifest,INFO,1787873699000000000,cf380ac28db140e787e1c25353a757a0
evento=http_access status=ok,http_access,3,05fc1a66-13ee-412d-b24e-52b2c4595c38,,,,,,,,,,,,,,,,,,,,,,,,,,,,,,,,web,ok,GET,200,/,INFO,1787873698000000000,7effea43d9da4d11a55be548adf3a716
evento=http_access status=ok,http_access,0,4e78fdfd-fc45-4542-8916-7124b22fde71,,,,,,,,,,,,,,,,,,,,,,,,,,,,,,,,web,ok,GET,200,/,INFO,1787872624000000000,4c8e72a5f60c4cefa8c866a2dd71ef37
evento=http_access status=ok,http_access,0,a9890e59-dc18-4d30-9e37-fe8d2ceb559c,,,,,,,,,,,,,,,,,,,,,,,,,,,,,,,,web,ok,GET,200,/,INFO,1787872624000000000,49f04441d3bc487894154340c122e24a
evento=http_access status=ok,http_access,23,19b34d9e-eed7-4f88-aa92-f41e4b30cb0e,,,,,,,,,,,,,,,,,,,,,,,,,,,,,,,,web,ok,GET,200,/,INFO,1787872327000000000,d9b87a773b1343c1bbcead9585ccd149
evento=http_access status=ok,http_access,305,1e7428af-b394-45cc-82b2-55f1c8929853,,,,,,,,,,,,,,,,,,,,,,,,,,,,,,,,web,ok,GET,200,/manifest.webmanifest,INFO,1787871311000000000,02d1014d4ca94327ba895fc0054235e1
evento=http_access status=ok,http_access,915,92beb90b-1c3d-4212-9251-94d2321d936d,,,,,,,,,,,,,,,,,,,,,,,,,,,,,,,,web,ok,GET,200,/,INFO,1787871310000000000,543e6f29d86a4243908948aa803d245c
evento=http_access status=ok,http_access,1,a0256a17-085a-407b-a1cb-89b2bbda1931,,,,,,,,,,,,,,,,,,,,,,,,,,,,,,,,web,ok,GET,200,/login,INFO,1787849151000000000,f9b57a9961ff409592563e126cf4e447
