body,event.name,framework.duration_ms,framework.event_id,framework.field.atributos,framework.field.autenticacoes,framework.field.avisos,framework.field.conceitos,framework.field.consistente,framework.field.dados,framework.field.durationMs,framework.field.encaminhamentos,framework.field.encerramento,framework.field.enlaces,framework.field.errosCorrigidos,framework.field.errosSemCorrecao,framework.field.hardening,framework.field.httpStatus,framework.field.ip,framework.field.linhas,framework.field.login,framework.field.metodo,framework.field.naoInterpretadas,framework.field.passos,framework.field.passosSelecao,framework.field.pendencias,framework.field.protecoes,framework.field.protocolo,framework.field.resultado,framework.field.rota,framework.field.roteadores,framework.field.status,framework.field.total,framework.field.traceId,framework.module,framework.status,http.request.method,http.response.status_code,http.route,severity,timeUnixNano,traceId
evento=http_access status=ok durationMs=4 httpStatus=200,http_access,4,c39c4c7b-5a65-4261-b6f6-e7927d7f05b7,,,,,,,4,,,,,,,200,,,,,,,,,,,,,,,,,web,ok,GET,200,/manifest.webmanifest,INFO,1788182530000000000,1ce44dd9b8bf49e5954acee44cd1454e
evento=http_access status=ok durationMs=7 httpStatus=200,http_access,7,30fa214c-878d-4c2b-b4f9-2ca50f38078d,,,,,,,7,,,,,,,200,,,,,,,,,,,,,,,,,web,ok,GET,200,/telemetria,INFO,1788182530000000000,652f622c1de94763a55daf47baf1337f
evento=http_access status=ok durationMs=1215 httpStatus=303,http_access,1215,091732f5-ad39-4b23-8118-9260fc79da30,,,,,,,1215,,,,,,,303,,,,,,,,,,,,,,,,,web,ok,GET,303,/login/github/callback,INFO,1788182530000000000,9d9c2f6ebd4540b3b028b0ec5ef60c01
evento=login_github status=ok login=carmipa resultado=ok,login_github,,b6ddf8eb-cf61-482e-a318-49d2ae28c253,,,,,,,,,,,,,,,,,carmipa,,,,,,,,ok,,,,,,seguranca,ok,GET,,/login/github/callback,INFO,1788182530000000000,9d9c2f6ebd4540b3b028b0ec5ef60c01
evento=http_access status=ok durationMs=8 httpStatus=303,http_access,8,4ae609c9-11af-4c13-8bf0-270a1ff7f0ac,,,,,,,8,,,,,,,303,,,,,,,,,,,,,,,,,web,ok,GET,303,/login/github,INFO,1788182528000000000,369d76f9367a4ef883cf004d54a40f82
evento=http_access status=ok durationMs=9 httpStatus=200,http_access,9,e65a33b0-1910-49ea-a39d-cf1c5e587bf4,,,,,,,9,,,,,,,200,,,,,,,,,,,,,,,,,web,ok,GET,200,/login,INFO,1788182526000000000,6a70070bafd4446d92782873b0d57970
evento=http_access status=ok durationMs=17 httpStatus=303,http_access,17,f5a558a5-ce1a-48cd-b4ce-91ed9331c6b8,,,,,,,17,,,,,,,303,,,,,,,,,,,,,,,,,web,ok,GET,303,/telemetria,INFO,1788182526000000000,1386e520381f48a78558f9daae089dbf
evento=http_access status=ok durationMs=0 httpStatus=200,http_access,0,e4ac81bf-a7b3-4c20-be52-fda4c0219637,,,,,,,0,,,,,,,200,,,,,,,,,,,,,,,,,web,ok,GET,200,/manifest.webmanifest,INFO,1788182524000000000,a6718878ad674866b1281aa3c0726a6a
evento=http_access status=ok durationMs=2 httpStatus=200,http_access,2,77421998-2700-470d-8e37-5ef789882c61,,,,,,,2,,,,,,,200,,,,,,,,,,,,,,,,,web,ok,GET,200,/seguranca,INFO,1788182524000000000,36355853dff241d49d724632ebbe5b91
evento=http_access status=ok durationMs=1 httpStatus=200,http_access,1,aab7c3b9-76e2-4fb1-955c-916623cb3058,,,,,,,1,,,,,,,200,,,,,,,,,,,,,,,,,web,ok,GET,200,/manifest.webmanifest,INFO,1788182516000000000,3fafa90943f1480482120d231bb392f5
evento=http_access status=ok durationMs=1 httpStatus=200,http_access,1,dba4b9ae-eca5-4234-b9b5-2618d039b708,,,,,,,1,,,,,,,200,,,,,,,,,,,,,,,,,web,ok,GET,200,/diagnostico,INFO,1788182516000000000,fa087a632d494a1d8f4186c33c2e1b16
evento=http_access status=ok durationMs=0 httpStatus=200,http_access,1,3922fa09-b285-4924-b2bc-9331e545cfe4,,,,,,,0,,,,,,,200,,,,,,,,,,,,,,,,,web,ok,GET,200,/trafego/api/aovivo,INFO,1788182516000000000,ec0341cd3bcc4733808ab8c40cafe78b
evento=http_access status=ok durationMs=1 httpStatus=200,http_access,1,c5eb9d77-2552-48ff-9b25-8d4e5f837d46,,,,,,,1,,,,,,,200,,,,,,,,,,,,,,,,,web,ok,GET,200,/trafego/api/aovivo,INFO,1788182515000000000,ff5d613549e84c318c97a479b5add205
evento=http_access status=ok durationMs=1 httpStatus=200,http_access,1,8d878074-fea2-49d7-8b30-5721c2ea8008,,,,,,,1,,,,,,,200,,,,,,,,,,,,,,,,,web,ok,GET,200,/trafego/api/aovivo,INFO,1788182514000000000,344cdf9bea914550976571e538e65395
evento=http_access status=ok durationMs=1 httpStatus=200,http_access,1,c7692bbc-04b3-4c10-ac8d-7c2cfdd09742,,,,,,,1,,,,,,,200,,,,,,,,,,,,,,,,,web,ok,GET,200,/trafego/api/aovivo,INFO,1788182513000000000,6ab267fce23347bfb3ecd66273f3b766
evento=http_access status=ok durationMs=196 httpStatus=200,http_access,196,06a1c8ab-b504-4fd6-9617-bd00e8317779,,,,,,,196,,,,,,,200,,,,,,,,,,,,,,,,,web,ok,GET,200,/trafego/api/aovivo,INFO,1788182512000000000,732a0cb90ec34211adbc6c00a87893d9
evento=http_access status=ok durationMs=10 httpStatus=200,http_access,10,a2d132cb-92c7-4df1-b96a-482d22412674,,,,,,,10,,,,,,,200,,,,,,,,,,,,,,,,,web,ok,GET,200,/simuladores/api/handshake,INFO,1788182509000000000,81f0a331614d47a68ecb29f09a0cfb89
evento=handshake status=ok dados=true encerramento=true passos=9,handshake,,826a5e94-8970-4bd6-9407-a07dfae48c90,,,,,,true,,,true,,,,,,,,,,,9,,,,,,,,,,,simuladores,ok,GET,,/simuladores/api/handshake,INFO,1788182509000000000,81f0a331614d47a68ecb29f09a0cfb89
evento=http_access status=ok durationMs=1 httpStatus=200,http_access,1,c0b15fe0-0e5c-465a-a20a-878c8ead8178,,,,,,,1,,,,,,,200,,,,,,,,,,,,,,,,,web,ok,GET,200,/manifest.webmanifest,INFO,1788182509000000000,5e48505de9ba4b7481f4755cceed9df1
evento=http_access status=ok durationMs=30 httpStatus=200,http_access,30,19df3b34-4346-48d6-bac3-23f39e787a7f,,,,,,,30,,,,,,,200,,,,,,,,,,,,,,,,,web,ok,GET,200,/trafego,INFO,1788182509000000000,f2285534e936442e84aeb4ab9198318f
evento=http_access status=ok durationMs=0 httpStatus=200,http_access,0,6b4d9a76-5913-4217-8669-c9530c144ae9,,,,,,,0,,,,,,,200,,,,,,,,,,,,,,,,,web,ok,GET,200,/history,INFO,1788182506000000000,d706f08051004cd9adcf2b431646f620
evento=http_access status=ok durationMs=971 httpStatus=200,http_access,971,f2016f6c-6284-497d-8e83-140dc4897181,,,,,,,971,,,,,,,200,,,,,,,,,,,,,,,,,web,ok,GET,200,/api/informacoes/geo,INFO,1788182506000000000,e5b419fbdb8b414eb47113d072b1ceda
evento=history_persist status=ok status=ok total=60,history_persist,,f4d1527d-049d-4bdc-bb4a-e0f570e794cb,,,,,,,,,,,,,,,,,,,,,,,,,,,,ok,60,,analiseDidatica,ok,GET,,/api/informacoes/geo,INFO,1788182506000000000,e5b419fbdb8b414eb47113d072b1ceda
evento=http_access status=ok durationMs=51 httpStatus=200,http_access,51,1dad87e4-680b-43aa-8341-dec3968cdbb6,,,,,,,51,,,,,,,200,,,,,,,,,,,,,,,,,web,ok,GET,200,/history,INFO,1788182505000000000,2fc89315556f4de68d5b1474f90967d5
evento=geo_lookup status=ok ip=visitante-001 status=start,geo_lookup,,7974dc68-286a-45fa-a3d1-e7c19f1e8c41,,,,,,,,,,,,,,,visitante-001,,,,,,,,,,,,,start,,,analiseDidatica,ok,GET,,/api/informacoes/geo,INFO,1788182505000000000,e5b419fbdb8b414eb47113d072b1ceda
evento=http_access status=ok durationMs=1 httpStatus=200,http_access,1,9f2b3a2c-217b-4e11-af70-0b384a822ece,,,,,,,1,,,,,,,200,,,,,,,,,,,,,,,,,web,ok,GET,200,/manifest.webmanifest,INFO,1788182504000000000,621e706b278a45a885e28bcd3dd50553
evento=http_access status=ok durationMs=4 httpStatus=200,http_access,4,2f8614fc-3c12-4d55-a08a-81319b867d21,,,,,,,4,,,,,,,200,,,,,,,,,,,,,,,,,web,ok,GET,200,/localizacao,INFO,1788182504000000000,f48384f54cb14a0085da98a260dc0a5b
evento=http_access status=ok durationMs=1 httpStatus=200,http_access,1,dc2da5f6-e67f-4fa4-b8ae-e526ab1c54ad,,,,,,,1,,,,,,,200,,,,,,,,,,,,,,,,,web,ok,GET,200,/manifest.webmanifest,INFO,1788182500000000000,95bf0e9d9fd24afe9fd5acf50f2d1c43
evento=http_access status=ok durationMs=13 httpStatus=200,http_access,13,181eaa3d-1e3f-416d-93f2-754fe8df8b28,,,,,,,13,,,,,,,200,,,,,,,,,,,,,,,,,web,ok,GET,200,/resolucao-problemas,INFO,1788182500000000000,18164913f0394dd5a12e49de53fd45f6
evento=http_access status=ok durationMs=1 httpStatus=200,http_access,1,c0b89ef5-49c2-4e7b-a283-8aeb7af75ce6,,,,,,,1,,,,,,,200,,,,,,,,,,,,,,,,,web,ok,GET,200,/manifest.webmanifest,INFO,1788182494000000000,f5d24fe51908464691168646e3e62895
evento=http_access status=ok durationMs=73 httpStatus=200,http_access,73,5e174548-d7be-4057-a683-850d542edf34,,,,,,,73,,,,,,,200,,,,,,,,,,,,,,,,,web,ok,GET,200,/protocolos,INFO,1788182494000000000,edc3d4a1f11540f8bd177aa485b2e8e4
evento=catalog_load status=ok total=47,catalog_load,,4324fc53-27dd-48e8-abef-f460dd0703cf,,,,,,,,,,,,,,,,,,,,,,,,,,,,,47,,protocolos,ok,GET,,/protocolos,INFO,1788182494000000000,edc3d4a1f11540f8bd177aa485b2e8e4
evento=catalog_load status=ok total=47,catalog_load,,8067018f-96a4-46a0-906a-7f24aaca1c57,,,,,,,,,,,,,,,,,,,,,,,,,,,,,47,,protocolos,ok,GET,,/protocolos,INFO,1788182494000000000,edc3d4a1f11540f8bd177aa485b2e8e4
evento=http_access status=ok durationMs=1 httpStatus=200,http_access,1,24f1adf0-2a42-4fe2-b1ab-f86b75475d09,,,,,,,1,,,,,,,200,,,,,,,,,,,,,,,,,web,ok,GET,200,/manifest.webmanifest,INFO,1788182488000000000,1668c9ae61cf420ebcc50a31dd818f42
evento=http_access status=ok durationMs=62 httpStatus=200,http_access,62,58afc9af-3156-43d3-9e02-17aa78bd132d,,,,,,,62,,,,,,,200,,,,,,,,,,,,,,,,,web,ok,GET,200,/portas,INFO,1788182488000000000,48fa709541234fa5b0b758a8bb6130e6
evento=catalog_load status=ok total=30,catalog_load,,5967203b-93f5-4417-8074-5bdb49e87f31,,,,,,,,,,,,,,,,,,,,,,,,,,,,,30,,portas,ok,GET,,/portas,INFO,1788182488000000000,48fa709541234fa5b0b758a8bb6130e6
evento=http_access status=ok durationMs=2 httpStatus=200,http_access,2,5b8cdecd-3947-4248-b732-26ed4c8fd758,,,,,,,2,,,,,,,200,,,,,,,,,,,,,,,,,web,ok,GET,200,/manifest.webmanifest,INFO,1788182478000000000,a65bc4bd4c2844c99b4941a2f395e8bb
evento=http_access status=ok durationMs=5 httpStatus=200,http_access,5,6c2d6ac8-6842-4593-8499-1d0e24912086,,,,,,,5,,,,,,,200,,,,,,,,,,,,,,,,,web,ok,GET,200,/calculadora,INFO,1788182478000000000,cf6f1ff4d4ed48218285c201cab25f98
evento=http_access status=ok durationMs=0 httpStatus=200,http_access,0,cd324b65-455a-492e-aa56-9e7cf99f7de0,,,,,,,0,,,,,,,200,,,,,,,,,,,,,,,,,web,ok,GET,200,/mascara-referencia,INFO,1788182476000000000,373cbae5684543a6975c4503290ea580
evento=http_access status=ok durationMs=15 httpStatus=200,http_access,15,c4281ed3-7657-48be-a4ac-b8c626690af3,,,,,,,15,,,,,,,200,,,,,,,,,,,,,,,,,web,ok,GET,200,/mascara-referencia,INFO,1788182476000000000,2537efb048254fd08f49ee3b34e3d2eb
evento=http_access status=ok durationMs=2 httpStatus=200,http_access,3,9f96d974-15b7-455d-95e2-628371794051,,,,,,,2,,,,,,,200,,,,,,,,,,,,,,,,,web,ok,GET,200,/manifest.webmanifest,INFO,1788182476000000000,93fcb83a061342fc9706bdebd71594a5
evento=http_access status=ok durationMs=59 httpStatus=200,http_access,59,6c3c478e-4dc2-45cf-a950-28d7458acf23,,,,,,,59,,,,,,,200,,,,,,,,,,,,,,,,,web,ok,GET,200,/analise,INFO,1788182476000000000,6695e61dc6874d7f9a3025b039d3127c
evento=http_access status=ok durationMs=63 httpStatus=200,http_access,63,89a5a193-722c-4475-a065-1c36a74f5eb6,,,,,,,63,,,,,,,200,,,,,,,,,,,,,,,,,web,ok,GET,200,/manifest.webmanifest,INFO,1788182473000000000,dce44a04206042c2a194cb9f95d7b01b
evento=http_access status=ok durationMs=224 httpStatus=200,http_access,225,998db3ba-ee46-4174-a83e-1aed813bb64d,,,,,,,224,,,,,,,200,,,,,,,,,,,,,,,,,web,ok,GET,200,/,INFO,1788182472000000000,8144ddb9a7dd4c8fb32df2454052821c
evento=http_access status=ok durationMs=146 httpStatus=200,http_access,146,391824ed-e1fe-409d-83c9-618a3a867d37,,,,,,,146,,,,,,,200,,,,,,,,,,,,,,,,,web,ok,GET,200,/,INFO,1788174201000000000,65c5725256eb4a64b12ca0b55ce72814
evento=http_access status=ok durationMs=44 httpStatus=200,http_access,44,0edbbc4d-1ffb-4b07-8f0f-db12341d7475,,,,,,,44,,,,,,,200,,,,,,,,,,,,,,,,,web,ok,GET,200,/,INFO,1788164966000000000,360cc59386994e4281da656682b1d38a
evento=http_access status=ok durationMs=164 httpStatus=200,http_access,165,18a57470-d56c-458a-8136-4425ee9611a0,,,,,,,164,,,,,,,200,,,,,,,,,,,,,,,,,web,ok,GET,200,/,INFO,1788163614000000000,2a152bc9f7384caea9830f333b8b6571
evento=http_access status=ok durationMs=851 httpStatus=200,http_access,857,78f3e3c9-b68e-44b8-92e5-40b3ecbb98e5,,,,,,,851,,,,,,,200,,,,,,,,,,,,,,,,,web,ok,GET,200,/,INFO,1788157967000000000,5684849dc3754e9c842e9000f4e22f9a
evento=pagina_erro_exibida status=warn httpStatus=404 metodo=GET rota=/robots.txt traceId=err-715b64f0-1f98,pagina_erro_exibida,,cac2bbc1-7ab3-4a46-921c-432d22173887,,,,,,,,,,,,,,404,,,,GET,,,,,,,,/robots.txt,,,,err-715b64f0-1f98,paginaErros,warn,,,,WARN,1788109566000000000,
evento=http_access status=ok durationMs=701 httpStatus=200,http_access,704,374090b8-747d-4089-a1c1-fed76bf35a71,,,,,,,701,,,,,,,200,,,,,,,,,,,,,,,,,web,ok,GET,200,/,INFO,1788093653000000000,c6ab28824edb40c5aa661d410b3d3639
evento=http_access status=ok durationMs=412 httpStatus=200,http_access,419,cee5c3ea-3288-4d87-b299-76650772162e,,,,,,,412,,,,,,,200,,,,,,,,,,,,,,,,,web,ok,GET,200,/,INFO,1788065034000000000,fc39621129184cb7bae1ba54ce3ae8aa
evento=http_access status=ok durationMs=1 httpStatus=200,http_access,1,d3aba64a-aee3-484c-b015-00984953b9ec,,,,,,,1,,,,,,,200,,,,,,,,,,,,,,,,,web,ok,GET,200,/,INFO,1788055415000000000,f6df6b7cdca84868977e17b4bb53583f
evento=http_access status=ok durationMs=1 httpStatus=200,http_access,1,02f5f355-9982-4ebf-924e-b20ae89420b6,,,,,,,1,,,,,,,200,,,,,,,,,,,,,,,,,web,ok,GET,200,/,INFO,1788055414000000000,cbfb5e86c0bf427a98f1e75038ff606c
evento=http_access status=ok durationMs=1 httpStatus=200,http_access,1,14410136-e13b-432b-a9cf-d47e91182fe0,,,,,,,1,,,,,,,200,,,,,,,,,,,,,,,,,web,ok,GET,200,/,INFO,1788055414000000000,2d0ec9ec233449c9883174a105c26780
evento=http_access status=ok durationMs=1 httpStatus=200,http_access,1,f7d358a4-b309-4064-8d12-b2f912bc2d8a,,,,,,,1,,,,,,,200,,,,,,,,,,,,,,,,,web,ok,GET,200,/,INFO,1788055413000000000,ff5cc028e1b34ef3978d4a993e081eac
evento=http_access status=ok durationMs=1 httpStatus=200,http_access,1,0bb50e5f-4bc1-44d8-9652-d175396b06da,,,,,,,1,,,,,,,200,,,,,,,,,,,,,,,,,web,ok,GET,200,/,INFO,1788055413000000000,15ab5c2b85d34ead9ff796edadec2acf
evento=http_access status=ok durationMs=10 httpStatus=200,http_access,10,d9402c17-2ab3-4b99-8854-54aed1f53c7e,,,,,,,10,,,,,,,200,,,,,,,,,,,,,,,,,web,ok,GET,200,/,INFO,1788055412000000000,050a19036edc4b7e9f70c61236a78553
evento=http_access status=ok durationMs=1 httpStatus=200,http_access,1,46b339b2-5599-4399-abb4-cca31fc2e03b,,,,,,,1,,,,,,,200,,,,,,,,,,,,,,,,,web,ok,GET,200,/,INFO,1788055412000000000,a02914cb68084226b436328dd5615e44
evento=http_access status=ok durationMs=2 httpStatus=200,http_access,2,001c4596-c4ee-42a2-b252-a13978a929fd,,,,,,,2,,,,,,,200,,,,,,,,,,,,,,,,,web,ok,GET,200,/,INFO,1788055412000000000,88afd689ec054a44a526b12f53f4a0c0
evento=http_access status=ok durationMs=11 httpStatus=200,http_access,11,50295755-43f1-416f-b3ee-cae8b9039eb3,,,,,,,11,,,,,,,200,,,,,,,,,,,,,,,,,web,ok,GET,200,/,INFO,1788055411000000000,d9171084add24e6c9b310a5e8b7982d3
evento=http_access status=ok durationMs=2 httpStatus=200,http_access,2,7acac565-2bb4-40b0-a05e-c0a861715c24,,,,,,,2,,,,,,,200,,,,,,,,,,,,,,,,,web,ok,GET,200,/,INFO,1788055411000000000,be7b69f85e11493b829a129bd019a5b7
evento=http_access status=ok durationMs=28 httpStatus=200,http_access,28,2d04437f-d9e4-4720-8947-b9a60ac2f231,,,,,,,28,,,,,,,200,,,,,,,,,,,,,,,,,web,ok,GET,200,/,INFO,1788055410000000000,26c70cffcd51433f96e302d40a3884df
evento=http_access status=ok durationMs=2 httpStatus=200,http_access,2,93ea857b-7636-4b78-a74b-5810c1ebf713,,,,,,,2,,,,,,,200,,,,,,,,,,,,,,,,,web,ok,GET,200,/,INFO,1788054490000000000,74bc3a618d9742318d6f33cd1e0e501f
evento=http_access status=ok durationMs=102 httpStatus=200,http_access,103,19a75705-c8f7-479c-bfcb-12a6815db097,,,,,,,102,,,,,,,200,,,,,,,,,,,,,,,,,web,ok,GET,200,/,INFO,1788051753000000000,a5acd74d573349148e62cefe474c39f0
evento=http_access status=ok durationMs=113 httpStatus=200,http_access,115,72826a9b-5c1a-456d-ad51-3b3809ad427b,,,,,,,113,,,,,,,200,,,,,,,,,,,,,,,,,web,ok,GET,200,/,INFO,1787977411000000000,f159ab47eebd49eea8f6ea8faa5b2889
evento=http_access status=ok durationMs=115 httpStatus=200,http_access,116,6cde261e-83ee-4f63-be26-ab4822e53f99,,,,,,,115,,,,,,,200,,,,,,,,,,,,,,,,,web,ok,GET,200,/,INFO,1787961867000000000,6d65b1b12ad843d788996fbadc9fbfcb
evento=http_access status=ok durationMs=173 httpStatus=200,http_access,174,60a6ca53-a51e-4f7c-8b60-7a6222fedbc8,,,,,,,173,,,,,,,200,,,,,,,,,,,,,,,,,web,ok,GET,200,/,INFO,1787954549000000000,154b3086023d4cf48c8b5b38dc9c1972
evento=http_access status=ok durationMs=268 httpStatus=200,http_access,268,d7a3b470-e2b4-40be-913b-86a2d43b7822,,,,,,,268,,,,,,,200,,,,,,,,,,,,,,,,,web,ok,GET,200,/manifest.webmanifest,INFO,1787920205000000000,fc6bae6fb9e24dd4a88631ad38b85698
evento=http_access status=ok durationMs=262 httpStatus=200,http_access,263,ea47d5b5-4327-4374-b085-afd9c17cb740,,,,,,,262,,,,,,,200,,,,,,,,,,,,,,,,,web,ok,GET,200,/,INFO,1787920204000000000,06310af7f79740d599f021740cc4c15d
evento=http_access status=ok durationMs=98 httpStatus=200,http_access,98,91fe1931-34ae-45b0-82a0-7fce73013278,,,,,,,98,,,,,,,200,,,,,,,,,,,,,,,,,web,ok,GET,200,/documentacao,INFO,1787913028000000000,88f9cc043c4d4a1982489e1573b0ece4
evento=http_access status=ok durationMs=20 httpStatus=200,http_access,20,a5ef4c6b-6c05-4a73-87db-bd2bfbcda41d,,,,,,,20,,,,,,,200,,,,,,,,,,,,,,,,,web,ok,GET,200,/resolucao-problemas,INFO,1787913027000000000,7a05d5a92fd443338302bc0b44c6033b
evento=http_access status=ok durationMs=6 httpStatus=200,http_access,6,282cbd87-6054-4931-bc92-85efd0f71425,,,,,,,6,,,,,,,200,,,,,,,,,,,,,,,,,web,ok,GET,200,/admin/login,INFO,1787913027000000000,996047521e2e492e92071cf725b2594b
evento=http_access status=ok durationMs=76 httpStatus=200,http_access,76,0b849400-0511-46f5-a229-a322fa944448,,,,,,,76,,,,,,,200,,,,,,,,,,,,,,,,,web,ok,GET,200,/analise,INFO,1787913026000000000,840222dbe06e4a38979ac5500e85a0fd
evento=http_access status=ok durationMs=119 httpStatus=200,http_access,119,c23d06b9-4199-418f-a88a-c1af2347aeb6,,,,,,,119,,,,,,,200,,,,,,,,,,,,,,,,,web,ok,GET,200,/protocolos,INFO,1787913025000000000,aed789288a2a4e17a563c4c82d2ee180
evento=catalog_load status=ok total=47,catalog_load,,43a85c80-93dc-4b3c-8cfa-6a0f7539bf45,,,,,,,,,,,,,,,,,,,,,,,,,,,,,47,,protocolos,ok,GET,,/protocolos,INFO,1787913025000000000,aed789288a2a4e17a563c4c82d2ee180
evento=catalog_load status=ok total=47,catalog_load,,d3bbd943-92b3-4e9c-befa-90d9e7eb1afe,,,,,,,,,,,,,,,,,,,,,,,,,,,,,47,,protocolos,ok,GET,,/protocolos,INFO,1787913025000000000,aed789288a2a4e17a563c4c82d2ee180
evento=http_access status=ok durationMs=9 httpStatus=200,http_access,9,55c683dc-79f8-4c83-a451-4a6f370fa28d,,,,,,,9,,,,,,,200,,,,,,,,,,,,,,,,,web,ok,GET,200,/trafego,INFO,1787913024000000000,609e6339086a446ca4a007afc9aaf8c8
evento=http_access status=ok durationMs=1 httpStatus=200,http_access,1,44c0aa66-0400-4a23-b8eb-20caa7201f56,,,,,,,1,,,,,,,200,,,,,,,,,,,,,,,,,web,ok,GET,200,/sobre,INFO,1787913023000000000,78eba7dd1c8f465b86b6783e8c86fdc8
evento=http_access status=ok durationMs=1027 httpStatus=200,http_access,1028,0017a08f-bf83-4e9f-b091-1caa326a134b,,,,,,,1027,,,,,,,200,,,,,,,,,,,,,,,,,web,ok,GET,200,/informacoes,INFO,1787913023000000000,1e769076ad3b4609b827038e66fa617a
evento=geo_lookup status=ok ip=visitante-002 status=start,geo_lookup,,3e9468e0-b8ff-4d99-b92c-ebe2d35f612b,,,,,,,,,,,,,,,visitante-002,,,,,,,,,,,,,start,,,analiseDidatica,ok,GET,,/informacoes,INFO,1787913022000000000,1e769076ad3b4609b827038e66fa617a
evento=http_access status=ok durationMs=32 httpStatus=200,http_access,32,ebe2a724-127c-497c-b514-24e78bdba963,,,,,,,32,,,,,,,200,,,,,,,,,,,,,,,,,web,ok,GET,200,/calculadora,INFO,1787913021000000000,71733c54fdb84c919e58f616b04691ff
evento=http_access status=ok durationMs=3 httpStatus=200,http_access,3,90e4d441-3a8f-47e0-a400-1c5e5ab7b76c,,,,,,,3,,,,,,,200,,,,,,,,,,,,,,,,,web,ok,GET,200,/diagnostico,INFO,1787913019000000000,49abd35de5f847e89b5b4c51389e9743
evento=http_access status=ok durationMs=96 httpStatus=200,http_access,96,782bcb04-062c-4620-9c32-e7fa8d522fd7,,,,,,,96,,,,,,,200,,,,,,,,,,,,,,,,,web,ok,GET,200,/portas,INFO,1787913018000000000,c778ac5213dd46b1832dee8d7acc7309
evento=catalog_load status=ok total=30,catalog_load,,174eedff-0106-42e1-abaf-83ef2e24228e,,,,,,,,,,,,,,,,,,,,,,,,,,,,,30,,portas,ok,GET,,/portas,INFO,1787913017000000000,c778ac5213dd46b1832dee8d7acc7309
evento=http_access status=ok durationMs=29 httpStatus=200,http_access,29,ec92b2be-7b54-4c01-a6dc-9e755cf92b18,,,,,,,29,,,,,,,200,,,,,,,,,,,,,,,,,web,ok,GET,200,/seguranca,INFO,1787913014000000000,287eeccf528243f5a64cc0d22fea4505
evento=http_access status=ok durationMs=7 httpStatus=200,http_access,7,632afe7a-1aed-4e43-a986-bcca027aedbe,,,,,,,7,,,,,,,200,,,,,,,,,,,,,,,,,web,ok,GET,200,/localizacao,INFO,1787913009000000000,62bb82776e044ebb973d5771ae73d8dc
evento=http_access status=ok durationMs=170 httpStatus=200,http_access,170,092a9938-04db-40aa-a765-c104909fa8d9,,,,,,,170,,,,,,,200,,,,,,,,,,,,,,,,,web,ok,GET,200,/manifest.webmanifest,INFO,1787913007000000000,643f784239e54fd8bf1c10ea7d9354ee
evento=http_access status=ok durationMs=153 httpStatus=200,http_access,154,e88dffa4-ed70-4660-b677-39818ded91ad,,,,,,,153,,,,,,,200,,,,,,,,,,,,,,,,,web,ok,GET,200,/,INFO,1787913004000000000,d3b8baede47a4abaa3970ae8d3f32080
evento=http_access status=ok durationMs=3 httpStatus=200,http_access,3,fb379f6d-c6d8-425b-bae3-feabd3e7f802,,,,,,,3,,,,,,,200,,,,,,,,,,,,,,,,,web,ok,GET,200,/,INFO,1787882160000000000,3c170670a75047ab8be0b214ed7c2b3c
evento=http_access status=ok durationMs=29 httpStatus=200,http_access,29,ae06e594-47f3-4b6b-9226-946814c5bd6a,,,,,,,29,,,,,,,200,,,,,,,,,,,,,,,,,web,ok,GET,200,/,INFO,1787882157000000000,c9104fdb12054fc4ac122206f73f1fc7
evento=http_access status=ok durationMs=118 httpStatus=200,http_access,118,0a172de3-0e3f-46de-90c0-34892ca5a339,,,,,,,118,,,,,,,200,,,,,,,,,,,,,,,,,web,ok,GET,200,/,INFO,1787881600000000000,0d43a62d49164e48a2c0b899a6e00f67
evento=http_access status=ok durationMs=1 httpStatus=200,http_access,1,2af70504-b470-42c2-aadc-23b5913fd320,,,,,,,1,,,,,,,200,,,,,,,,,,,,,,,,,web,ok,GET,200,/manifest.webmanifest,INFO,1787873792000000000,aa042b76f5a94961ac7326a93eb5f449
evento=http_access status=ok durationMs=61 httpStatus=200,http_access,61,d3b1b15e-e422-4209-8d25-29c492abe791,,,,,,,61,,,,,,,200,,,,,,,,,,,,,,,,,web,ok,GET,200,/documentacao,INFO,1787873792000000000,4610d658ea37429fa87c87eb68b3371a
evento=http_access status=ok durationMs=1 httpStatus=200,http_access,1,1c50e9af-f187-4dc3-b621-5551cae6d27d,,,,,,,1,,,,,,,200,,,,,,,,,,,,,,,,,web,ok,GET,200,/manifest.webmanifest,INFO,1787873781000000000,e64bfa304a7244aca4ef5625fe7fc11b
evento=http_access status=ok durationMs=2 httpStatus=200,http_access,2,fcf02ffb-ddb3-4d45-95c5-ec6e5a940912,,,,,,,2,,,,,,,200,,,,,,,,,,,,,,,,,web,ok,GET,200,/,INFO,1787873781000000000,15a4b07dec374ecaa009a0aee2ca814b
evento=http_access status=ok durationMs=0 httpStatus=200,http_access,0,8a0e3b9f-6688-417b-bff8-13051921e67a,,,,,,,0,,,,,,,200,,,,,,,,,,,,,,,,,web,ok,GET,200,/manifest.webmanifest,INFO,1787873703000000000,3f86b41fc28d4509b23a7923027669ee
evento=http_access status=ok durationMs=1160 httpStatus=200,http_access,1160,f06f9ed1-a22a-47f2-b0c4-e106d9576c7d,,,,,,,1160,,,,,,,200,,,,,,,,,,,,,,,,,web,ok,GET,200,/documentacao,INFO,1787873702000000000,272c2dc556af4cc686f8399b6278ff45
evento=http_access status=ok durationMs=0 httpStatus=200,http_access,0,a7cd20a4-7824-474d-8daa-430e50b9ffc8,,,,,,,0,,,,,,,200,,,,,,,,,,,,,,,,,web,ok,GET,200,/manifest.webmanifest,INFO,1787873699000000000,cf380ac28db140e787e1c25353a757a0
evento=http_access status=ok durationMs=3 httpStatus=200,http_access,3,05fc1a66-13ee-412d-b24e-52b2c4595c38,,,,,,,3,,,,,,,200,,,,,,,,,,,,,,,,,web,ok,GET,200,/,INFO,1787873698000000000,7effea43d9da4d11a55be548adf3a716
evento=http_access status=ok durationMs=0 httpStatus=200,http_access,0,4e78fdfd-fc45-4542-8916-7124b22fde71,,,,,,,0,,,,,,,200,,,,,,,,,,,,,,,,,web,ok,GET,200,/,INFO,1787872624000000000,4c8e72a5f60c4cefa8c866a2dd71ef37
evento=http_access status=ok durationMs=0 httpStatus=200,http_access,0,a9890e59-dc18-4d30-9e37-fe8d2ceb559c,,,,,,,0,,,,,,,200,,,,,,,,,,,,,,,,,web,ok,GET,200,/,INFO,1787872624000000000,49f04441d3bc487894154340c122e24a
evento=http_access status=ok durationMs=23 httpStatus=200,http_access,23,19b34d9e-eed7-4f88-aa92-f41e4b30cb0e,,,,,,,23,,,,,,,200,,,,,,,,,,,,,,,,,web,ok,GET,200,/,INFO,1787872327000000000,d9b87a773b1343c1bbcead9585ccd149
evento=http_access status=ok durationMs=305 httpStatus=200,http_access,305,1e7428af-b394-45cc-82b2-55f1c8929853,,,,,,,305,,,,,,,200,,,,,,,,,,,,,,,,,web,ok,GET,200,/manifest.webmanifest,INFO,1787871311000000000,02d1014d4ca94327ba895fc0054235e1
evento=http_access status=ok durationMs=909 httpStatus=200,http_access,915,92beb90b-1c3d-4212-9251-94d2321d936d,,,,,,,909,,,,,,,200,,,,,,,,,,,,,,,,,web,ok,GET,200,/,INFO,1787871310000000000,543e6f29d86a4243908948aa803d245c
evento=http_access status=ok durationMs=1 httpStatus=200,http_access,1,a0256a17-085a-407b-a1cb-89b2bbda1931,,,,,,,1,,,,,,,200,,,,,,,,,,,,,,,,,web,ok,GET,200,/login,INFO,1787849151000000000,f9b57a9961ff409592563e126cf4e447
evento=http_access status=ok durationMs=1 httpStatus=303,http_access,1,014a83b9-3aec-4281-8be2-bab44c28ab5f,,,,,,,1,,,,,,,303,,,,,,,,,,,,,,,,,web,ok,GET,303,/telemetria,INFO,1787849151000000000,7f370a49e7b3467cb19ebae2c8ffc50a
evento=http_access status=ok durationMs=13 httpStatus=200,http_access,13,f9ad102f-d20a-4e8c-90ea-b321cf344bc8,,,,,,,13,,,,,,,200,,,,,,,,,,,,,,,,,web,ok,GET,200,/,INFO,1787849148000000000,d31f60ee1fed435689418a7cbe2d66c6
evento=http_access status=ok durationMs=62 httpStatus=200,http_access,62,e842a193-2623-4096-b81a-f6c5face4ef6,,,,,,,62,,,,,,,200,,,,,,,,,,,,,,,,,web,ok,GET,200,/,INFO,1787848217000000000,453bb87ee8f548a68ea1f2b3834f7f84
evento=http_access status=ok durationMs=1 httpStatus=200,http_access,1,33a8d7cf-7297-4e49-a7a9-e3098401bfe5,,,,,,,1,,,,,,,200,,,,,,,,,,,,,,,,,web,ok,GET,200,/,INFO,1787848215000000000,1d2abfa9ccf1458097cf64ec7bfabd4b
evento=http_access status=ok durationMs=3 httpStatus=200,http_access,3,b7bb465f-8940-4db4-b35d-b700130e8ee9,,,,,,,3,,,,,,,200,,,,,,,,,,,,,,,,,web,ok,GET,200,/,INFO,1787848214000000000,78d983ce82ff460abd9937a5ca531d43
evento=http_access status=ok durationMs=7 httpStatus=200,http_access,7,a125c6ea-9773-480e-b49b-b942530967ec,,,,,,,7,,,,,,,200,,,,,,,,,,,,,,,,,web,ok,GET,200,/sobre,INFO,1787848213000000000,ad7f90b1786b482b9ca8bbeb6534cb5c
evento=http_access status=ok durationMs=389 httpStatus=200,http_access,389,47df41c9-ff6a-4f27-873f-a320c8dd2d4e,,,,,,,389,,,,,,,200,,,,,,,,,,,,,,,,,web,ok,GET,200,/simuladores/api/handshake,INFO,1787848212000000000,fa0ac17e87c54e6e93cfd934e3b7be83
evento=handshake status=ok dados=true encerramento=true passos=9,handshake,,cc0cc21f-1df8-44bf-ba8c-2a8dfea82b14,,,,,,true,,,true,,,,,,,,,,,9,,,,,,,,,,,simuladores,ok,GET,,/simuladores/api/handshake,INFO,1787848212000000000,fa0ac17e87c54e6e93cfd934e3b7be83
evento=http_access status=ok durationMs=9 httpStatus=200,http_access,9,bda072fa-8782-4db3-b0a2-b9e592eeca42,,,,,,,9,,,,,,,200,,,,,,,,,,,,,,,,,web,ok,GET,200,/trafego,INFO,1787848212000000000,0c0c38cb2f07465082aef1c858c53d23
evento=http_access status=ok durationMs=43 httpStatus=200,http_access,43,02933fdb-5cae-42e5-bc26-d54583ec0f34,,,,,,,43,,,,,,,200,,,,,,,,,,,,,,,,,web,ok,GET,200,/localizacao,INFO,1787848211000000000,cadf8f57aa5d4f70a4524efb5b2ca92f
evento=http_access status=ok durationMs=4 httpStatus=200,http_access,4,6e071884-41ec-46a6-9d35-54b2be2741ed,,,,,,,4,,,,,,,200,,,,,,,,,,,,,,,,,web,ok,GET,200,/,INFO,1787848206000000000,0e7df95db6694fdba7f176205bd724cc
evento=http_access status=ok durationMs=7 httpStatus=200,http_access,7,f2baebe0-945a-4159-8d02-977bd1b449aa,,,,,,,7,,,,,,,200,,,,,,,,,,,,,,,,,web,ok,GET,200,/sobre,INFO,1787848203000000000,74085478ac464dccb4050dce94ea59da
evento=http_access status=ok durationMs=1 httpStatus=200,http_access,1,2e399b2a-3836-42fb-adff-fe10d81a88cb,,,,,,,1,,,,,,,200,,,,,,,,,,,,,,,,,web,ok,GET,200,/,INFO,1787848201000000000,d1aa7ada27cb4e2687f62dd107d6a80b
evento=http_access status=ok durationMs=51 httpStatus=200,http_access,51,735585a6-4950-4563-921c-788beb65d75c,,,,,,,51,,,,,,,200,,,,,,,,,,,,,,,,,web,ok,GET,200,/login,INFO,1787848190000000000,84cc6530e9a84906a10f4411d527b12c
evento=http_access status=ok durationMs=82 httpStatus=303,http_access,82,681015f7-1f51-43b8-97dc-8b9638537cc4,,,,,,,82,,,,,,,303,,,,,,,,,,,,,,,,,web,ok,GET,303,/telemetria,INFO,1787848190000000000,691d7af3aa78482485e3c164680ff97c
evento=http_access status=ok durationMs=3 httpStatus=200,http_access,3,a37ef7e7-b65e-496d-ad64-52f7b28a5c4d,,,,,,,3,,,,,,,200,,,,,,,,,,,,,,,,,web,ok,GET,200,/mascara-referencia,INFO,1787848188000000000,34fea46186a94694ba4d5bd875e07b89
evento=http_access status=ok durationMs=53 httpStatus=200,http_access,53,dcb9a040-874c-4b57-86a7-1bb33c12ecb7,,,,,,,53,,,,,,,200,,,,,,,,,,,,,,,,,web,ok,GET,200,/mascara-referencia,INFO,1787848187000000000,a63bbe81fe1544d1aff6d3c9e639125e
evento=http_access status=ok durationMs=322 httpStatus=200,http_access,322,23081aba-543c-407c-8669-10405ab36c76,,,,,,,322,,,,,,,200,,,,,,,,,,,,,,,,,web,ok,GET,200,/analise,INFO,1787848187000000000,6bb417fdf2a64e06bc835270e2b4e251
evento=http_access status=ok durationMs=20 httpStatus=200,http_access,20,be54d1c9-ddd9-4f16-b1d1-2f57926d7c84,,,,,,,20,,,,,,,200,,,,,,,,,,,,,,,,,web,ok,GET,200,/,INFO,1787848183000000000,56552e374cca43c8b38bdc81f9364c2b
evento=http_access status=ok durationMs=602 httpStatus=200,http_access,604,99c6f37b-2d43-488c-87fc-df1e3d794ec4,,,,,,,602,,,,,,,200,,,,,,,,,,,,,,,,,web,ok,GET,200,/,INFO,1787847768000000000,506f0ed4d7874245ae24cef1a628e4fe
evento=pagina_erro_exibida status=warn httpStatus=404 metodo=GET rota=/robots.txt traceId=err-30b26dea-0a04,pagina_erro_exibida,,9b8a1740-6245-4061-9ac4-ae15a3844495,,,,,,,,,,,,,,404,,,,GET,,,,,,,,/robots.txt,,,,err-30b26dea-0a04,paginaErros,warn,,,,WARN,1787845099000000000,
evento=http_access status=ok durationMs=49 httpStatus=200,http_access,49,e1cfa1ce-a5c9-49da-be69-826558ba90a9,,,,,,,49,,,,,,,200,,,,,,,,,,,,,,,,,web,ok,GET,200,/manifest.webmanifest,INFO,1787843185000000000,f13aea87b7774f2aad243d593d07e442
evento=http_access status=ok durationMs=137 httpStatus=200,http_access,138,ebc7838c-2362-46d1-996e-c3324987d3f8,,,,,,,137,,,,,,,200,,,,,,,,,,,,,,,,,web,ok,GET,200,/,INFO,1787843184000000000,0798183056e648509ddf2b74f764be6b
evento=http_access status=ok durationMs=1 httpStatus=200,http_access,1,0f339095-708d-4aee-9608-35c897a338b8,,,,,,,1,,,,,,,200,,,,,,,,,,,,,,,,,web,ok,GET,200,/manifest.webmanifest,INFO,1787833119000000000,7dabf2c7229c4cd7b64636d492d1478d
evento=http_access status=ok durationMs=3 httpStatus=200,http_access,3,1fdfe2bb-fabd-46b9-9d50-9539e2f00766,,,,,,,3,,,,,,,200,,,,,,,,,,,,,,,,,web,ok,GET,200,/,INFO,1787833119000000000,169cf826a58b4c6697c7f6337365574f
evento=http_access status=ok durationMs=1 httpStatus=200,http_access,1,04aa10de-5fff-4407-bec8-e38bab1179e1,,,,,,,1,,,,,,,200,,,,,,,,,,,,,,,,,web,ok,GET,200,/manifest.webmanifest,INFO,1787832176000000000,00a90740cfbf4046aa17dec9807fbd74
evento=http_access status=ok durationMs=1 httpStatus=200,http_access,1,7aebc97c-eb7c-4c8e-a0b7-3eaeb34f9312,,,,,,,1,,,,,,,200,,,,,,,,,,,,,,,,,web,ok,GET,200,/,INFO,1787832176000000000,a00915baad0a47ef990bb1d2749c2295
evento=http_access status=ok durationMs=1 httpStatus=200,http_access,1,1c93f3dc-7ee2-4fc6-bdb1-c62dbd7f0d06,,,,,,,1,,,,,,,200,,,,,,,,,,,,,,,,,web,ok,GET,200,/mascara-referencia,INFO,1787832175000000000,283b9fff3f4f406e98901cda15dd84f2
evento=http_access status=ok durationMs=1 httpStatus=200,http_access,1,8bcc4b01-1d1e-4cc3-91b2-b37a54672916,,,,,,,1,,,,,,,200,,,,,,,,,,,,,,,,,web,ok,GET,200,/mascara-referencia,INFO,1787832175000000000,e59f29ac480c460183923d689d49fe66
evento=http_access status=ok durationMs=1 httpStatus=200,http_access,1,85f068db-0bea-4f8d-8c7d-345075220794,,,,,,,1,,,,,,,200,,,,,,,,,,,,,,,,,web,ok,GET,200,/manifest.webmanifest,INFO,1787832175000000000,2c112cea4d814268828707e17dedfcce
evento=http_access status=ok durationMs=2 httpStatus=200,http_access,2,da14e712-6b9d-4867-9575-1968b880feca,,,,,,,2,,,,,,,200,,,,,,,,,,,,,,,,,web,ok,GET,200,/analise,INFO,1787832175000000000,b3533217e3eb439aafdd1589b1738939
evento=http_access status=ok durationMs=1 httpStatus=200,http_access,1,5748aa47-89eb-4168-b5fd-6cc423af367a,,,,,,,1,,,,,,,200,,,,,,,,,,,,,,,,,web,ok,GET,200,/manifest.webmanifest,INFO,1787832174000000000,3e7eaa368f924e9690d14756528c0366
evento=http_access status=ok durationMs=4 httpStatus=200,http_access,4,1ac6030d-e279-406e-b406-07b1ffad323e,,,,,,,4,,,,,,,200,,,,,,,,,,,,,,,,,web,ok,GET,200,/calculadora,INFO,1787832174000000000,442fb3d42241416da67bc833e5f8fa9a
evento=http_access status=ok durationMs=0 httpStatus=200,http_access,0,82a04c88-7056-4b43-a774-398637a2bb27,,,,,,,0,,,,,,,200,,,,,,,,,,,,,,,,,web,ok,GET,200,/manifest.webmanifest,INFO,1787832174000000000,477363cfab6143e5b94b967040784a5b
evento=http_access status=ok durationMs=17 httpStatus=200,http_access,17,dc89bece-5785-4b33-8035-2683ae1ee9d7,,,,,,,17,,,,,,,200,,,,,,,,,,,,,,,,,web,ok,GET,200,/portas,INFO,1787832174000000000,e6d10d7f2acf4e148a38fd14710a3aa7
evento=catalog_load status=ok total=30,catalog_load,,fb5e2164-74af-4ea0-a414-2120b220a8a4,,,,,,,,,,,,,,,,,,,,,,,,,,,,,30,,portas,ok,GET,,/portas,INFO,1787832174000000000,e6d10d7f2acf4e148a38fd14710a3aa7
evento=http_access status=ok durationMs=0 httpStatus=200,http_access,0,916decc7-016f-47d3-b311-2f42c5bfe88d,,,,,,,0,,,,,,,200,,,,,,,,,,,,,,,,,web,ok,GET,200,/manifest.webmanifest,INFO,1787832173000000000,b6b1f59d2a9c40739cb2918f11a853f4
evento=http_access status=ok durationMs=12 httpStatus=200,http_access,12,8c630cca-ced2-4a3b-90a5-eb5f4d7e9c7d,,,,,,,12,,,,,,,200,,,,,,,,,,,,,,,,,web,ok,GET,200,/protocolos,INFO,1787832173000000000,7298736fddd34d21b228303ddee2bdf3
evento=catalog_load status=ok total=47,catalog_load,,1dd1ce4a-1eca-47ae-abe6-bf523f95c330,,,,,,,,,,,,,,,,,,,,,,,,,,,,,47,,protocolos,ok,GET,,/protocolos,INFO,1787832173000000000,7298736fddd34d21b228303ddee2bdf3
evento=catalog_load status=ok total=47,catalog_load,,efd09838-4e6b-477c-adea-5205ebb93956,,,,,,,,,,,,,,,,,,,,,,,,,,,,,47,,protocolos,ok,GET,,/protocolos,INFO,1787832173000000000,7298736fddd34d21b228303ddee2bdf3
evento=http_access status=ok durationMs=1 httpStatus=200,http_access,1,a703fbfb-d0a5-454e-bacd-fc4f036aa2bd,,,,,,,1,,,,,,,200,,,,,,,,,,,,,,,,,web,ok,GET,200,/manifest.webmanifest,INFO,1787832170000000000,13fafc8b14574a1e9e277f872167b95b
evento=http_access status=ok durationMs=10 httpStatus=200,http_access,10,18d942cc-94e6-4904-b337-d902825a8a20,,,,,,,10,,,,,,,200,,,,,,,,,,,,,,,,,web,ok,GET,200,/resolucao-problemas,INFO,1787832170000000000,aa2ee54fb07044519b4c8d97b50037fa
evento=http_access status=ok durationMs=2 httpStatus=200,http_access,2,3a71e35c-6adc-4bff-9251-4d7daee709c0,,,,,,,2,,,,,,,200,,,,,,,,,,,,,,,,,web,ok,GET,200,/manifest.webmanifest,INFO,1787832165000000000,cfa30ab8f10d4dc2b0132505b98e5202
evento=http_access status=ok durationMs=81 httpStatus=200,http_access,81,c7800f31-c434-41e2-bb43-6a754bdbcf7a,,,,,,,81,,,,,,,200,,,,,,,,,,,,,,,,,web,ok,GET,200,/protocolos,INFO,1787832165000000000,b1bbdfddf6ce4d2aa39cb1ddd6d76eac
evento=catalog_load status=ok total=47,catalog_load,,250947d3-5457-4f34-9535-cb5ddbdbe923,,,,,,,,,,,,,,,,,,,,,,,,,,,,,47,,protocolos,ok,GET,,/protocolos,INFO,1787832165000000000,b1bbdfddf6ce4d2aa39cb1ddd6d76eac
evento=catalog_load status=ok total=47,catalog_load,,206b7c01-ae03-4d7c-96c1-c3efb716861d,,,,,,,,,,,,,,,,,,,,,,,,,,,,,47,,protocolos,ok,GET,,/protocolos,INFO,1787832165000000000,b1bbdfddf6ce4d2aa39cb1ddd6d76eac
evento=http_access status=ok durationMs=1 httpStatus=200,http_access,1,9282fb45-7795-471e-9e83-4ba0cd69e212,,,,,,,1,,,,,,,200,,,,,,,,,,,,,,,,,web,ok,GET,200,/mascara-referencia,INFO,1787832162000000000,19a7ad73ae8a49fa8587e05557fcf3a2
evento=http_access status=ok durationMs=11 httpStatus=200,http_access,11,e6608fd3-1199-47f5-ba72-4bb607140522,,,,,,,11,,,,,,,200,,,,,,,,,,,,,,,,,web,ok,GET,200,/mascara-referencia,INFO,1787832162000000000,01ef98c7c40a42f0acd8881213488b2e
evento=http_access status=ok durationMs=1 httpStatus=200,http_access,1,089e06c4-2c74-4876-b523-dc44bfa862ea,,,,,,,1,,,,,,,200,,,,,,,,,,,,,,,,,web,ok,GET,200,/manifest.webmanifest,INFO,1787832162000000000,4450830d82e74b5b9d39ce60f1c90493
evento=http_access status=ok durationMs=68 httpStatus=200,http_access,68,fcd36b36-e429-4e65-a10e-04ae198c825a,,,,,,,68,,,,,,,200,,,,,,,,,,,,,,,,,web,ok,GET,200,/analise,INFO,1787832162000000000,9bfdeaef69ff4089a18188eaef153c48
evento=http_access status=ok durationMs=58 httpStatus=200,http_access,58,1ed0eeda-4251-44f8-8379-cafedf575d2d,,,,,,,58,,,,,,,200,,,,,,,,,,,,,,,,,web,ok,GET,200,/manifest.webmanifest,INFO,1787832160000000000,ba238012794c4c33b6cd92d78bf14490
evento=http_access status=ok durationMs=67 httpStatus=200,http_access,67,ec44a2e8-446b-4001-a22e-84ca7dcc8848,,,,,,,67,,,,,,,200,,,,,,,,,,,,,,,,,web,ok,GET,200,/,INFO,1787832159000000000,7c40d7064f4f4ba19618b626686066c9
evento=http_access status=ok durationMs=141 httpStatus=200,http_access,142,df8bc3ee-75d7-49ea-8044-c3de50e88590,,,,,,,141,,,,,,,200,,,,,,,,,,,,,,,,,web,ok,GET,200,/,INFO,1787827897000000000,991517d3226941b8adcbfcae3b53b64e
evento=http_access status=ok durationMs=152 httpStatus=200,http_access,153,6d9084ef-4bb0-4cbb-811d-5358021206c0,,,,,,,152,,,,,,,200,,,,,,,,,,,,,,,,,web,ok,GET,200,/,INFO,1787804863000000000,8a50fc56522e41588c47d29311406ff3
evento=pagina_erro_exibida status=warn httpStatus=404 metodo=GET rota=/robots.txt traceId=err-442aa440-2d72,pagina_erro_exibida,,7a3f40e0-b894-42e8-9152-2824dc250917,,,,,,,,,,,,,,404,,,,GET,,,,,,,,/robots.txt,,,,err-442aa440-2d72,paginaErros,warn,,,,WARN,1787785369000000000,
evento=pagina_erro_exibida status=warn httpStatus=404 metodo=GET rota=/robots.txt traceId=err-3c59f459-b76a,pagina_erro_exibida,,ef133e33-1880-42ec-9baa-92557fd56b84,,,,,,,,,,,,,,404,,,,GET,,,,,,,,/robots.txt,,,,err-3c59f459-b76a,paginaErros,warn,,,,WARN,1787682638000000000,
evento=http_access status=ok durationMs=1 httpStatus=200,http_access,2,8305a193-3c37-46f4-8fa6-f6a9e94a38a0,,,,,,,1,,,,,,,200,,,,,,,,,,,,,,,,,web,ok,GET,200,/manifest.webmanifest,INFO,1787611948000000000,091ddf45e3c34a36b2d063999411d5cb
evento=http_access status=ok durationMs=2 httpStatus=200,http_access,2,12644d1d-082b-48b8-82cb-c43bad979916,,,,,,,2,,,,,,,200,,,,,,,,,,,,,,,,,web,ok,GET,200,/,INFO,1787611948000000000,c143568670fb4f4eadfbe99f0c0e4ae8
evento=http_access status=ok durationMs=55 httpStatus=200,http_access,55,08080ede-0911-4759-9a49-bc6dc9f9df63,,,,,,,55,,,,,,,200,,,,,,,,,,,,,,,,,web,ok,GET,200,/manifest.webmanifest,INFO,1787611512000000000,741ca3498f1046228f6139d4240de632
evento=http_access status=ok durationMs=99 httpStatus=200,http_access,99,0d9e2d79-0cca-4459-8289-fe194b932f00,,,,,,,99,,,,,,,200,,,,,,,,,,,,,,,,,web,ok,GET,200,/,INFO,1787611511000000000,f7e72d9575e1413a822cd7e3fb0c9d96
evento=http_access status=ok durationMs=1 httpStatus=200,http_access,1,e07539cf-f50a-41bc-87cc-78b430eea6a0,,,,,,,1,,,,,,,200,,,,,,,,,,,,,,,,,web,ok,GET,200,/,INFO,1787608724000000000,f6d97d27855646edbbcf85bda3ca606b
evento=http_access status=ok durationMs=135 httpStatus=200,http_access,135,075386f4-cb3c-4f79-8171-c90938041b17,,,,,,,135,,,,,,,200,,,,,,,,,,,,,,,,,web,ok,GET,200,/,INFO,1787608706000000000,9b0bceef87d140c980cc82a3f90f5985
evento=pagina_erro_exibida status=warn httpStatus=404 metodo=GET rota=/robots.txt traceId=err-345d61ce-4c1b,pagina_erro_exibida,,18014d8b-c67c-455a-9e49-cdf5d56ee79a,,,,,,,,,,,,,,404,,,,GET,,,,,,,,/robots.txt,,,,err-345d61ce-4c1b,paginaErros,warn,,,,WARN,1787586421000000000,
evento=http_access status=ok durationMs=89 httpStatus=200,http_access,90,2a5bc6f0-5a22-4042-8540-4a06ebbdd86e,,,,,,,89,,,,,,,200,,,,,,,,,,,,,,,,,web,ok,GET,200,/,INFO,1787550224000000000,0f6e75086b1245f8b5ca567cde1d7eff
evento=pagina_erro_exibida status=warn httpStatus=404 metodo=GET rota=/robots.txt traceId=err-3d5cd7eb-7578,pagina_erro_exibida,,ae504931-1bfd-4938-83b4-f6be04d34297,,,,,,,,,,,,,,404,,,,GET,,,,,,,,/robots.txt,,,,err-3d5cd7eb-7578,paginaErros,warn,,,,WARN,1787497344000000000,
evento=http_access status=ok durationMs=96 httpStatus=200,http_access,97,a38d16d9-fef5-4583-a9d7-5ac7b0e28b06,,,,,,,96,,,,,,,200,,,,,,,,,,,,,,,,,web,ok,GET,200,/,INFO,1787469213000000000,308c8adf5b2e4e9dbc3695ef2bb9cdd0
evento=http_access status=ok durationMs=94 httpStatus=200,http_access,96,df0ead63-27b9-44e2-a71c-b78e0c16afde,,,,,,,94,,,,,,,200,,,,,,,,,,,,,,,,,web,ok,GET,200,/,INFO,1787441324000000000,f9778e1c443f45238011dc8b1932be83
evento=http_access status=ok durationMs=2 httpStatus=200,http_access,2,d3efb8ff-5626-4a1a-a1f9-437a3fc7c1a0,,,,,,,2,,,,,,,200,,,,,,,,,,,,,,,,,web,ok,GET,200,/,INFO,1787257007000000000,903526f297a1463988c2ce98e8fa7e58
evento=http_access status=ok durationMs=11 httpStatus=200,http_access,11,c6e94f49-95af-4815-84de-de1b80fbd71f,,,,,,,11,,,,,,,200,,,,,,,,,,,,,,,,,web,ok,GET,200,/,INFO,1787255704000000000,e21ab54169644e9fb5efed4000db205c
evento=http_access status=ok durationMs=52 httpStatus=200,http_access,52,66d2dd2d-2d0c-4f89-a477-a09de00513f1,,,,,,,52,,,,,,,200,,,,,,,,,,,,,,,,,web,ok,GET,200,/manifest.webmanifest,INFO,1787253525000000000,05554dc803ed445fb183126047b4a66d
evento=http_access status=ok durationMs=137 httpStatus=200,http_access,138,bde2fd2b-0a5e-47b3-922e-9378d6831260,,,,,,,137,,,,,,,200,,,,,,,,,,,,,,,,,web,ok,GET,200,/,INFO,1787253478000000000,ec5762e4025a4ac88580c74d3fdee713
evento=pagina_erro_exibida status=warn httpStatus=404 metodo=GET rota=/robots.txt traceId=err-41a0dc37-5126,pagina_erro_exibida,,b58c075f-9655-4f9d-a72b-c2a6d7c84fee,,,,,,,,,,,,,,404,,,,GET,,,,,,,,/robots.txt,,,,err-41a0dc37-5126,paginaErros,warn,,,,WARN,1787243730000000000,
evento=http_access status=ok durationMs=2 httpStatus=200,http_access,2,fcdc733f-3c2f-4a4a-b6ed-d60ded9044f9,,,,,,,2,,,,,,,200,,,,,,,,,,,,,,,,,web,ok,GET,200,/manifest.webmanifest,INFO,1787204254000000000,9e81999583cf467ebba212cc1c698e10
evento=http_access status=ok durationMs=7 httpStatus=200,http_access,7,ddea2221-ccc1-4742-8434-f9d4e9814fa7,,,,,,,7,,,,,,,200,,,,,,,,,,,,,,,,,web,ok,GET,200,/resolucao-problemas,INFO,1787204252000000000,d3e4e6eca33346e18d45eefb6c2ca334
evento=http_access status=ok durationMs=30 httpStatus=200,http_access,30,7449db6a-0802-4450-95b5-fad3e57c8a23,,,,,,,30,,,,,,,200,,,,,,,,,,,,,,,,,web,ok,GET,200,/analise,INFO,1787204251000000000,3630bb20021f4482865c95619c66c548
evento=http_access status=ok durationMs=4 httpStatus=200,http_access,4,0254cefd-4067-44e4-8928-fabf8f87166c,,,,,,,4,,,,,,,200,,,,,,,,,,,,,,,,,web,ok,GET,200,/calculadora,INFO,1787204250000000000,b4b052a2cf16410f8cdde69a8d48c097
evento=http_access status=ok durationMs=2 httpStatus=200,http_access,2,d9e59f7c-5d1a-4a2b-a378-d63041265cf9,,,,,,,2,,,,,,,200,,,,,,,,,,,,,,,,,web,ok,GET,200,/localizacao,INFO,1787204250000000000,8c41d1e1223f453ea5fab1716bb51397
evento=http_access status=ok durationMs=145 httpStatus=200,http_access,145,163aabd2-2bec-41b8-b6f6-cad25abd5512,,,,,,,145,,,,,,,200,,,,,,,,,,,,,,,,,web,ok,GET,200,/protocolos,INFO,1787204249000000000,19bbd7bfb9914e2c9c60bb7bab2de31a
evento=catalog_load status=ok total=47,catalog_load,,dc0cd22b-d0fa-494f-a66a-ce2255d9d48e,,,,,,,,,,,,,,,,,,,,,,,,,,,,,47,,protocolos,ok,GET,,/protocolos,INFO,1787204249000000000,19bbd7bfb9914e2c9c60bb7bab2de31a
evento=catalog_load status=ok total=47,catalog_load,,4465fae8-59ae-4b35-adfb-9ecb3f2d9e26,,,,,,,,,,,,,,,,,,,,,,,,,,,,,47,,protocolos,ok,GET,,/protocolos,INFO,1787204249000000000,19bbd7bfb9914e2c9c60bb7bab2de31a
evento=http_access status=ok durationMs=3 httpStatus=200,http_access,3,0f2ce27d-d0a5-4245-b227-2a5f78994065,,,,,,,3,,,,,,,200,,,,,,,,,,,,,,,,,web,ok,GET,200,/trafego,INFO,1787204248000000000,d2de5a953fb04198a7fcc09d503876c8
evento=http_access status=ok durationMs=16 httpStatus=200,http_access,16,b9d04255-de78-4425-9e6e-4ab3a117d1c1,,,,,,,16,,,,,,,200,,,,,,,,,,,,,,,,,web,ok,GET,200,/portas,INFO,1787204245000000000,0a5924a51e794de096869a96e0a67b46
evento=catalog_load status=ok total=30,catalog_load,,79911ab7-db26-4406-bd68-5b4b9b7109f9,,,,,,,,,,,,,,,,,,,,,,,,,,,,,30,,portas,ok,GET,,/portas,INFO,1787204245000000000,0a5924a51e794de096869a96e0a67b46
evento=http_access status=ok durationMs=131 httpStatus=200,http_access,131,10659b7c-5fbc-4402-ae1a-623458b66ea1,,,,,,,131,,,,,,,200,,,,,,,,,,,,,,,,,web,ok,GET,200,/documentacao,INFO,1787204244000000000,8a7d1cc93cf94d3eb4cf11e47f3e6595
evento=http_access status=ok durationMs=1 httpStatus=200,http_access,1,f4d45699-ef65-43ef-a201-c217a86d38f6,,,,,,,1,,,,,,,200,,,,,,,,,,,,,,,,,web,ok,GET,200,/seguranca,INFO,1787204243000000000,d315ad17f9b1458b8f1b3dc5c28309d9
evento=http_access status=ok durationMs=731 httpStatus=200,http_access,731,3aba95ec-9128-45c4-891a-f1d052efac06,,,,,,,731,,,,,,,200,,,,,,,,,,,,,,,,,web,ok,GET,200,/informacoes,INFO,1787204242000000000,19a9aeffc5eb4010b4366d6013b0d2fb
evento=geo_lookup status=ok ip=visitante-003 status=start,geo_lookup,,b98848fa-c0d8-4a33-a519-5c661aa3f546,,,,,,,,,,,,,,,visitante-003,,,,,,,,,,,,,start,,,analiseDidatica,ok,GET,,/informacoes,INFO,1787204241000000000,19a9aeffc5eb4010b4366d6013b0d2fb
evento=http_access status=ok durationMs=14 httpStatus=200,http_access,14,c28a21f2-b03e-49ce-9c00-26b70a980d59,,,,,,,14,,,,,,,200,,,,,,,,,,,,,,,,,web,ok,GET,200,/admin/login,INFO,1787204239000000000,16e8e44b06764bdaa2e70505de42784b
evento=http_access status=ok durationMs=3 httpStatus=200,http_access,3,2d22b205-2f35-45bd-bd9d-5ac8aefc2bec,,,,,,,3,,,,,,,200,,,,,,,,,,,,,,,,,web,ok,GET,200,/sobre,INFO,1787204232000000000,c74497c902ff4196a39f99d6f9373ccc
evento=http_access status=ok durationMs=15 httpStatus=200,http_access,15,3739e61d-b76e-46a7-8bbb-37bf20f18862,,,,,,,15,,,,,,,200,,,,,,,,,,,,,,,,,web,ok,GET,200,/diagnostico,INFO,1787204229000000000,4bfe3cee7dca4bad8cae5cb5afb39c7e
evento=http_access status=ok durationMs=113 httpStatus=200,http_access,114,a82e510c-fa30-40bd-81cb-718fca3b88e2,,,,,,,113,,,,,,,200,,,,,,,,,,,,,,,,,web,ok,GET,200,/,INFO,1787204224000000000,1bd422dbdddc4111b8e2ba23b05292f9
evento=http_access status=ok durationMs=131 httpStatus=200,http_access,132,abc99cc2-622b-477c-a7b1-54d9edce5643,,,,,,,131,,,,,,,200,,,,,,,,,,,,,,,,,web,ok,GET,200,/,INFO,1787174278000000000,662d83ce983a40b3911d806fa0d79900
evento=pagina_erro_exibida status=warn httpStatus=404 metodo=GET rota=/robots.txt traceId=err-7baf34d5-e74e,pagina_erro_exibida,,b71062cc-187c-40c9-9827-73ef212feb32,,,,,,,,,,,,,,404,,,,GET,,,,,,,,/robots.txt,,,,err-7baf34d5-e74e,paginaErros,warn,,,,WARN,1787168767000000000,
evento=http_access status=ok durationMs=136 httpStatus=200,http_access,137,14b5bed6-2593-49af-9bcd-5b371d2686f6,,,,,,,136,,,,,,,200,,,,,,,,,,,,,,,,,web,ok,GET,200,/,INFO,1787165906000000000,78b372ab83904e1dbf1990042e0a9088
evento=http_access status=ok durationMs=1 httpStatus=200,http_access,1,0b609884-f78a-49c1-9ff0-2b7172b6a636,,,,,,,1,,,,,,,200,,,,,,,,,,,,,,,,,web,ok,GET,200,/manifest.webmanifest,INFO,1787147881000000000,8396ab45347146d592cbd56fa5d2646a
evento=http_access status=ok durationMs=0 httpStatus=200,http_access,0,ad0a0f5e-1608-4bb0-9894-7353bfb93a82,,,,,,,0,,,,,,,200,,,,,,,,,,,,,,,,,web,ok,GET,200,/,INFO,1787147848000000000,30e2591e4f79430ea0047654ca8eab0d
evento=http_access status=ok durationMs=2 httpStatus=200,http_access,2,d754aa7e-6d86-4f51-8b1e-f2fd39b61557,,,,,,,2,,,,,,,200,,,,,,,,,,,,,,,,,web,ok,GET,200,/manifest.webmanifest,INFO,1787147733000000000,4efea7929d3a418a84dbda1bac8bab37
evento=http_access status=ok durationMs=4 httpStatus=200,http_access,4,530c75d7-12a9-4a95-98c5-7c12723b6f57,,,,,,,4,,,,,,,200,,,,,,,,,,,,,,,,,web,ok,GET,200,/telemetria,INFO,1787147733000000000,50197eff3333440fa2172342bd2a35d7
evento=http_access status=ok durationMs=1004 httpStatus=303,http_access,1004,1305e1a8-d900-41df-950d-d62cda417646,,,,,,,1004,,,,,,,303,,,,,,,,,,,,,,,,,web,ok,GET,303,/login/github/callback,INFO,1787147733000000000,7e09e7c75cad4ed381926397fa9cfcf4
evento=login_github status=ok login=carmipa resultado=ok,login_github,,1ed9af8b-49d8-44e7-a6e6-e57b81df7559,,,,,,,,,,,,,,,,,carmipa,,,,,,,,ok,,,,,,seguranca,ok,GET,,/login/github/callback,INFO,1787147733000000000,7e09e7c75cad4ed381926397fa9cfcf4
evento=http_access status=ok durationMs=10 httpStatus=303,http_access,10,7aed6c7e-155d-42d4-ba7e-019c07dd9d3e,,,,,,,10,,,,,,,303,,,,,,,,,,,,,,,,,web,ok,GET,303,/login/github,INFO,1787147731000000000,f63d367da8d44a93b2046d170c08ef65
evento=http_access status=ok durationMs=16 httpStatus=200,http_access,16,d3959d35-61d9-446f-8f6d-624b09c7e658,,,,,,,16,,,,,,,200,,,,,,,,,,,,,,,,,web,ok,GET,200,/login,INFO,1787147729000000000,c286dfdf0f5842bca347f7746520cf04
evento=http_access status=ok durationMs=10 httpStatus=303,http_access,10,b45b307a-8706-49c9-b983-6278a23d3d5d,,,,,,,10,,,,,,,303,,,,,,,,,,,,,,,,,web,ok,GET,303,/telemetria,INFO,1787147729000000000,c5baead8b98d4d5c966e754df6bdbc69
evento=http_access status=ok durationMs=1 httpStatus=200,http_access,1,59db2736-7418-497f-b463-3130e0baf9d0,,,,,,,1,,,,,,,200,,,,,,,,,,,,,,,,,web,ok,GET,200,/mascara-referencia,INFO,1787147727000000000,60b747fc320d4d2e9f22e62339bb027e
evento=http_access status=ok durationMs=14 httpStatus=200,http_access,14,fb1f8878-755e-45b7-be6a-2eff30e36406,,,,,,,14,,,,,,,200,,,,,,,,,,,,,,,,,web,ok,GET,200,/mascara-referencia,INFO,1787147727000000000,0e3fc3e1a3b8490087fdd5e15daf5e3b
evento=http_access status=ok durationMs=0 httpStatus=200,http_access,0,8611c9ee-3cae-4401-bd79-59e7d18f95ce,,,,,,,0,,,,,,,200,,,,,,,,,,,,,,,,,web,ok,GET,200,/manifest.webmanifest,INFO,1787147727000000000,9fc17790d3cb4569ae84a6e783070a89
evento=http_access status=ok durationMs=52 httpStatus=200,http_access,52,1b190841-b71b-4754-93c7-b45d3d077b6a,,,,,,,52,,,,,,,200,,,,,,,,,,,,,,,,,web,ok,GET,200,/analise,INFO,1787147727000000000,ad4a087f5df447b4b1ee84a222c39dec
evento=http_access status=ok durationMs=50 httpStatus=200,http_access,50,3cbf3780-3b36-4b2f-8993-fa1301be0667,,,,,,,50,,,,,,,200,,,,,,,,,,,,,,,,,web,ok,GET,200,/manifest.webmanifest,INFO,1787147444000000000,cbbdc3f1c5ea4931a8ffa0f924c3b4c1
evento=http_access status=ok durationMs=179 httpStatus=200,http_access,180,39fc1c8c-e944-4705-b0b4-f00f0dd69158,,,,,,,179,,,,,,,200,,,,,,,,,,,,,,,,,web,ok,GET,200,/,INFO,1787147443000000000,1b897b22ee0645c99de5d25f4a167245
evento=http_access status=ok durationMs=1 httpStatus=200,http_access,1,c95bf0eb-17e2-4925-aec3-e9d53cff7278,,,,,,,1,,,,,,,200,,,,,,,,,,,,,,,,,web,ok,GET,200,/manifest.webmanifest,INFO,1787079380000000000,077bbd8a07d74391b5785fd310304a76
evento=http_access status=ok durationMs=1 httpStatus=200,http_access,1,200329b0-221f-49ab-8701-04f9887c0f5c,,,,,,,1,,,,,,,200,,,,,,,,,,,,,,,,,web,ok,GET,200,/mascara-referencia,INFO,1787079380000000000,72d59e1e58a6407d9a3799f51a615cb6
evento=http_access status=ok durationMs=0 httpStatus=200,http_access,0,f9217566-6f7b-47e9-b98b-aa1f153cf532,,,,,,,0,,,,,,,200,,,,,,,,,,,,,,,,,web,ok,GET,200,/mascara-referencia,INFO,1787079380000000000,ba0bd6aadd1c4eca854cdee4a9ca24ce
evento=http_access status=ok durationMs=7 httpStatus=200,http_access,7,ce4da9af-6721-4268-abeb-efb6bc3327e6,,,,,,,7,,,,,,,200,,,,,,,,,,,,,,,,,web,ok,GET,200,/analise,INFO,1787079379000000000,3315936dc6fe4bfdb1beb5131cf3d332
evento=http_access status=ok durationMs=0 httpStatus=200,http_access,0,be9748e3-57cd-4f77-9f96-1033bc9b9648,,,,,,,0,,,,,,,200,,,,,,,,,,,,,,,,,web,ok,GET,200,/mascara-referencia,INFO,1787079368000000000,e1ea449de2a84d7e9498124197d58dcf
evento=http_access status=ok durationMs=0 httpStatus=200,http_access,0,9246562e-294e-4f73-bc0d-a6d583515625,,,,,,,0,,,,,,,200,,,,,,,,,,,,,,,,,web,ok,GET,200,/manifest.webmanifest,INFO,1787079368000000000,7b2eaeeddeca4e8fb82d96a006211876
evento=http_access status=ok durationMs=108 httpStatus=200,http_access,108,1c3fa84e-a408-4639-b7de-865044c25c55,,,,,,,108,,,,,,,200,,,,,,,,,,,,,,,,,web,ok,GET,200,/mascara-referencia,INFO,1787079368000000000,e8312b7ffe2048b4b932b428fc44d86f
evento=http_access status=ok durationMs=49 httpStatus=200,http_access,49,d4999995-bf55-41c2-8d25-fc3b4745370d,,,,,,,49,,,,,,,200,,,,,,,,,,,,,,,,,web,ok,GET,200,/analise,INFO,1787079368000000000,d397b8b777c846a7ba530bcf1194fb20
evento=http_access status=ok durationMs=3 httpStatus=200,http_access,3,2262fa4c-0a93-46b6-9b12-dfab1e4efa4d,,,,,,,3,,,,,,,200,,,,,,,,,,,,,,,,,web,ok,GET,200,/manifest.webmanifest,INFO,1787079341000000000,c56a2c7384ca46bb9ea81a079e394adb
evento=http_access status=ok durationMs=50 httpStatus=200,http_access,50,0aaf2470-fce7-420f-9b6c-85005c33a967,,,,,,,50,,,,,,,200,,,,,,,,,,,,,,,,,web,ok,GET,200,/manifest.webmanifest,INFO,1787077436000000000,f804764b162e4131b48a02e8b9af4a63
evento=http_access status=ok durationMs=150 httpStatus=200,http_access,151,2a242b8b-2cb3-48fd-a8ac-23e180ef4b15,,,,,,,150,,,,,,,200,,,,,,,,,,,,,,,,,web,ok,GET,200,/,INFO,1787077436000000000,c3a6490f6aa64004b6f3252ebf04a928
evento=http_access status=ok durationMs=51 httpStatus=200,http_access,51,e6f61edb-3228-43a5-a472-df327123877b,,,,,,,51,,,,,,,200,,,,,,,,,,,,,,,,,web,ok,GET,200,/manifest.webmanifest,INFO,1787072335000000000,95047f6b91bd49bbb63b05fdee261647
evento=http_access status=ok durationMs=144 httpStatus=200,http_access,145,307bd4f4-64ab-4c9c-ae3c-5bfcccff705a,,,,,,,144,,,,,,,200,,,,,,,,,,,,,,,,,web,ok,GET,200,/,INFO,1787072334000000000,11ef091e52654313bd09b8e2ff25d1a1
evento=http_access status=ok durationMs=44 httpStatus=200,http_access,44,2d219765-3009-48da-9bb1-208fb2b974d3,,,,,,,44,,,,,,,200,,,,,,,,,,,,,,,,,web,ok,GET,200,/manifest.webmanifest,INFO,1787060072000000000,46809a0ce74f43eea31e0d2dee3f9950
evento=http_access status=ok durationMs=4 httpStatus=200,http_access,4,ce9b41da-5145-4916-948d-54a33fcea659,,,,,,,4,,,,,,,200,,,,,,,,,,,,,,,,,web,ok,GET,200,/,INFO,1787060071000000000,5fc7e956dd3b4442b72b5a45a63fa58a
evento=http_access status=ok durationMs=121 httpStatus=200,http_access,122,4efb8d6e-26ab-4bd6-a77d-ec0cafcdd12b,,,,,,,121,,,,,,,200,,,,,,,,,,,,,,,,,web,ok,GET,200,/,INFO,1787058612000000000,4a6d9b3ac0604627933fa185a6343e8e
evento=http_access status=ok durationMs=161 httpStatus=200,http_access,162,0263ae52-ed4e-4802-8058-aa0ad54f0c43,,,,,,,161,,,,,,,200,,,,,,,,,,,,,,,,,web,ok,GET,200,/,INFO,1787050771000000000,3b2b44dc41e64596886197dd2d680af1
evento=http_access status=ok durationMs=3 httpStatus=200,http_access,3,2378c6de-40b0-4773-8999-5eafb82042a4,,,,,,,3,,,,,,,200,,,,,,,,,,,,,,,,,web,ok,GET,200,/,INFO,1787039706000000000,c95b8705008a498785e31871db7e7c6c
evento=http_access status=ok durationMs=159 httpStatus=200,http_access,160,83bb686a-e19a-4ad0-a8b8-08359a3d13dd,,,,,,,159,,,,,,,200,,,,,,,,,,,,,,,,,web,ok,GET,200,/,INFO,1787039703000000000,3bb5a424dd2a4b24a4f5c70ceebc1596
evento=http_access status=ok durationMs=6 httpStatus=200,http_access,6,28c209cc-0a00-4533-9ddd-628e59aa65bc,,,,,,,6,,,,,,,200,,,,,,,,,,,,,,,,,web,ok,GET,200,/portas,INFO,1786937830000000000,04ea70e5786841e9889bf2f5895d2ba7
evento=catalog_load status=ok total=30,catalog_load,,e177cf96-4c27-46bd-a22c-a5a95e605477,,,,,,,,,,,,,,,,,,,,,,,,,,,,,30,,portas,ok,GET,,/portas,INFO,1786937830000000000,04ea70e5786841e9889bf2f5895d2ba7
evento=http_access status=ok durationMs=1 httpStatus=200,http_access,1,0eadeb9b-e887-4e32-b32a-f7ed3d866508,,,,,,,1,,,,,,,200,,,,,,,,,,,,,,,,,web,ok,GET,200,/calculadora,INFO,1786937811000000000,c35fcc0ef57b4eaca414e6af339ad506
evento=http_access status=ok durationMs=1 httpStatus=200,http_access,1,b3340e01-7ec0-4a29-9218-6473bd838d6f,,,,,,,1,,,,,,,200,,,,,,,,,,,,,,,,,web,ok,GET,200,/analise,INFO,1786937796000000000,47ba07c19bc44b448d53fb1073a7597d
evento=http_access status=ok durationMs=1 httpStatus=200,http_access,1,039c1901-c215-4406-a5e2-5e6452303da4,,,,,,,1,,,,,,,200,,,,,,,,,,,,,,,,,web,ok,GET,200,/,INFO,1786937778000000000,14a5b30f10ab4cbc9a2332ca98afc9bd
evento=http_access status=ok durationMs=8 httpStatus=200,http_access,8,b22ef032-ad34-4ae4-9d90-818fc7e2742d,,,,,,,8,,,,,,,200,,,,,,,,,,,,,,,,,web,ok,GET,200,/portas,INFO,1786937505000000000,acb50c0b8c694483a5d63e5680d42191
evento=catalog_load status=ok total=30,catalog_load,,ea96f21d-4608-4410-ab7b-62c08ffc4b66,,,,,,,,,,,,,,,,,,,,,,,,,,,,,30,,portas,ok,GET,,/portas,INFO,1786937505000000000,acb50c0b8c694483a5d63e5680d42191
evento=http_access status=ok durationMs=1 httpStatus=200,http_access,1,20147466-af86-4ff2-af66-b8d864cc2d67,,,,,,,1,,,,,,,200,,,,,,,,,,,,,,,,,web,ok,GET,200,/calculadora,INFO,1786937499000000000,d06af1c2551343d7b39fee71ef0982d7
evento=http_access status=ok durationMs=1 httpStatus=200,http_access,1,94f589b5-bab0-44db-8ee3-2c4be786b97d,,,,,,,1,,,,,,,200,,,,,,,,,,,,,,,,,web,ok,GET,200,/analise,INFO,1786937467000000000,58857feb3d2347729c17af3afc3fd933
evento=http_access status=ok durationMs=2 httpStatus=200,http_access,2,2159f03d-fa5e-4a73-bc04-43ede64f268b,,,,,,,2,,,,,,,200,,,,,,,,,,,,,,,,,web,ok,GET,200,/,INFO,1786937434000000000,dd69278d3ece468cbd613f3df869932a
evento=http_access status=ok durationMs=8 httpStatus=200,http_access,8,88934a0f-7e27-489b-ace8-63c0cb9f6fd8,,,,,,,8,,,,,,,200,,,,,,,,,,,,,,,,,web,ok,GET,200,/portas,INFO,1786937183000000000,67156a6c79864335855c3d7a9282ffea
evento=catalog_load status=ok total=30,catalog_load,,f0c54b8d-1b0e-46c3-836a-b520b278bac4,,,,,,,,,,,,,,,,,,,,,,,,,,,,,30,,portas,ok,GET,,/portas,INFO,1786937183000000000,67156a6c79864335855c3d7a9282ffea
evento=http_access status=ok durationMs=1 httpStatus=200,http_access,1,5a16a04f-e0b5-48dd-ad2d-45965ac586af,,,,,,,1,,,,,,,200,,,,,,,,,,,,,,,,,web,ok,GET,200,/calculadora,INFO,1786937179000000000,632b1ef80ce84327a1b6b28819dfedbf
evento=http_access status=ok durationMs=3 httpStatus=200,http_access,3,7de4ab3a-409e-4758-88b6-ff7abb5659b5,,,,,,,3,,,,,,,200,,,,,,,,,,,,,,,,,web,ok,GET,200,/analise,INFO,1786937141000000000,d688fb58846d4570951a0927d33ba52b
evento=http_access status=ok durationMs=2 httpStatus=200,http_access,2,c270a04c-f4e1-4f15-9825-19de6426313e,,,,,,,2,,,,,,,200,,,,,,,,,,,,,,,,,web,ok,GET,200,/,INFO,1786937121000000000,753d6f42ff6a47f683b0221551253787
evento=http_access status=ok durationMs=237 httpStatus=200,http_access,237,69ba7bd3-e488-4048-972a-89d2e270aa14,,,,,,,237,,,,,,,200,,,,,,,,,,,,,,,,,web,ok,GET,200,/portas,INFO,1786936922000000000,27a8a0e015784e32993a2470f8a56d62
evento=catalog_load status=ok total=30,catalog_load,,366e3e7f-f934-4e77-bc60-e098955113f0,,,,,,,,,,,,,,,,,,,,,,,,,,,,,30,,portas,ok,GET,,/portas,INFO,1786936922000000000,27a8a0e015784e32993a2470f8a56d62
evento=http_access status=ok durationMs=5 httpStatus=200,http_access,5,043af091-2a76-4329-a645-850bc8b6f6fb,,,,,,,5,,,,,,,200,,,,,,,,,,,,,,,,,web,ok,GET,200,/calculadora,INFO,1786936902000000000,fb4baaadf10b4553babe1f6dc0c1983b
evento=http_access status=ok durationMs=66 httpStatus=200,http_access,66,4aa1b092-4fa3-4254-8b4e-381f596a7aba,,,,,,,66,,,,,,,200,,,,,,,,,,,,,,,,,web,ok,GET,200,/analise,INFO,1786936899000000000,f23543d2f61f478cad39522670bb66c5
evento=http_access status=ok durationMs=102 httpStatus=200,http_access,103,472ab565-c7b0-4443-aae5-93fc1c55aee4,,,,,,,102,,,,,,,200,,,,,,,,,,,,,,,,,web,ok,GET,200,/,INFO,1786936881000000000,a4072ecedf044e50b0aed5636b9c1094
evento=http_access status=ok durationMs=105 httpStatus=200,http_access,106,1af58dab-7446-4915-bd49-9243ba0f4587,,,,,,,105,,,,,,,200,,,,,,,,,,,,,,,,,web,ok,GET,200,/,INFO,1786920625000000000,bfc14e8641d1442287afa40d256975e7
evento=http_access status=ok durationMs=37 httpStatus=200,http_access,38,c7532cf0-000c-43e0-a317-e68b8a7eab20,,,,,,,37,,,,,,,200,,,,,,,,,,,,,,,,,web,ok,GET,200,/,INFO,1786899063000000000,3da740c789914effb989bc5fd6c8c82f
evento=http_access status=ok durationMs=2 httpStatus=200,http_access,2,f3d614dd-566e-41b7-95f1-982551b8e080,,,,,,,2,,,,,,,200,,,,,,,,,,,,,,,,,web,ok,GET,200,/analise,INFO,1786893918000000000,771f12b88a8e49ee8167b611be7fd333
evento=http_access status=ok durationMs=1 httpStatus=200,http_access,1,e9b342a7-8d79-40e0-b474-70aa20e4dfc8,,,,,,,1,,,,,,,200,,,,,,,,,,,,,,,,,web,ok,GET,200,/analise,INFO,1786891713000000000,58be200cf7734b9eb381781c77f9fdab
evento=http_access status=ok durationMs=5 httpStatus=200,http_access,5,119727ec-f4cd-4ed7-aed0-4f4aa9b98a2a,,,,,,,5,,,,,,,200,,,,,,,,,,,,,,,,,web,ok,GET,200,/analise,INFO,1786891602000000000,05e510f7c3b54aafbe3feb50fb957e60
evento=http_access status=ok durationMs=4 httpStatus=200,http_access,4,454882e4-1160-46df-a089-1c1fc7683fcc,,,,,,,4,,,,,,,200,,,,,,,,,,,,,,,,,web,ok,GET,200,/analise,INFO,1786889671000000000,cf18f717d1be4abcbe9b9ba331bb7ff6
evento=http_access status=ok durationMs=3 httpStatus=200,http_access,3,4d06d3d0-3b37-41a9-967b-86fd2b1a6e64,,,,,,,3,,,,,,,200,,,,,,,,,,,,,,,,,web,ok,GET,200,/analise,INFO,1786889274000000000,0912ed048c5748809ac0137fcc499735
evento=http_access status=ok durationMs=3 httpStatus=200,http_access,3,e881af86-12ff-4f42-a2d3-a8c27ab03102,,,,,,,3,,,,,,,200,,,,,,,,,,,,,,,,,web,ok,GET,200,/analise,INFO,1786889220000000000,68afc05b20024835b2dd009f0e31a9f7
evento=http_access status=ok durationMs=2 httpStatus=200,http_access,2,62a2b50c-ccf8-46d6-933a-a8c2e097a49f,,,,,,,2,,,,,,,200,,,,,,,,,,,,,,,,,web,ok,GET,200,/analise,INFO,1786886942000000000,da999abcc14f4f4c97a9f21ee9adc902
evento=http_access status=ok durationMs=2 httpStatus=200,http_access,2,83f88b23-4333-4209-9f2f-da75bc7a8ff4,,,,,,,2,,,,,,,200,,,,,,,,,,,,,,,,,web,ok,GET,200,/analise,INFO,1786886121000000000,05cdebb0660447f78cafbb8400788d23
evento=http_access status=ok durationMs=4 httpStatus=200,http_access,4,5a0ad990-9584-4139-a30c-b5b4c4842b60,,,,,,,4,,,,,,,200,,,,,,,,,,,,,,,,,web,ok,GET,200,/analise,INFO,1786886067000000000,cd3b471362964ee3a7915c86ba6e61a3
evento=http_access status=ok durationMs=2 httpStatus=200,http_access,2,08ee1b32-e42d-49f7-9344-986caee8df9f,,,,,,,2,,,,,,,200,,,,,,,,,,,,,,,,,web,ok,GET,200,/analise,INFO,1786883914000000000,40e169be14e34d4d92ee80141ce4ed32
evento=http_access status=ok durationMs=5 httpStatus=200,http_access,5,44008dfd-207c-4aba-8686-e47833edc0dd,,,,,,,5,,,,,,,200,,,,,,,,,,,,,,,,,web,ok,GET,200,/analise,INFO,1786882819000000000,c4c47d57834b43ffa613f92bb0c2fde1
evento=http_access status=ok durationMs=4 httpStatus=200,http_access,4,042c506e-4c59-4785-b995-177ae2349c46,,,,,,,4,,,,,,,200,,,,,,,,,,,,,,,,,web,ok,GET,200,/analise,INFO,1786882802000000000,e606c93b34ae440d84f9c421a17c4168
evento=http_access status=ok durationMs=2 httpStatus=200,http_access,2,ff70269c-dafc-4181-801c-c2485b8dfb89,,,,,,,2,,,,,,,200,,,,,,,,,,,,,,,,,web,ok,GET,200,/analise,INFO,1786880822000000000,4754da516af14811abfaf52ca92ea4ae
evento=http_access status=ok durationMs=1 httpStatus=200,http_access,5,f8d83924-6127-4184-bb3a-f6515dfb0e61,,,,,,,1,,,,,,,200,,,,,,,,,,,,,,,,,web,ok,GET,200,/analise,INFO,1786879932000000000,ecbb7a1f7eb14a218adc505a4b93abcf
evento=http_access status=ok durationMs=2 httpStatus=200,http_access,2,fadfcd64-c73d-43e6-bd9e-153dc600d564,,,,,,,2,,,,,,,200,,,,,,,,,,,,,,,,,web,ok,GET,200,/analise,INFO,1786879731000000000,fd0cb06681de4b7cb868620e94b84fa5
evento=http_access status=ok durationMs=1 httpStatus=200,http_access,1,3fdeafd4-1d4b-4658-bfb3-8741926c8024,,,,,,,1,,,,,,,200,,,,,,,,,,,,,,,,,web,ok,GET,200,/analise,INFO,1786878055000000000,9bb98a4f8cfd4c668cf00773f00c58ba
evento=http_access status=ok durationMs=1 httpStatus=200,http_access,1,48036276-d877-4bab-905e-823eb206603e,,,,,,,1,,,,,,,200,,,,,,,,,,,,,,,,,web,ok,GET,200,/analise,INFO,1786877062000000000,97c7667e5cec4ba9b0662e85cc9ef8f2
evento=http_access status=ok durationMs=2 httpStatus=200,http_access,2,34a6cedf-afcd-430d-9737-808b940c1109,,,,,,,2,,,,,,,200,,,,,,,,,,,,,,,,,web,ok,GET,200,/analise,INFO,1786876998000000000,85bcd09dcab14af5bede8ef3dec81506
evento=http_access status=ok durationMs=1 httpStatus=200,http_access,1,1aa671e7-9381-4dea-97ff-3c0deea926cb,,,,,,,1,,,,,,,200,,,,,,,,,,,,,,,,,web,ok,GET,200,/analise,INFO,1786874994000000000,25fb3b0caf50471a88fc2dab0414eec6
evento=http_access status=ok durationMs=1 httpStatus=200,http_access,1,c0d68a71-64fe-4969-b4a1-ca101b77b458,,,,,,,1,,,,,,,200,,,,,,,,,,,,,,,,,web,ok,GET,200,/analise,INFO,1786873387000000000,513fde66b7bf41fa9a44676619ad6857
evento=http_access status=ok durationMs=1 httpStatus=200,http_access,1,34deb0fd-8189-46b0-96e9-df68abee994d,,,,,,,1,,,,,,,200,,,,,,,,,,,,,,,,,web,ok,GET,200,/analise,INFO,1786873334000000000,d3415111e24e4e8ebfa597750c5f9050
evento=http_access status=ok durationMs=1 httpStatus=200,http_access,1,db4e2bea-ca28-4676-8f61-355467c36e39,,,,,,,1,,,,,,,200,,,,,,,,,,,,,,,,,web,ok,GET,200,/analise,INFO,1786872070000000000,3ea965abedb943b58c4beab1e7df8abf
evento=http_access status=ok durationMs=1 httpStatus=200,http_access,1,07aacecd-06fe-443c-9cbd-b0869c374e7d,,,,,,,1,,,,,,,200,,,,,,,,,,,,,,,,,web,ok,GET,200,/,INFO,1786871083000000000,10a6185e34214cdda422d0ef67734f25
evento=http_access status=ok durationMs=19 httpStatus=200,http_access,19,45ee7d07-c87f-4bf5-a0ea-8389271263bc,,,,,,,19,,,,,,,200,,,,,,,,,,,,,,,,,web,ok,GET,200,/,INFO,1786871081000000000,94d8a6695baf408aafcc4c521ce8caba
evento=http_access status=ok durationMs=2 httpStatus=200,http_access,2,f64845c4-fda9-4d4f-bd2f-b1653b985ff3,,,,,,,2,,,,,,,200,,,,,,,,,,,,,,,,,web,ok,GET,200,/analise,INFO,1786870759000000000,748def59fbfd4e3b8f1b31e4f7136f2b
evento=http_access status=ok durationMs=2 httpStatus=200,http_access,2,d99d435a-4a93-4f30-a0ab-a4dfb2936234,,,,,,,2,,,,,,,200,,,,,,,,,,,,,,,,,web,ok,GET,200,/analise,INFO,1786870721000000000,e1e1683bc7ef4756acfee1d54a8a6148
evento=http_access status=ok durationMs=1 httpStatus=200,http_access,1,1923b64d-c1b6-4baf-96c4-1be6cb6a20db,,,,,,,1,,,,,,,200,,,,,,,,,,,,,,,,,web,ok,GET,200,/analise,INFO,1786868781000000000,82ca2cc1e22b4c7e9ea2c08d16a33125
evento=http_access status=ok durationMs=1 httpStatus=200,http_access,1,ebf9172e-da8a-4a8a-8f4f-1c70163d0d7a,,,,,,,1,,,,,,,200,,,,,,,,,,,,,,,,,web,ok,GET,200,/analise,INFO,1786868087000000000,bfbed71360d54d04b53de8b8e05fa047
evento=http_access status=ok durationMs=3 httpStatus=200,http_access,3,83c97ce1-0d5b-4ada-9dfa-a92b651fa9ff,,,,,,,3,,,,,,,200,,,,,,,,,,,,,,,,,web,ok,GET,200,/analise,INFO,1786867938000000000,97c9187b2e744c08ac3743211585e4c9
evento=http_access status=ok durationMs=6 httpStatus=200,http_access,6,660dab79-6a1e-401f-b8fa-eb0d18be5e51,,,,,,,6,,,,,,,200,,,,,,,,,,,,,,,,,web,ok,GET,200,/analise,INFO,1786865749000000000,214ca2404177441b8fb83ceac556940b
evento=http_access status=ok durationMs=11 httpStatus=200,http_access,11,2ca1f753-f578-4a35-b568-995f87c350c6,,,,,,,11,,,,,,,200,,,,,,,,,,,,,,,,,web,ok,GET,200,/analise,INFO,1786865571000000000,87908ebf350d48e28f92fa6b97944977
evento=http_access status=ok durationMs=125 httpStatus=200,http_access,127,396c0593-b4c0-4cef-8525-68207b845cb5,,,,,,,125,,,,,,,200,,,,,,,,,,,,,,,,,web,ok,GET,200,/analise,INFO,1786865454000000000,eaab3bdf06e24ada92a4aea9cf684ed3
evento=http_access status=ok durationMs=2 httpStatus=200,http_access,2,034e44f0-d99e-4c7f-a944-b5cb2263d220,,,,,,,2,,,,,,,200,,,,,,,,,,,,,,,,,web,ok,GET,200,/analise,INFO,1786862420000000000,26210c2a88a04292b1a6167d6f15dde5
evento=http_access status=ok durationMs=5 httpStatus=200,http_access,5,404dc9b9-aa9e-427f-9819-8c1169022705,,,,,,,5,,,,,,,200,,,,,,,,,,,,,,,,,web,ok,GET,200,/analise,INFO,1786862385000000000,f9b2e3df113a4c97bd3d9b92314f8488
evento=http_access status=ok durationMs=1 httpStatus=200,http_access,1,a7843fb8-8c0b-4b96-9e35-a710275c7c42,,,,,,,1,,,,,,,200,,,,,,,,,,,,,,,,,web,ok,GET,200,/analise,INFO,1786862350000000000,137af81d6c084dbeb84826f346b460ad
evento=http_access status=ok durationMs=2 httpStatus=200,http_access,2,584cd7b7-ba1e-4040-b46a-785e634c1a41,,,,,,,2,,,,,,,200,,,,,,,,,,,,,,,,,web,ok,GET,200,/analise,INFO,1786860105000000000,feca026d6b3348f698fba289e2230d5e
evento=http_access status=ok durationMs=2 httpStatus=200,http_access,2,31b48848-b367-498c-b7ad-9ccbcf69d222,,,,,,,2,,,,,,,200,,,,,,,,,,,,,,,,,web,ok,GET,200,/analise,INFO,1786859950000000000,5c99883e5134418a89514df180a0f604
evento=http_access status=ok durationMs=4 httpStatus=200,http_access,4,af14b613-4839-4a16-94de-8d2cff6630c7,,,,,,,4,,,,,,,200,,,,,,,,,,,,,,,,,web,ok,GET,200,/analise,INFO,1786859950000000000,7cedbadd3b9846638f0d9263ac2980fb
evento=http_access status=ok durationMs=13 httpStatus=200,http_access,13,c1b14088-082f-4515-9288-62a29f7fd552,,,,,,,13,,,,,,,200,,,,,,,,,,,,,,,,,web,ok,GET,200,/analise,INFO,1786857184000000000,469f6898fa7f446686d6dcc58a70c66f
evento=http_access status=ok durationMs=11 httpStatus=200,http_access,11,0b4a5a3c-9bef-4e75-89e9-957f61907df0,,,,,,,11,,,,,,,200,,,,,,,,,,,,,,,,,web,ok,GET,200,/analise,INFO,1786856897000000000,3b36e40994c34019a7bbed97c8ccbf0a
evento=http_access status=ok durationMs=162 httpStatus=200,http_access,163,fcd2b3e5-2a95-4720-aff7-8bc6a53cb359,,,,,,,162,,,,,,,200,,,,,,,,,,,,,,,,,web,ok,GET,200,/analise,INFO,1786856829000000000,4da728f7051049d1b005477c02ea31c7
evento=http_access status=ok durationMs=2 httpStatus=200,http_access,2,bd2fd9d8-2c95-4a96-9e35-d1089a9ee2f7,,,,,,,2,,,,,,,200,,,,,,,,,,,,,,,,,web,ok,GET,200,/analise,INFO,1786854141000000000,5dd9b7f966664e9aa7cad31e4793df9a
evento=http_access status=ok durationMs=3 httpStatus=200,http_access,3,b71d3371-1741-4eae-bfe7-3b7bd9ced09b,,,,,,,3,,,,,,,200,,,,,,,,,,,,,,,,,web,ok,GET,200,/analise,INFO,1786853426000000000,123e4fe5db604729b0fb8dd05d3423f1
evento=http_access status=ok durationMs=4 httpStatus=200,http_access,4,963c28c2-9e6b-4c4d-ac26-2d52b0fed797,,,,,,,4,,,,,,,200,,,,,,,,,,,,,,,,,web,ok,GET,200,/analise,INFO,1786853305000000000,b6129ae1e79a4e50a3f47dde0401f80a
evento=http_access status=ok durationMs=44 httpStatus=200,http_access,44,690dbb09-b901-4233-acbf-b6278163b719,,,,,,,44,,,,,,,200,,,,,,,,,,,,,,,,,web,ok,GET,200,/analise,INFO,1786851372000000000,80680e4868a74057b6e76b2e4efec7e8
evento=http_access status=ok durationMs=20 httpStatus=200,http_access,20,22897a5b-19dd-4c76-9ba5-d37946422096,,,,,,,20,,,,,,,200,,,,,,,,,,,,,,,,,web,ok,GET,200,/analise,INFO,1786850043000000000,746f2004cd86414d97d75bd73fd27fb2
evento=http_access status=ok durationMs=78 httpStatus=200,http_access,79,34bfec76-7c53-438e-877b-af3e7b07fde1,,,,,,,78,,,,,,,200,,,,,,,,,,,,,,,,,web,ok,GET,200,/analise,INFO,1786849816000000000,d912e09251d64147b30b1b034c708bcb
evento=http_access status=ok durationMs=3 httpStatus=200,http_access,3,ded8eaa4-6e11-499c-b941-a9a96f8c3d32,,,,,,,3,,,,,,,200,,,,,,,,,,,,,,,,,web,ok,GET,200,/analise,INFO,1786848005000000000,bc76c1c226074d4fb720a48dceb2ded6
evento=http_access status=ok durationMs=10 httpStatus=200,http_access,10,eccfd419-a11d-45ce-a4b5-22930637c988,,,,,,,10,,,,,,,200,,,,,,,,,,,,,,,,,web,ok,GET,200,/analise,INFO,1786846183000000000,2af4a2a4f5ac49118fa8430d48b0fc00
evento=http_access status=ok durationMs=2 httpStatus=200,http_access,2,1c6447c8-d399-47cf-a57f-a82e3834b042,,,,,,,2,,,,,,,200,,,,,,,,,,,,,,,,,web,ok,GET,200,/analise,INFO,1786846147000000000,0d291f7f65734903b20ab84e640e5592
evento=http_access status=ok durationMs=1 httpStatus=200,http_access,1,7cc60ca7-6b08-48f1-b2dc-d5fb20b36c01,,,,,,,1,,,,,,,200,,,,,,,,,,,,,,,,,web,ok,GET,200,/analise,INFO,1786844572000000000,9bfc39514e434b499591b951ca36fd5a
evento=http_access status=ok durationMs=2 httpStatus=200,http_access,2,9ff722fa-7a23-453c-aa04-762f7443c694,,,,,,,2,,,,,,,200,,,,,,,,,,,,,,,,,web,ok,GET,200,/analise,INFO,1786842676000000000,7cd71f67d6594201905f5bacb416842b
evento=http_access status=ok durationMs=2 httpStatus=200,http_access,2,0372aeb0-5ef1-49f2-88e9-e434b3b4d22d,,,,,,,2,,,,,,,200,,,,,,,,,,,,,,,,,web,ok,GET,200,/analise,INFO,1786842658000000000,47d6a85cd6404b68ba28e043f1c9ea85
evento=http_access status=ok durationMs=3 httpStatus=200,http_access,3,0a6d9042-cfb3-46b1-a6cb-13a402eab53f,,,,,,,3,,,,,,,200,,,,,,,,,,,,,,,,,web,ok,GET,200,/analise,INFO,1786841616000000000,937834e6c3bf4875b8e616a9aa91be80
evento=http_access status=ok durationMs=3 httpStatus=200,http_access,3,0392e77c-4443-48cd-9fa1-00884c6db004,,,,,,,3,,,,,,,200,,,,,,,,,,,,,,,,,web,ok,GET,200,/analise,INFO,1786839856000000000,16fc8fa94c3f4862bd3af203881e3c6a
evento=http_access status=ok durationMs=6 httpStatus=200,http_access,6,8f2adce7-9bcb-45e2-8813-b5d9a9a82894,,,,,,,6,,,,,,,200,,,,,,,,,,,,,,,,,web,ok,GET,200,/analise,INFO,1786839735000000000,927537d79bd74838a4802479fa951418
evento=http_access status=ok durationMs=1 httpStatus=200,http_access,1,4490e3ca-e8a5-4d37-b85a-95abefb64595,,,,,,,1,,,,,,,200,,,,,,,,,,,,,,,,,web,ok,GET,200,/analise,INFO,1786838537000000000,4b41fdcbdc0044f79e873436ece74b26
evento=http_access status=ok durationMs=2 httpStatus=200,http_access,2,7b70cee5-b3ff-4142-9405-ba26b7d03a04,,,,,,,2,,,,,,,200,,,,,,,,,,,,,,,,,web,ok,GET,200,/analise,INFO,1786836083000000000,50bc36774417459a854e91c158a98e8e
evento=http_access status=ok durationMs=9 httpStatus=200,http_access,9,b5ca89d1-2f2c-4781-a559-a1f35b118cdd,,,,,,,9,,,,,,,200,,,,,,,,,,,,,,,,,web,ok,GET,200,/analise,INFO,1786836016000000000,1c3e2a22eb1849fbadda655086f8266d
evento=http_access status=ok durationMs=6 httpStatus=200,http_access,6,d9e0ec23-e6df-4870-921d-21dde8450dfa,,,,,,,6,,,,,,,200,,,,,,,,,,,,,,,,,web,ok,GET,200,/analise,INFO,1786834098000000000,9bde88c2ba324fe7ba465dec0cb0a449
evento=http_access status=ok durationMs=1 httpStatus=200,http_access,1,8c366a81-b24c-460e-a0e4-9823706b8589,,,,,,,1,,,,,,,200,,,,,,,,,,,,,,,,,web,ok,GET,200,/analise,INFO,1786832835000000000,9cb635d943014ecc986d4b0368bf15ab
evento=http_access status=ok durationMs=1 httpStatus=200,http_access,1,08bf7589-6ae3-4fb5-a8b7-665061b23825,,,,,,,1,,,,,,,200,,,,,,,,,,,,,,,,,web,ok,GET,200,/analise,INFO,1786832677000000000,96f15a6521104d219fb66dbf4bed054e
evento=http_access status=ok durationMs=5 httpStatus=200,http_access,5,84c65505-9126-438f-ad16-2f9bd1100296,,,,,,,5,,,,,,,200,,,,,,,,,,,,,,,,,web,ok,GET,200,/analise,INFO,1786830423000000000,0e275001b2c14485919a4ca0678700e3
evento=http_access status=ok durationMs=1 httpStatus=200,http_access,1,7c53fae5-6a14-4fc7-8ccd-45ecafaef48a,,,,,,,1,,,,,,,200,,,,,,,,,,,,,,,,,web,ok,GET,200,/analise,INFO,1786829477000000000,0b3334cb176d401aa83361d6b7766c4c
evento=http_access status=ok durationMs=8 httpStatus=200,http_access,8,d792dd68-ba36-4476-b3a6-809ef335a813,,,,,,,8,,,,,,,200,,,,,,,,,,,,,,,,,web,ok,GET,200,/analise,INFO,1786829461000000000,d66503b6660d42fa99fb81bbd89f15e3
evento=http_access status=ok durationMs=2 httpStatus=200,http_access,2,49b47f0d-906b-4e66-b3a4-2da6c1100fe6,,,,,,,2,,,,,,,200,,,,,,,,,,,,,,,,,web,ok,GET,200,/analise,INFO,1786826988000000000,d9c4082d18ad402782724b62f4f7f806
evento=http_access status=ok durationMs=2 httpStatus=200,http_access,2,d6a32422-eeb3-4029-9dc8-505c0fa58560,,,,,,,2,,,,,,,200,,,,,,,,,,,,,,,,,web,ok,GET,200,/analise,INFO,1786826144000000000,81707df25e1e4821b3e76f862115371f
evento=http_access status=ok durationMs=1 httpStatus=200,http_access,1,121fb06d-ae75-446d-a9f0-bca1857a4730,,,,,,,1,,,,,,,200,,,,,,,,,,,,,,,,,web,ok,GET,200,/analise,INFO,1786826028000000000,970c4674425d4b489d2386f67fc456e6
evento=http_access status=ok durationMs=1 httpStatus=200,http_access,1,da617ea7-78c4-4739-8015-400dfaf58b9e,,,,,,,1,,,,,,,200,,,,,,,,,,,,,,,,,web,ok,GET,200,/analise,INFO,1786823374000000000,614c037cf69d4c928560f19c4016d972
evento=http_access status=ok durationMs=2 httpStatus=200,http_access,2,0bc51f36-e6ad-4499-83f4-cd100da86afc,,,,,,,2,,,,,,,200,,,,,,,,,,,,,,,,,web,ok,GET,200,/analise,INFO,1786823209000000000,1845dfb7daa74d48aa3fc1df69ca8e15
evento=http_access status=ok durationMs=2 httpStatus=200,http_access,2,57196a43-7ef8-4daf-a222-b1120842bdbf,,,,,,,2,,,,,,,200,,,,,,,,,,,,,,,,,web,ok,GET,200,/analise,INFO,1786823207000000000,70a009ba11d248d9917cba3506cbc5ec
evento=http_access status=ok durationMs=1 httpStatus=200,http_access,1,a0f1d0c8-15e5-4dbe-bc2e-7f632cdf30fa,,,,,,,1,,,,,,,200,,,,,,,,,,,,,,,,,web,ok,GET,200,/analise,INFO,1786820799000000000,8c6f3694142241a8ae42762df6c9276d
evento=http_access status=ok durationMs=2 httpStatus=200,http_access,2,00cd74fb-9eaa-484c-a0e5-c5506738fcb9,,,,,,,2,,,,,,,200,,,,,,,,,,,,,,,,,web,ok,GET,200,/analise,INFO,1786820487000000000,8038a80480a24ae98e3ccc9e800b54d0
evento=http_access status=ok durationMs=4 httpStatus=200,http_access,4,e02076e7-8406-4e8e-a434-748f279d01fe,,,,,,,4,,,,,,,200,,,,,,,,,,,,,,,,,web,ok,GET,200,/analise,INFO,1786820382000000000,74c07e054d3a4b1db28438e7d16a9a3e
evento=http_access status=ok durationMs=3 httpStatus=200,http_access,4,5de14a87-1e61-4482-86b3-cbf65c9d32c8,,,,,,,3,,,,,,,200,,,,,,,,,,,,,,,,,web,ok,GET,200,/analise,INFO,1786818266000000000,4e4dc3dbce95404884ec8e3aed17cfa0
evento=http_access status=ok durationMs=1 httpStatus=200,http_access,1,b8f2c4d1-bdf7-4efc-8a0f-a93ac83f6183,,,,,,,1,,,,,,,200,,,,,,,,,,,,,,,,,web,ok,GET,200,/analise,INFO,1786818064000000000,81e66759efd34d139a28877910cb241c
evento=http_access status=ok durationMs=1 httpStatus=200,http_access,1,570fb3f6-53f7-4429-88ca-2c92edce1468,,,,,,,1,,,,,,,200,,,,,,,,,,,,,,,,,web,ok,GET,200,/analise,INFO,1786818036000000000,f33c355d2d544c75a841d4d19d787aea
evento=http_access status=ok durationMs=2 httpStatus=200,http_access,2,62f5cf24-f09f-419b-964b-3ebbf45270f0,,,,,,,2,,,,,,,200,,,,,,,,,,,,,,,,,web,ok,GET,200,/analise,INFO,1786815645000000000,1093d6d31c2d4c72ba0b823c13ddf0e4
evento=http_access status=ok durationMs=2 httpStatus=200,http_access,2,a022f4f3-84f4-47a8-8187-d53a2954e23d,,,,,,,2,,,,,,,200,,,,,,,,,,,,,,,,,web,ok,GET,200,/analise,INFO,1786815592000000000,df0fa7de395e48e68154ba687ff18da6
evento=http_access status=ok durationMs=7 httpStatus=200,http_access,7,a6c7a503-cab8-4fad-a8f4-f7bb1ba0b5ea,,,,,,,7,,,,,,,200,,,,,,,,,,,,,,,,,web,ok,GET,200,/analise,INFO,1786815469000000000,8ab35e2e512748b8927224b10ffeecb2
evento=http_access status=ok durationMs=4 httpStatus=200,http_access,5,2a7b73bc-854a-4091-bf07-212a6e062f83,,,,,,,4,,,,,,,200,,,,,,,,,,,,,,,,,web,ok,GET,200,/analise,INFO,1786813716000000000,5c9c6cadcadb40e984bfa52e6698e2fd
evento=http_access status=ok durationMs=2 httpStatus=200,http_access,2,f30dbd35-2b18-465a-834e-55e0cbac593c,,,,,,,2,,,,,,,200,,,,,,,,,,,,,,,,,web,ok,GET,200,/analise,INFO,1786813686000000000,f6534c8157f7415c90ea4a89bc4aa7f9
evento=http_access status=ok durationMs=21 httpStatus=200,http_access,21,9cb9c8f1-04b9-49b6-9550-e5fe562eb7d6,,,,,,,21,,,,,,,200,,,,,,,,,,,,,,,,,web,ok,GET,200,/analise,INFO,1786813501000000000,e74cf0b56f534154b6ef384a4ed17400
evento=http_access status=ok durationMs=1 httpStatus=200,http_access,1,8189f90d-b4e7-4dbb-9e79-17848fced021,,,,,,,1,,,,,,,200,,,,,,,,,,,,,,,,,web,ok,GET,200,/analise,INFO,1786810496000000000,99b3332626674f1faeb286c36a3df7e2
evento=http_access status=ok durationMs=2 httpStatus=200,http_access,2,91194796-b430-4f5d-8fa6-c6a87d9acce6,,,,,,,2,,,,,,,200,,,,,,,,,,,,,,,,,web,ok,GET,200,/analise,INFO,1786810398000000000,ef0905637af04a6caabd87b16159cc44
evento=http_access status=ok durationMs=2 httpStatus=200,http_access,2,35ab6db4-1711-4fba-bfd2-685cb336bfa8,,,,,,,2,,,,,,,200,,,,,,,,,,,,,,,,,web,ok,GET,200,/analise,INFO,1786810374000000000,842d6d92066c41238379cf122cbc7e43
evento=http_access status=ok durationMs=5 httpStatus=200,http_access,5,fb534c5e-47fe-429a-aca5-77c9fa3cb52a,,,,,,,5,,,,,,,200,,,,,,,,,,,,,,,,,web,ok,GET,200,/analise,INFO,1786807072000000000,688cb9b3306341f99c198e7e2c1997f1
evento=http_access status=ok durationMs=1 httpStatus=200,http_access,1,f5b7be34-9c60-4ee1-8b98-63870a1292db,,,,,,,1,,,,,,,200,,,,,,,,,,,,,,,,,web,ok,GET,200,/analise,INFO,1786807047000000000,24a79703ff71459aaa4e7500e3128235
evento=http_access status=ok durationMs=23 httpStatus=200,http_access,23,52368e22-1ebd-4040-8e26-73b178d74e04,,,,,,,23,,,,,,,200,,,,,,,,,,,,,,,,,web,ok,GET,200,/analise,INFO,1786807000000000000,40e8dae7f08f45f8a8347b081ea889ef
evento=http_access status=ok durationMs=41 httpStatus=200,http_access,41,71b6d04b-798c-49f1-b972-51b52fefce95,,,,,,,41,,,,,,,200,,,,,,,,,,,,,,,,,web,ok,GET,200,/manifest.webmanifest,INFO,1786806513000000000,e5905477bcaa44c39bfd8ff093d03bd3
evento=http_access status=ok durationMs=27 httpStatus=200,http_access,27,3e60fa75-4e2d-49dc-adcf-296379e2ad92,,,,,,,27,,,,,,,200,,,,,,,,,,,,,,,,,web,ok,GET,200,/,INFO,1786806512000000000,2a3cf5c64fa746418d15c4c0633d15d9
evento=http_access status=ok durationMs=1 httpStatus=200,http_access,2,37ed4b9d-af1c-4368-a9cc-14450e038943,,,,,,,1,,,,,,,200,,,,,,,,,,,,,,,,,web,ok,GET,200,/analise,INFO,1786803173000000000,2bab72a4f07f47ed8f077cbc97ea47ef
evento=http_access status=ok durationMs=1 httpStatus=200,http_access,2,7d19c23d-cf20-4308-a7d2-8bd43d5f804f,,,,,,,1,,,,,,,200,,,,,,,,,,,,,,,,,web,ok,GET,200,/analise,INFO,1786803173000000000,bbccb038bf8e4d58989567518052e8aa
evento=http_access status=ok durationMs=3 httpStatus=200,http_access,3,f0fa8206-013c-42a2-a32c-7eb47d6265b7,,,,,,,3,,,,,,,200,,,,,,,,,,,,,,,,,web,ok,GET,200,/analise,INFO,1786803160000000000,72726edb0f9e477388ef997077350430
evento=http_access status=ok durationMs=7 httpStatus=200,http_access,7,f40a512a-2891-4cec-a538-35530d549e8a,,,,,,,7,,,,,,,200,,,,,,,,,,,,,,,,,web,ok,GET,200,/analise,INFO,1786799862000000000,04212d4928d34e4a941bee24a4c91d33
evento=http_access status=ok durationMs=2 httpStatus=200,http_access,2,c9c551e0-e5e5-48eb-80e4-5537bc3ca04b,,,,,,,2,,,,,,,200,,,,,,,,,,,,,,,,,web,ok,GET,200,/analise,INFO,1786799690000000000,9474b75956d742988396d1ac5a8806db
evento=http_access status=ok durationMs=3 httpStatus=200,http_access,3,556803f9-b3ce-497c-b667-93cc4a4b29a4,,,,,,,3,,,,,,,200,,,,,,,,,,,,,,,,,web,ok,GET,200,/analise,INFO,1786799542000000000,d29cd958a61f41d4ba3c2e2da08b352f
evento=http_access status=ok durationMs=2 httpStatus=200,http_access,2,48b099ef-9b28-4cd5-b8a0-98aefab01a14,,,,,,,2,,,,,,,200,,,,,,,,,,,,,,,,,web,ok,GET,200,/analise,INFO,1786796826000000000,3484d98c81724784b0016c8c63382180
evento=http_access status=ok durationMs=4 httpStatus=200,http_access,4,3e206a86-0657-471d-9740-116493c490c1,,,,,,,4,,,,,,,200,,,,,,,,,,,,,,,,,web,ok,GET,200,/analise,INFO,1786796780000000000,a81fa203cc464e73ab3e3284d68ff1ba
evento=http_access status=ok durationMs=3 httpStatus=200,http_access,3,f8c47814-6e64-4eb5-ac42-d8a4d2907075,,,,,,,3,,,,,,,200,,,,,,,,,,,,,,,,,web,ok,GET,200,/analise,INFO,1786796689000000000,a1ce9ccc7add4025899776f4c6f685c3
evento=http_access status=ok durationMs=1 httpStatus=200,http_access,1,2c0c76a3-eaf3-4162-b26e-6149cad1b674,,,,,,,1,,,,,,,200,,,,,,,,,,,,,,,,,web,ok,GET,200,/analise,INFO,1786793496000000000,9a4fae56283444bfba18ca7b4ee08bce
evento=http_access status=ok durationMs=3 httpStatus=200,http_access,3,609d979f-b916-45e0-8b9b-f0809fa914c4,,,,,,,3,,,,,,,200,,,,,,,,,,,,,,,,,web,ok,GET,200,/analise,INFO,1786793394000000000,ae599a98a2434abda1d8f260fadaea12
evento=http_access status=ok durationMs=4 httpStatus=200,http_access,4,a1937853-0758-4c7a-b610-82e3597cc2b2,,,,,,,4,,,,,,,200,,,,,,,,,,,,,,,,,web,ok,GET,200,/analise,INFO,1786793204000000000,0ac2af6594934682b60a0487f0f438d7
evento=http_access status=ok durationMs=1 httpStatus=200,http_access,1,5e3984d9-3f48-4b2e-b5ae-a5b65c9969f8,,,,,,,1,,,,,,,200,,,,,,,,,,,,,,,,,web,ok,GET,200,/analise,INFO,1786790322000000000,be009f2fce884c21ae761cb44f08d76a
evento=http_access status=ok durationMs=2 httpStatus=200,http_access,2,8de7e69b-3038-454b-9bcb-7270e82a7cbb,,,,,,,2,,,,,,,200,,,,,,,,,,,,,,,,,web,ok,GET,200,/analise,INFO,1786790118000000000,71ca5aab45b340e89e045bd41f20007d
evento=http_access status=ok durationMs=6 httpStatus=200,http_access,6,339e0a42-34e2-4f95-8c39-2c128d4c8681,,,,,,,6,,,,,,,200,,,,,,,,,,,,,,,,,web,ok,GET,200,/analise,INFO,1786790110000000000,ccb97257f01f4310896a416a4ec2e35f
evento=http_access status=ok durationMs=3 httpStatus=200,http_access,3,339e0510-530d-4288-a7a3-4ff393006861,,,,,,,3,,,,,,,200,,,,,,,,,,,,,,,,,web,ok,GET,200,/analise,INFO,1786787218000000000,91076fdf96b14aa7b46321c9b595df36
evento=http_access status=ok durationMs=2 httpStatus=200,http_access,2,edf6b271-59de-4223-b984-6c821b5f2026,,,,,,,2,,,,,,,200,,,,,,,,,,,,,,,,,web,ok,GET,200,/analise,INFO,1786787168000000000,9452e9bbcaf549e8bebe371d71f8f57c
evento=http_access status=ok durationMs=6 httpStatus=200,http_access,6,4c4e4f12-f0c7-43ed-a000-cc4098885caa,,,,,,,6,,,,,,,200,,,,,,,,,,,,,,,,,web,ok,GET,200,/analise,INFO,1786787114000000000,3b660c25ed364ba7b81bc7f067b01461
evento=http_access status=ok durationMs=2 httpStatus=200,http_access,2,7f9fc02a-60e4-4543-95eb-b756763b8f0a,,,,,,,2,,,,,,,200,,,,,,,,,,,,,,,,,web,ok,GET,200,/analise,INFO,1786784456000000000,963a8b63ab0a430890d59169fb4428e7
evento=http_access status=ok durationMs=4 httpStatus=200,http_access,4,76c6bab4-0c11-4e2e-a8a3-dfc0bbdc7e60,,,,,,,4,,,,,,,200,,,,,,,,,,,,,,,,,web,ok,GET,200,/analise,INFO,1786784280000000000,db8984c4ba9243a2aaba1f3bde2b3d5e
evento=http_access status=ok durationMs=3 httpStatus=200,http_access,3,6a671f53-738b-4c1a-a0e6-80c201360762,,,,,,,3,,,,,,,200,,,,,,,,,,,,,,,,,web,ok,GET,200,/analise,INFO,1786784279000000000,b763599d00e846d4a2050ddc2ad22dc5
evento=http_access status=ok durationMs=7 httpStatus=200,http_access,7,82dca1b1-4aa8-4137-86b4-15ccf5d73b22,,,,,,,7,,,,,,,200,,,,,,,,,,,,,,,,,web,ok,GET,200,/analise,INFO,1786780979000000000,d11f575193d247f4976df0fecc57e371
evento=http_access status=ok durationMs=4 httpStatus=200,http_access,5,28a12c23-57d3-41f2-993c-ccf84d408cb8,,,,,,,4,,,,,,,200,,,,,,,,,,,,,,,,,web,ok,GET,200,/analise,INFO,1786780973000000000,b9c7924c167b40e784a9bc36c1afeb72
evento=http_access status=ok durationMs=97 httpStatus=200,http_access,98,50008808-58c9-442b-985e-4f63c78bf63c,,,,,,,97,,,,,,,200,,,,,,,,,,,,,,,,,web,ok,GET,200,/analise,INFO,1786780864000000000,2c3e8ca55f0946b7b03d8ba494e0d07a
evento=http_access status=ok durationMs=7 httpStatus=200,http_access,7,b8814497-0797-4131-b020-6ba82284cf16,,,,,,,7,,,,,,,200,,,,,,,,,,,,,,,,,web,ok,GET,200,/analise,INFO,1786778500000000000,7549650aaa734516a373ece1b09584c7
evento=http_access status=ok durationMs=1 httpStatus=200,http_access,1,d7e58659-26e0-4662-bf2c-37001bf1af52,,,,,,,1,,,,,,,200,,,,,,,,,,,,,,,,,web,ok,GET,200,/analise,INFO,1786778444000000000,74fbcdf10dec4b8ca5236951a8b39de5
evento=http_access status=ok durationMs=15 httpStatus=200,http_access,15,b95fea11-1c67-47bd-a284-ef73fdd7b913,,,,,,,15,,,,,,,200,,,,,,,,,,,,,,,,,web,ok,GET,200,/analise,INFO,1786778440000000000,6d099dce1ffe4f898a1666823cec2ef8
evento=http_access status=ok durationMs=5 httpStatus=200,http_access,5,b2a68a94-b612-4eeb-aff1-03a660615a2e,,,,,,,5,,,,,,,200,,,,,,,,,,,,,,,,,web,ok,GET,200,/analise,INFO,1786775524000000000,9f8b215050e9422885dd4e2f39813044
evento=http_access status=ok durationMs=4 httpStatus=200,http_access,4,af0fcff0-77cb-40f7-9308-b868e822126d,,,,,,,4,,,,,,,200,,,,,,,,,,,,,,,,,web,ok,GET,200,/analise,INFO,1786775483000000000,8a7af0bc54df481eb34a2995474e76f4
evento=http_access status=ok durationMs=221 httpStatus=200,http_access,223,94a4e5bc-eec1-4e00-826d-2517142a8d4b,,,,,,,221,,,,,,,200,,,,,,,,,,,,,,,,,web,ok,GET,200,/analise,INFO,1786775469000000000,f0b60d2e9259413dbaba30cc889938a8
evento=http_access status=ok durationMs=5 httpStatus=200,http_access,5,5974af44-1f55-4829-a7fe-1cc0e2e19085,,,,,,,5,,,,,,,200,,,,,,,,,,,,,,,,,web,ok,GET,200,/analise,INFO,1786773129000000000,530864fd5eb549d6ac0a88441ce05b53
evento=http_access status=ok durationMs=3 httpStatus=200,http_access,3,d1533403-6b90-4591-856d-2a292805fe79,,,,,,,3,,,,,,,200,,,,,,,,,,,,,,,,,web,ok,GET,200,/analise,INFO,1786773124000000000,3297df52478a4168813cafef002b0c8d
evento=http_access status=ok durationMs=2 httpStatus=200,http_access,2,999f6a89-2d1b-47d1-a1fc-5e7ccd1cab15,,,,,,,2,,,,,,,200,,,,,,,,,,,,,,,,,web,ok,GET,200,/analise,INFO,1786773052000000000,ac69192178db42bbb377efc064c3933a
evento=http_access status=ok durationMs=2 httpStatus=200,http_access,2,c41752f6-aa4d-4d94-a15f-ca1438840bd7,,,,,,,2,,,,,,,200,,,,,,,,,,,,,,,,,web,ok,GET,200,/analise,INFO,1786771091000000000,1b025e04f6964af1abb0a86e009ed724
evento=http_access status=ok durationMs=1 httpStatus=200,http_access,1,14952970-a3a9-4400-9d3e-97c4b64f4dcb,,,,,,,1,,,,,,,200,,,,,,,,,,,,,,,,,web,ok,GET,200,/analise,INFO,1786771030000000000,d189ea1167a34b22bbcef10b01ad0d5c
evento=http_access status=ok durationMs=3 httpStatus=200,http_access,3,37a04490-94c5-47a5-a302-794140640e1e,,,,,,,3,,,,,,,200,,,,,,,,,,,,,,,,,web,ok,GET,200,/analise,INFO,1786770563000000000,7d6892382a47404aac5d90706e84c282
evento=http_access status=ok durationMs=3 httpStatus=200,http_access,3,c8c5239f-169f-49f8-b492-6c612322a86a,,,,,,,3,,,,,,,200,,,,,,,,,,,,,,,,,web,ok,GET,200,/analise,INFO,1786769108000000000,55e0ef1543a7497681fc5ecd9bb927f6
evento=http_access status=ok durationMs=2 httpStatus=200,http_access,2,9e7dc75a-90b8-4e50-ac87-99d9e0405b03,,,,,,,2,,,,,,,200,,,,,,,,,,,,,,,,,web,ok,GET,200,/analise,INFO,1786768955000000000,7c7d9f6ba2f04d688cb127c146c763e6
evento=http_access status=ok durationMs=12 httpStatus=200,http_access,12,4d2595be-cdd8-4530-8113-f320b8ff2556,,,,,,,12,,,,,,,200,,,,,,,,,,,,,,,,,web,ok,GET,200,/analise,INFO,1786767855000000000,ed66cf1fd2984f76be4cfc5cf1d6b54a
evento=http_access status=ok durationMs=4 httpStatus=200,http_access,4,0632552e-4250-41a2-8dd9-4d8888cf10b0,,,,,,,4,,,,,,,200,,,,,,,,,,,,,,,,,web,ok,GET,200,/analise,INFO,1786766571000000000,b62659b6ad0b49c587b34967e6e0b63c
evento=http_access status=ok durationMs=2 httpStatus=200,http_access,2,6fa2a219-d4b7-40ba-a41c-2a77f0226781,,,,,,,2,,,,,,,200,,,,,,,,,,,,,,,,,web,ok,GET,200,/analise,INFO,1786766394000000000,58134607c72748ae8cc3db8d02c697f5
evento=http_access status=ok durationMs=4 httpStatus=200,http_access,4,d5ca2ff5-5419-4900-92c9-a3f667af9100,,,,,,,4,,,,,,,200,,,,,,,,,,,,,,,,,web,ok,GET,200,/analise,INFO,1786764947000000000,cbd3219794c840bd8bd4305103a7c5bb
evento=http_access status=ok durationMs=9 httpStatus=200,http_access,9,824bac8d-3e39-41dc-adc7-d9e417acb444,,,,,,,9,,,,,,,200,,,,,,,,,,,,,,,,,web,ok,GET,200,/analise,INFO,1786763698000000000,0e1fb82a73a3410b86bef65b2551d9d6
evento=http_access status=ok durationMs=4 httpStatus=200,http_access,4,18f3eb3d-64a0-4ed2-9479-1e76089144dc,,,,,,,4,,,,,,,200,,,,,,,,,,,,,,,,,web,ok,GET,200,/analise,INFO,1786763500000000000,acc2246e6c6c4058bd66d5d3b9083d7b
evento=http_access status=ok durationMs=1 httpStatus=200,http_access,1,a9a1405a-c09c-4ea7-a267-6c489bab31c8,,,,,,,1,,,,,,,200,,,,,,,,,,,,,,,,,web,ok,GET,200,/analise,INFO,1786762762000000000,c246db5d1b7b429db59eddd35f933b56
evento=http_access status=ok durationMs=7 httpStatus=200,http_access,7,b19c753b-829f-482a-9815-981dd4314b5e,,,,,,,7,,,,,,,200,,,,,,,,,,,,,,,,,web,ok,GET,200,/analise,INFO,1786761706000000000,50ca8c2db3284b0890455d9409fbf0e7
evento=http_access status=ok durationMs=2 httpStatus=200,http_access,2,d0661bb3-f343-4aff-b58b-df4de7522908,,,,,,,2,,,,,,,200,,,,,,,,,,,,,,,,,web,ok,GET,200,/analise,INFO,1786761664000000000,42804b29cf994ca7b225be917411c66a
evento=http_access status=ok durationMs=4 httpStatus=200,http_access,5,c81fbe4a-fb40-405b-8871-e48c7cc98d48,,,,,,,4,,,,,,,200,,,,,,,,,,,,,,,,,web,ok,GET,200,/analise,INFO,1786760632000000000,bc0fbde85e98432cbc12fed1bff91044
evento=http_access status=ok durationMs=2 httpStatus=200,http_access,2,05b3d6e5-8308-4220-8e38-b2ec045b53b8,,,,,,,2,,,,,,,200,,,,,,,,,,,,,,,,,web,ok,GET,200,/analise,INFO,1786759659000000000,ad35a061b94d4fc283562581c422effd
evento=http_access status=ok durationMs=9 httpStatus=200,http_access,9,c685351c-d47d-40cd-8ca2-6b0bedd1bc0c,,,,,,,9,,,,,,,200,,,,,,,,,,,,,,,,,web,ok,GET,200,/analise,INFO,1786759438000000000,71353ec1203e4073ad026af00f53ff98
evento=http_access status=ok durationMs=2 httpStatus=200,http_access,2,6c287a4c-ac6b-4388-b598-b7c927cc7e71,,,,,,,2,,,,,,,200,,,,,,,,,,,,,,,,,web,ok,GET,200,/analise,INFO,1786757456000000000,0decf151b0f648e483b38d4003ae46f6
evento=http_access status=ok durationMs=1 httpStatus=200,http_access,1,869e1e25-88df-4578-b36f-543fa9cd6cd3,,,,,,,1,,,,,,,200,,,,,,,,,,,,,,,,,web,ok,GET,200,/analise,INFO,1786757432000000000,b8ebde5abc964a7abc1bb27193484841
evento=http_access status=ok durationMs=2 httpStatus=200,http_access,2,7577291f-00ab-476e-88a2-0c705740400c,,,,,,,2,,,,,,,200,,,,,,,,,,,,,,,,,web,ok,GET,200,/analise,INFO,1786757329000000000,0b9bcb49ac544eb3a5af53a270395a76
evento=http_access status=ok durationMs=2 httpStatus=200,http_access,2,d47ecad2-e68d-4839-89d5-2eb0d23a4516,,,,,,,2,,,,,,,200,,,,,,,,,,,,,,,,,web,ok,GET,200,/analise,INFO,1786754357000000000,956bb191a53747fcbe920ba8f3edd45e
evento=http_access status=ok durationMs=3 httpStatus=200,http_access,3,e8737995-b434-415d-aeb1-68b02cc018b3,,,,,,,3,,,,,,,200,,,,,,,,,,,,,,,,,web,ok,GET,200,/analise,INFO,1786754185000000000,b74794eef5594a47bb458e0ccf90c60d
evento=http_access status=ok durationMs=3 httpStatus=200,http_access,3,1298cd21-b873-4817-8f05-f9fa61ced9a9,,,,,,,3,,,,,,,200,,,,,,,,,,,,,,,,,web,ok,GET,200,/analise,INFO,1786754148000000000,5af49ffa2be04af1afe77d2856947381
evento=http_access status=ok durationMs=2 httpStatus=200,http_access,2,b2e69349-79af-4f34-9493-10a8cdd76c2d,,,,,,,2,,,,,,,200,,,,,,,,,,,,,,,,,web,ok,GET,200,/analise,INFO,1786751293000000000,0c99874421854abc88f747b4302669a9
evento=http_access status=ok durationMs=3 httpStatus=200,http_access,3,8ec7639a-e54e-4fb2-9e5b-f480e6177690,,,,,,,3,,,,,,,200,,,,,,,,,,,,,,,,,web,ok,GET,200,/analise,INFO,1786751286000000000,79a6651dc5ed4105898bd3682b591278
evento=http_access status=ok durationMs=2 httpStatus=200,http_access,2,e48ba7ea-e8a8-497d-bfd1-ea4dfff982f3,,,,,,,2,,,,,,,200,,,,,,,,,,,,,,,,,web,ok,GET,200,/analise,INFO,1786751069000000000,33cb25c6604f4742a973f72350531186
evento=http_access status=ok durationMs=2 httpStatus=200,http_access,2,79668e6d-c10e-445c-932d-bfe3505b1c75,,,,,,,2,,,,,,,200,,,,,,,,,,,,,,,,,web,ok,GET,200,/analise,INFO,1786749408000000000,5ae38e8ac72c48c99197b88b5c6d6991
evento=http_access status=ok durationMs=2 httpStatus=200,http_access,2,03026af4-231d-4d74-b5fd-96388f0f4d77,,,,,,,2,,,,,,,200,,,,,,,,,,,,,,,,,web,ok,GET,200,/analise,INFO,1786749360000000000,eb22694c6cc846428e6b25c9a2d57cf6
evento=http_access status=ok durationMs=7 httpStatus=200,http_access,7,633bebde-7c73-495b-ab13-f32b4edb22bc,,,,,,,7,,,,,,,200,,,,,,,,,,,,,,,,,web,ok,GET,200,/analise,INFO,1786748958000000000,f933af0437ec4af9a34f119458a003b8
evento=http_access status=ok durationMs=5 httpStatus=200,http_access,5,c0c061c8-0d61-42ae-a118-9590eb39aa4f,,,,,,,5,,,,,,,200,,,,,,,,,,,,,,,,,web,ok,GET,200,/analise,INFO,1786747165000000000,0d4b0925e3194cd2b47926053abdbe57
evento=http_access status=ok durationMs=2 httpStatus=200,http_access,2,1be785ce-d0a9-43c9-92f1-5698c7aee26d,,,,,,,2,,,,,,,200,,,,,,,,,,,,,,,,,web,ok,GET,200,/analise,INFO,1786747159000000000,82158861e0f343eca950d01197ed6eec
evento=http_access status=ok durationMs=3 httpStatus=200,http_access,3,901c0b67-e23d-4c73-82ca-011a4dc5b3c0,,,,,,,3,,,,,,,200,,,,,,,,,,,,,,,,,web,ok,GET,200,/analise,INFO,1786746535000000000,f61523e5911a4570afe528a1af9350d7
evento=http_access status=ok durationMs=2 httpStatus=200,http_access,2,6d07f9e1-b873-4c8b-b787-93974a7e26a3,,,,,,,2,,,,,,,200,,,,,,,,,,,,,,,,,web,ok,GET,200,/analise,INFO,1786744103000000000,9ce897ebf0e140f5a413dd315806a35b
evento=http_access status=ok durationMs=2 httpStatus=200,http_access,2,16461efe-6bfa-4dae-b829-55981af94e58,,,,,,,2,,,,,,,200,,,,,,,,,,,,,,,,,web,ok,GET,200,/analise,INFO,1786744001000000000,93f5a91d6350488f8650c272d1c1b2b7
evento=http_access status=ok durationMs=35 httpStatus=200,http_access,35,f1fa32ec-0441-4746-8536-7eb0cb743cee,,,,,,,35,,,,,,,200,,,,,,,,,,,,,,,,,web,ok,GET,200,/analise,INFO,1786743573000000000,a7148e93b2f846a1a5c1e43526ea8d6a
evento=http_access status=ok durationMs=3 httpStatus=200,http_access,3,2a6ff00b-f310-4b60-97de-f5837993efd3,,,,,,,3,,,,,,,200,,,,,,,,,,,,,,,,,web,ok,GET,200,/analise,INFO,1786740670000000000,f37634e1e43740d3ad63c87bcc23d2d0
evento=http_access status=ok durationMs=11 httpStatus=200,http_access,11,4f4036ee-96b6-4725-bc1e-ec06850ec6f0,,,,,,,11,,,,,,,200,,,,,,,,,,,,,,,,,web,ok,GET,200,/analise,INFO,1786740595000000000,ff764918917348f4b6e81db1b8fc14f7
evento=http_access status=ok durationMs=77 httpStatus=200,http_access,78,2f79f6c4-d033-4498-a92e-99ac2e9e696a,,,,,,,77,,,,,,,200,,,,,,,,,,,,,,,,,web,ok,GET,200,/analise,INFO,1786740393000000000,21054198845d4f708015b53a4e599cb2
evento=http_access status=ok durationMs=4 httpStatus=200,http_access,4,234ef6f0-5d8e-4f8d-a18d-61e5ddedaa1e,,,,,,,4,,,,,,,200,,,,,,,,,,,,,,,,,web,ok,GET,200,/analise,INFO,1786737815000000000,d9e28afdac52470590bc6df41bc795a3
evento=http_access status=ok durationMs=1 httpStatus=200,http_access,1,f9758580-9ceb-49ee-8b3e-32ef0852b669,,,,,,,1,,,,,,,200,,,,,,,,,,,,,,,,,web,ok,GET,200,/analise,INFO,1786737663000000000,c32b5d14d98e4a50acd5742319c3d39a
evento=http_access status=ok durationMs=5 httpStatus=200,http_access,5,beb5b0e6-e9d7-44ca-a9fc-8aba6e11bfe3,,,,,,,5,,,,,,,200,,,,,,,,,,,,,,,,,web,ok,GET,200,/analise,INFO,1786737612000000000,958448715c2d4e9ba3f8536084779482
evento=http_access status=ok durationMs=2 httpStatus=200,http_access,2,7eec87f2-c955-4cea-92d2-06f3354b4482,,,,,,,2,,,,,,,200,,,,,,,,,,,,,,,,,web,ok,GET,200,/analise,INFO,1786735354000000000,1b767e6903e74be1a84dc0b52a998c16
evento=http_access status=ok durationMs=10 httpStatus=200,http_access,10,7ced329b-65c8-4961-98f8-22a866743763,,,,,,,10,,,,,,,200,,,,,,,,,,,,,,,,,web,ok,GET,200,/analise,INFO,1786735286000000000,0c6e8e9f58a2409e9359d195ca33d37c
evento=http_access status=ok durationMs=88 httpStatus=200,http_access,88,f55e5b83-be7e-425c-9537-c63d302b4e8f,,,,,,,88,,,,,,,200,,,,,,,,,,,,,,,,,web,ok,GET,200,/analise,INFO,1786735234000000000,6188eef007634472b63b247a873a9fcf
evento=http_access status=ok durationMs=2 httpStatus=200,http_access,2,ae5abf42-af01-4201-81c6-b4237a1b7d95,,,,,,,2,,,,,,,200,,,,,,,,,,,,,,,,,web,ok,GET,200,/analise,INFO,1786732414000000000,d24d692567574a8eb6cec00f8b1ff0b7
evento=http_access status=ok durationMs=3 httpStatus=200,http_access,3,a0a252ad-9241-427f-8c58-40075a6d014f,,,,,,,3,,,,,,,200,,,,,,,,,,,,,,,,,web,ok,GET,200,/analise,INFO,1786732395000000000,d6c47e9b620343aab8c4ed1938345fd9
evento=http_access status=ok durationMs=6 httpStatus=200,http_access,6,e31c3671-8bbf-400d-8b47-69284662e2b0,,,,,,,6,,,,,,,200,,,,,,,,,,,,,,,,,web,ok,GET,200,/analise,INFO,1786732179000000000,f43a809e6410400ab78153c23ea7b632
evento=http_access status=ok durationMs=3 httpStatus=200,http_access,3,323fa167-04f4-4566-be41-6cf0b0a16183,,,,,,,3,,,,,,,200,,,,,,,,,,,,,,,,,web,ok,GET,200,/analise,INFO,1786729759000000000,7f314e847a394f68a142e1da514deaa7
evento=http_access status=ok durationMs=2 httpStatus=200,http_access,2,fc7955e6-7a7e-461d-907f-33f2edd3d28f,,,,,,,2,,,,,,,200,,,,,,,,,,,,,,,,,web,ok,GET,200,/analise,INFO,1786729518000000000,0f4e076d84db442db5158eca2314bb73
evento=http_access status=ok durationMs=2 httpStatus=200,http_access,2,30cc433e-d5ce-4d57-8d65-21dc50433091,,,,,,,2,,,,,,,200,,,,,,,,,,,,,,,,,web,ok,GET,200,/analise,INFO,1786729448000000000,de2af9a7ea5f4792bcdfe9084f9d1059
evento=http_access status=ok durationMs=3 httpStatus=200,http_access,3,368b46a1-f630-44ec-a03a-131bc4a06372,,,,,,,3,,,,,,,200,,,,,,,,,,,,,,,,,web,ok,GET,200,/analise,INFO,1786727190000000000,4f18cf743b6c4f3b9b2b54d302914856
evento=http_access status=ok durationMs=3 httpStatus=200,http_access,3,c195a72d-c20e-4447-a11b-06db6d23c899,,,,,,,3,,,,,,,200,,,,,,,,,,,,,,,,,web,ok,GET,200,/analise,INFO,1786727043000000000,910be7b82749424d98b8c7d84f5ca291
evento=http_access status=ok durationMs=2 httpStatus=200,http_access,2,e8f46e52-ffd4-4c55-8046-a92d73fba165,,,,,,,2,,,,,,,200,,,,,,,,,,,,,,,,,web,ok,GET,200,/analise,INFO,1786726939000000000,d915773b9aa4437793ffed65e54602cc
evento=http_access status=ok durationMs=4 httpStatus=200,http_access,4,2d27637b-020f-4f76-9d69-611ca81848da,,,,,,,4,,,,,,,200,,,,,,,,,,,,,,,,,web,ok,GET,200,/analise,INFO,1786726760000000000,a5123d17a9dc4a17880aea7ea50761cf
evento=http_access status=ok durationMs=4 httpStatus=200,http_access,4,60fcd556-15d6-4d38-98da-e2dbd9afaa38,,,,,,,4,,,,,,,200,,,,,,,,,,,,,,,,,web,ok,GET,200,/analise,INFO,1786725032000000000,deef7d4fc4cb4989b0f8a6f6e736c8e2
evento=http_access status=ok durationMs=6 httpStatus=200,http_access,6,d8b477ef-c1ad-41b1-9f19-f717f3331bd7,,,,,,,6,,,,,,,200,,,,,,,,,,,,,,,,,web,ok,GET,200,/analise,INFO,1786724807000000000,66ead1d4e18e4908b0da2ccb101e3322
evento=http_access status=ok durationMs=1 httpStatus=200,http_access,1,1842c648-ad4f-410a-966a-65627a8ecbb0,,,,,,,1,,,,,,,200,,,,,,,,,,,,,,,,,web,ok,GET,200,/analise,INFO,1786724782000000000,50b7dad5d2ad4b7890e9e7ec3780ad59
evento=http_access status=ok durationMs=3 httpStatus=200,http_access,3,9d5baf60-a4d1-4b3a-9040-e63ec1a5166e,,,,,,,3,,,,,,,200,,,,,,,,,,,,,,,,,web,ok,GET,200,/analise,INFO,1786724759000000000,08677c5486ae4db1a3adfb1c5e832af9
evento=http_access status=ok durationMs=477 httpStatus=200,http_access,477,e7366684-6b84-4699-9768-e9555dcc208c,,,,,,,477,,,,,,,200,,,,,,,,,,,,,,,,,web,ok,GET,200,/resolucao-problemas,INFO,1786724759000000000,e00982b482654a019af2f0fce879dd97
evento=engenharia_reversa_parse status=ok avisos=3 consistente=true enlaces=3 errosCorrigidos=14 errosSemCorrecao=0 linhas=58 naoInterpretadas=0 pendencias=0 roteadores=3,engenharia_reversa_parse,,5bdd2809-b7da-43d9-aa79-9e5ed6245714,,,3,,true,,,,,3,14,0,,,,58,,,0,,,0,,,,,3,,,,resolucaoProblemas,ok,GET,,/resolucao-problemas,INFO,1786724759000000000,e00982b482654a019af2f0fce879dd97
evento=http_access status=ok durationMs=2 httpStatus=200,http_access,2,e8fe2c82-05f7-4138-9d9c-efc77d8eceb8,,,,,,,2,,,,,,,200,,,,,,,,,,,,,,,,,web,ok,GET,200,/analise,INFO,1786724691000000000,8a15cb17ad9045aaa9a779acce279f5d
evento=http_access status=ok durationMs=1 httpStatus=200,http_access,1,5c465b5f-4116-4b1c-8257-f190e2c0d3bb,,,,,,,1,,,,,,,200,,,,,,,,,,,,,,,,,web,ok,GET,200,/resolucao-problemas,INFO,1786722309000000000,a0a10cd7c3424d97994002b1bf236571
evento=http_access status=ok durationMs=2 httpStatus=200,http_access,2,564e56ba-5945-4ee0-b1bc-b482b65fc5bd,,,,,,,2,,,,,,,200,,,,,,,,,,,,,,,,,web,ok,GET,200,/resolucao-problemas,INFO,1786722138000000000,2a101f98856f4ff987e808c04f20bbd3
evento=http_access status=ok durationMs=2 httpStatus=200,http_access,2,e1ce4c46-9c8e-4bfe-b643-1bc185446e53,,,,,,,2,,,,,,,200,,,,,,,,,,,,,,,,,web,ok,GET,200,/resolucao-problemas,INFO,1786722099000000000,2c5f79a8f7fa4b7896a138a9757e714c
evento=http_access status=ok durationMs=4 httpStatus=200,http_access,4,47a69244-9a1d-45d4-8721-cfa010e7e9a1,,,,,,,4,,,,,,,200,,,,,,,,,,,,,,,,,web,ok,GET,200,/resolucao-problemas,INFO,1786722049000000000,f019354da0d54042988119fd62bb1540
evento=http_access status=ok durationMs=2 httpStatus=200,http_access,2,336629be-4fc8-42eb-a803-b313ce97fe98,,,,,,,2,,,,,,,200,,,,,,,,,,,,,,,,,web,ok,GET,200,/resolucao-problemas,INFO,1786722048000000000,64b87a9e1ddb448698a6431003fc39cc
evento=http_access status=ok durationMs=9 httpStatus=200,http_access,9,b42c7672-4169-47a8-8874-dbb01fcbfb90,,,,,,,9,,,,,,,200,,,,,,,,,,,,,,,,,web,ok,GET,200,/analise,INFO,1786722017000000000,c1bf5ddc74564623bd4c97b42f51e7ba
evento=http_access status=ok durationMs=7 httpStatus=200,http_access,7,5bdb2e25-e9c9-475a-913d-ba5bf9ae989a,,,,,,,7,,,,,,,200,,,,,,,,,,,,,,,,,web,ok,GET,200,/login,INFO,1786722000000000000,3eff84d9d34049e789d09a10d1822a31
evento=http_access status=ok durationMs=5 httpStatus=200,http_access,5,de570855-6ad9-44d7-8a7d-8f7daffea820,,,,,,,5,,,,,,,200,,,,,,,,,,,,,,,,,web,ok,GET,200,/analise,INFO,1786721999000000000,4288ed90878e4c79bcb64e5afa4b4f42
evento=http_access status=ok durationMs=2 httpStatus=200,http_access,2,fb866afb-0f7a-4caa-a944-88dd8fc00193,,,,,,,2,,,,,,,200,,,,,,,,,,,,,,,,,web,ok,GET,200,/analise,INFO,1786721970000000000,ac87420143ca420cad14c3e3f584ce84
evento=http_access status=ok durationMs=1 httpStatus=303,http_access,1,0b49d180-41d2-47af-84ad-aa077c0805f4,,,,,,,1,,,,,,,303,,,,,,,,,,,,,,,,,web,ok,GET,303,/login/github,INFO,1786721873000000000,45aa9deb515d461b86a029958f57af4e
evento=http_access status=ok durationMs=31 httpStatus=200,http_access,31,1eafdb93-b918-4dde-9175-960c82bc0f29,,,,,,,31,,,,,,,200,,,,,,,,,,,,,,,,,web,ok,GET,200,/protocolos/ssh,INFO,1786721803000000000,0ee8862cc91144bdac1126219e2b2965
evento=aprofundamento_view status=ok autenticacoes=6 conceitos=6 encaminhamentos=6 hardening=10 protocolo=ssh,aprofundamento_view,,6aef956e-3e24-4b7a-835c-cd0976569a19,,6,,6,,,,6,,,,,10,,,,,,,,,,,ssh,,,,,,,protocolos,ok,GET,,/protocolos/ssh,INFO,1786721803000000000,0ee8862cc91144bdac1126219e2b2965
evento=http_access status=ok durationMs=11 httpStatus=200,http_access,11,f999bbae-d0e7-4075-89dd-80eff7a6fff9,,,,,,,11,,,,,,,200,,,,,,,,,,,,,,,,,web,ok,GET,200,/protocolos/bgp,INFO,1786721739000000000,199c4b5567ad4a7f93781a8a8d8cf3d0
evento=aprofundamento_view status=ok atributos=8 conceitos=6 passosSelecao=14 protecoes=6 protocolo=bgp,aprofundamento_view,,00d37bad-3736-4c49-82ab-da62401ea039,8,,,6,,,,,,,,,,,,,,,,,14,,6,bgp,,,,,,,protocolos,ok,GET,,/protocolos/bgp,INFO,1786721739000000000,199c4b5567ad4a7f93781a8a8d8cf3d0
evento=http_access status=ok durationMs=50 httpStatus=200,http_access,50,ecaa589f-734e-43fc-b16a-800e83e8f15c,,,,,,,50,,,,,,,200,,,,,,,,,,,,,,,,,web,ok,GET,200,/documentacao,INFO,1786719460000000000,a7e806232bce489f8d33e7ae6892a27d
evento=http_access status=ok durationMs=33 httpStatus=200,http_access,33,566e4403-9bd8-40bb-9963-3e45518cc446,,,,,,,33,,,,,,,200,,,,,,,,,,,,,,,,,web,ok,GET,200,/resolucao-problemas,INFO,1786719460000000000,6a8e227c4a6840f180e48b970db21749
evento=http_access status=ok durationMs=1 httpStatus=200,http_access,1,d422de35-a18f-4d62-80fb-d246675a9993,,,,,,,1,,,,,,,200,,,,,,,,,,,,,,,,,web,ok,GET,200,/manifest.webmanifest,INFO,1786719450000000000,0225ace3f4ed440a9791af2e8e216310
evento=http_access status=ok durationMs=4 httpStatus=200,http_access,4,c062fd01-93bc-423c-b77d-78657500a3a9,,,,,,,4,,,,,,,200,,,,,,,,,,,,,,,,,web,ok,GET,200,/seguranca,INFO,1786719423000000000,9d4a25a0cc37457696f5a34d0d915f28
evento=http_access status=ok durationMs=433 httpStatus=200,http_access,433,1d80d0d5-b1db-4a45-b27a-cb18cfcc9b2b,,,,,,,433,,,,,,,200,,,,,,,,,,,,,,,,,web,ok,GET,200,/informacoes,INFO,1786719377000000000,44326a260b5e4abaaf6e57ba9f5ecabd
evento=geo_lookup status=ok ip=visitante-004 status=start,geo_lookup,,79578373-8f15-4d75-88b9-5f381923bfd6,,,,,,,,,,,,,,,visitante-004,,,,,,,,,,,,,start,,,analiseDidatica,ok,GET,,/informacoes,INFO,1786719377000000000,44326a260b5e4abaaf6e57ba9f5ecabd
evento=http_access status=ok durationMs=3 httpStatus=200,http_access,3,385afe0f-c97f-412e-8e49-410a899710e0,,,,,,,3,,,,,,,200,,,,,,,,,,,,,,,,,web,ok,GET,200,/localizacao,INFO,1786719376000000000,398d63a3150b4dc6a99a1b4f0f766a7d
evento=http_access status=ok durationMs=1 httpStatus=200,http_access,1,c3dacd6e-193b-4339-9e11-ecb1de13170f,,,,,,,1,,,,,,,200,,,,,,,,,,,,,,,,,web,ok,GET,200,/login,INFO,1786719374000000000,ecad9556458741e580835d29a29a2876
evento=http_access status=ok durationMs=0 httpStatus=303,http_access,0,23b1eebd-3c95-4e82-b829-f8b521aaa7b8,,,,,,,0,,,,,,,303,,,,,,,,,,,,,,,,,web,ok,GET,303,/telemetria,INFO,1786719373000000000,ff744376587a4edc825b09b886f471e7
evento=http_access status=ok durationMs=13 httpStatus=200,http_access,13,d5a0c5a1-5eb4-4adb-831c-4ac98aacd1e4,,,,,,,13,,,,,,,200,,,,,,,,,,,,,,,,,web,ok,GET,200,/calculadora,INFO,1786719373000000000,9a079926123f425f84bc103c5b22eebb
evento=http_access status=ok durationMs=16 httpStatus=200,http_access,16,e223f32c-5f20-4d9c-a925-7f371581f43c,,,,,,,16,,,,,,,200,,,,,,,,,,,,,,,,,web,ok,GET,200,/analise,INFO,1786719373000000000,5135f564b3ee4189a4c73a62f443655b
evento=http_access status=ok durationMs=6 httpStatus=200,http_access,6,fb275e94-3e2a-421f-9b9a-1fdc0c6fa213,,,,,,,6,,,,,,,200,,,,,,,,,,,,,,,,,web,ok,GET,200,/trafego,INFO,1786719372000000000,651c234e56af4446955c3ff26098c5d7
evento=http_access status=ok durationMs=3 httpStatus=200,http_access,3,2db992c2-04fd-42ec-abec-f110551b04e2,,,,,,,3,,,,,,,200,,,,,,,,,,,,,,,,,web,ok,GET,200,/diagnostico,INFO,1786719372000000000,553c008bfbe24e49b6f2407ab3e0846c
evento=http_access status=ok durationMs=2 httpStatus=200,http_access,2,27602f4e-b211-4bc5-bb2f-5e0c114d7d69,,,,,,,2,,,,,,,200,,,,,,,,,,,,,,,,,web,ok,GET,200,/sobre,INFO,1786719350000000000,550b79f29ff943d9a49be7f7f397b54c
evento=http_access status=ok durationMs=24 httpStatus=200,http_access,24,86174f21-755d-4f4e-b6ba-2c348b173f49,,,,,,,24,,,,,,,200,,,,,,,,,,,,,,,,,web,ok,GET,200,/portas,INFO,1786719350000000000,3e7737780bd5414aac60c5574b73f27a
evento=catalog_load status=ok total=30,catalog_load,,f4d6fce5-46c4-47ec-be30-60a162b1fd7b,,,,,,,,,,,,,,,,,,,,,,,,,,,,,30,,portas,ok,GET,,/portas,INFO,1786719350000000000,3e7737780bd5414aac60c5574b73f27a
evento=http_access status=ok durationMs=77 httpStatus=200,http_access,77,4faa98a7-2cce-464e-abe0-0a3534425c2b,,,,,,,77,,,,,,,200,,,,,,,,,,,,,,,,,web,ok,GET,200,/protocolos,INFO,1786719347000000000,dab9b01a5f2f4d36936487487eaec72d
evento=catalog_load status=ok total=47,catalog_load,,333c2ac1-e29d-49c1-aa68-b8c4d93f8adf,,,,,,,,,,,,,,,,,,,,,,,,,,,,,47,,protocolos,ok,GET,,/protocolos,INFO,1786719347000000000,dab9b01a5f2f4d36936487487eaec72d
evento=catalog_load status=ok total=47,catalog_load,,26ca16f7-18c1-48e0-895a-ced42d6adc17,,,,,,,,,,,,,,,,,,,,,,,,,,,,,47,,protocolos,ok,GET,,/protocolos,INFO,1786719347000000000,dab9b01a5f2f4d36936487487eaec72d
evento=http_access status=ok durationMs=3 httpStatus=200,http_access,3,073a1477-c6d1-40c1-9ee5-1a5b5aa448e6,,,,,,,3,,,,,,,200,,,,,,,,,,,,,,,,,web,ok,GET,200,/admin/login,INFO,1786719347000000000,6c4156c30c804219ad5863465d1eb835
