body,event.name,framework.duration_ms,framework.event_id,framework.field.ataques,framework.field.autenticacoes,framework.field.blocos,framework.field.campos,framework.field.checagens,framework.field.ciphers,framework.field.conceitos,framework.field.dados,framework.field.durationMs,framework.field.encaminhamentos,framework.field.encerramento,framework.field.enderecos,framework.field.estrategia,framework.field.exibidos,framework.field.extras,framework.field.formatos,framework.field.hardening,framework.field.host,framework.field.httpStatus,framework.field.ip,framework.field.login,framework.field.mitigacoes,framework.field.pagina,framework.field.passos,framework.field.prefixoAlvo,framework.field.prefixoBase,framework.field.prefixoResumo,framework.field.prefixoVlan,framework.field.protocolo,framework.field.redes,framework.field.resultado,framework.field.status,framework.field.tabelas,framework.field.tipoServido,framework.field.tipoSolicitado,framework.field.tipos,framework.field.total,framework.field.totalSubredes,framework.field.truncado,framework.field.veredito,framework.field.vlans,framework.module,framework.status,http.request.method,http.response.status_code,http.route,severity,timeUnixNano,traceId
evento=http_access status=ok durationMs=1 httpStatus=200,http_access,1,7251e977-c130-4189-9fa5-edbc72efcd5a,,,,,,,,,1,,,,,,,,,,200,,,,,,,,,,,,,,,,,,,,,,,web,ok,GET,200,/manifest.webmanifest,INFO,1788834015000000000,4d08ef5ff7434e5085ac3299e4d6dd49
evento=http_access status=ok durationMs=12 httpStatus=200,http_access,12,2b64679b-86e3-4e9d-a93c-b5178e8701f1,,,,,,,,,12,,,,,,,,,,200,,,,,,,,,,,,,,,,,,,,,,,web,ok,GET,200,/telemetria,INFO,1788834015000000000,dffd5b40aa4e44688eb0d7d24247fb69
evento=http_access status=ok durationMs=980 httpStatus=303,http_access,980,9815e7be-bdad-40f9-b470-3ed25943d629,,,,,,,,,980,,,,,,,,,,303,,,,,,,,,,,,,,,,,,,,,,,web,ok,GET,303,/login/github/callback,INFO,1788834015000000000,60a58dbfd7534e37b7372b342b118c28
evento=login_github status=ok login=carmipa resultado=ok,login_github,,e1891aa7-8808-411a-8c3b-cb01190a9356,,,,,,,,,,,,,,,,,,,,,carmipa,,,,,,,,,,ok,,,,,,,,,,,seguranca,ok,GET,,/login/github/callback,INFO,1788834015000000000,60a58dbfd7534e37b7372b342b118c28
evento=http_access status=ok durationMs=6 httpStatus=303,http_access,6,600c9e88-6339-4791-bb74-76f3905122e6,,,,,,,,,6,,,,,,,,,,303,,,,,,,,,,,,,,,,,,,,,,,web,ok,GET,303,/login/github,INFO,1788834014000000000,76cb3d956a1d414aad5915448b486bc5
evento=http_access status=ok durationMs=11 httpStatus=200,http_access,11,2462bf5e-38fc-4a54-8fa9-84c456b2c2c3,,,,,,,,,11,,,,,,,,,,200,,,,,,,,,,,,,,,,,,,,,,,web,ok,GET,200,/login,INFO,1788834012000000000,39cb39cfa1f34d7e9f6c20041dd7b060
evento=http_access status=ok durationMs=14 httpStatus=303,http_access,14,1be397f5-19e0-4679-ad05-a8b5f79da237,,,,,,,,,14,,,,,,,,,,303,,,,,,,,,,,,,,,,,,,,,,,web,ok,GET,303,/telemetria,INFO,1788834012000000000,17aff1852f1b463893c4f41b1b7433f9
evento=http_access status=ok durationMs=2 httpStatus=200,http_access,2,c17cf150-d00e-49d3-8aae-0196ad7c7afe,,,,,,,,,2,,,,,,,,,,200,,,,,,,,,,,,,,,,,,,,,,,web,ok,GET,200,/manifest.webmanifest,INFO,1788834008000000000,e3ec20837f8148669615edaadeb283bc
evento=http_access status=ok durationMs=9 httpStatus=200,http_access,9,3ad306ce-88dd-4f57-a323-710c008afe96,,,,,,,,,9,,,,,,,,,,200,,,,,,,,,,,,,,,,,,,,,,,web,ok,GET,200,/seguranca,INFO,1788834008000000000,a19dee395fd44bb5a6bcc669d49e0c76
evento=http_access status=ok durationMs=2 httpStatus=200,http_access,2,0e262a27-c05c-4948-98b7-fcfe2cff3f73,,,,,,,,,2,,,,,,,,,,200,,,,,,,,,,,,,,,,,,,,,,,web,ok,GET,200,/manifest.webmanifest,INFO,1788834006000000000,e4162336392a4ddd87801cdd4748f241
evento=http_access status=ok durationMs=24 httpStatus=200,http_access,24,bfb50197-ee3e-45aa-ab35-218bbf22d877,,,,,,,,,24,,,,,,,,,,200,,,,,,,,,,,,,,,,,,,,,,,web,ok,GET,200,/diagnostico,INFO,1788834006000000000,84cbf6ed0ed9453bbec918259649cb6e
evento=http_access status=ok durationMs=6 httpStatus=200,http_access,6,4370e378-4249-429f-9a8f-4a1b30bacdcb,,,,,,,,,6,,,,,,,,,,200,,,,,,,,,,,,,,,,,,,,,,,web,ok,GET,200,/manifest.webmanifest,INFO,1788834005000000000,2213890d9ee14433bc1fa3fd372bff24
evento=http_access status=ok durationMs=39 httpStatus=200,http_access,39,ae4a70f7-3d57-4961-b380-4a4566a6b665,,,,,,,,,39,,,,,,,,,,200,,,,,,,,,,,,,,,,,,,,,,,web,ok,GET,200,/ferramentas,INFO,1788834005000000000,f1e86814fc2d41c98add1da5157de9b0
evento=catalog_load status=ok tabelas=1,catalog_load,,af68e190-fb46-4428-8779-40eef31d985d,,,,,,,,,,,,,,,,,,,,,,,,,,,,,,,,,1,,,,,,,,,ferramentas,ok,GET,,/ferramentas,INFO,1788834005000000000,f1e86814fc2d41c98add1da5157de9b0
evento=http_access status=ok durationMs=3068 httpStatus=200,http_access,3068,112f2bee-2c6e-49af-8dc1-ce9253271701,,,,,,,,,3068,,,,,,,,,,200,,,,,,,,,,,,,,,,,,,,,,,web,ok,GET,200,/api/informacoes/geo,INFO,1788834004000000000,18bdd3de806f42a0aee6791846aaa445
evento=history_persist status=ok status=ok total=60,history_persist,,b50ba41f-92fb-4e34-9902-1796e177e94c,,,,,,,,,,,,,,,,,,,,,,,,,,,,,,,,ok,,,,,60,,,,,analiseDidatica,ok,GET,,/api/informacoes/geo,INFO,1788834004000000000,18bdd3de806f42a0aee6791846aaa445
evento=http_access status=ok durationMs=45 httpStatus=200,http_access,45,5bc6c38d-dcdd-446e-8007-c7745434aadd,,,,,,,,,45,,,,,,,,,,200,,,,,,,,,,,,,,,,,,,,,,,web,ok,GET,200,/simuladores/api/anomalia-tcp,INFO,1788834003000000000,e3908153ef7743beb2cb3fcbf04e6db8
evento=http_access status=ok durationMs=195 httpStatus=200,http_access,195,cad116eb-d16d-4c40-95ff-e893c7281091,,,,,,,,,195,,,,,,,,,,200,,,,,,,,,,,,,,,,,,,,,,,web,ok,GET,200,/simuladores/api/handshake,INFO,1788834003000000000,5b17e77a98774f538214b2bc9aaabb0b
evento=anomalia_tcp status=ok passos=7 tipoServido=syn-flood tipoSolicitado=syn-flood,anomalia_tcp,,ea035e4e-755b-457f-acb9-49e5f5cfdea2,,,,,,,,,,,,,,,,,,,,,,,,7,,,,,,,,,,syn-flood,syn-flood,,,,,,,simuladores,ok,GET,,/simuladores/api/anomalia-tcp,INFO,1788834003000000000,e3908153ef7743beb2cb3fcbf04e6db8
evento=handshake status=ok dados=true encerramento=true passos=9,handshake,,147794ae-9a95-498a-8230-b3096a7ee682,,,,,,,,true,,,true,,,,,,,,,,,,,9,,,,,,,,,,,,,,,,,,simuladores,ok,GET,,/simuladores/api/handshake,INFO,1788834003000000000,5b17e77a98774f538214b2bc9aaabb0b
evento=http_access status=ok durationMs=7 httpStatus=200,http_access,7,ebc8fc32-89c7-4116-8138-3446e46add07,,,,,,,,,7,,,,,,,,,,200,,,,,,,,,,,,,,,,,,,,,,,web,ok,GET,200,/manifest.webmanifest,INFO,1788834003000000000,9a6b9cec0ff24d1ca913645160abb458
evento=http_access status=ok durationMs=11 httpStatus=200,http_access,11,5a96b232-f7e9-4868-bcc4-b4ad4b164fc7,,,,,,,,,11,,,,,,,,,,200,,,,,,,,,,,,,,,,,,,,,,,web,ok,GET,200,/trafego,INFO,1788834003000000000,30c177f98b8e402594cc14b591225fd8
evento=geo_lookup status=ok ip=visitante-001 status=start,geo_lookup,,17ce3810-e2c9-4842-b667-09109fc7098c,,,,,,,,,,,,,,,,,,,,visitante-001,,,,,,,,,,,,start,,,,,,,,,,analiseDidatica,ok,GET,,/api/informacoes/geo,INFO,1788834003000000000,18bdd3de806f42a0aee6791846aaa445
evento=http_access status=ok durationMs=3 httpStatus=200,http_access,3,ee8a8636-156c-4bf2-b9df-f6f9d0f04a19,,,,,,,,,3,,,,,,,,,,200,,,,,,,,,,,,,,,,,,,,,,,web,ok,GET,200,/history,INFO,1788834001000000000,c9daa4e5eba4430882376f4d20ba84d5
evento=http_access status=ok durationMs=0 httpStatus=200,http_access,0,161ec4b0-498e-417e-8993-5701412e64ea,,,,,,,,,0,,,,,,,,,,200,,,,,,,,,,,,,,,,,,,,,,,web,ok,GET,200,/manifest.webmanifest,INFO,1788834000000000000,668f88b804774e089aca93445b6dc640
evento=http_access status=ok durationMs=18 httpStatus=200,http_access,18,dd297e5a-af26-438a-afd5-0bbac09bb38e,,,,,,,,,18,,,,,,,,,,200,,,,,,,,,,,,,,,,,,,,,,,web,ok,GET,200,/localizacao,INFO,1788834000000000000,47496341f4aa4ad7bb1e0405a0e09b75
evento=http_access status=ok durationMs=1 httpStatus=200,http_access,1,9a9e13be-8e58-4552-bf5a-73ede7f6fc6b,,,,,,,,,1,,,,,,,,,,200,,,,,,,,,,,,,,,,,,,,,,,web,ok,GET,200,/manifest.webmanifest,INFO,1788833989000000000,33c5fcb488c44c2ab99f6a03c78750cd
evento=http_access status=ok durationMs=3 httpStatus=200,http_access,3,b5a13644-61cc-4b94-9568-b07788bd2741,,,,,,,,,3,,,,,,,,,,200,,,,,,,,,,,,,,,,,,,,,,,web,ok,GET,200,/calculadora,INFO,1788833989000000000,617cfbeb62d348c9aefac6b91ff28d7b
evento=http_access status=ok durationMs=2 httpStatus=200,http_access,2,d2b51ed8-ba05-44e6-91fd-7f62358381c7,,,,,,,,,2,,,,,,,,,,200,,,,,,,,,,,,,,,,,,,,,,,web,ok,GET,200,/mascara-referencia,INFO,1788833988000000000,72afe7138cfe4162be96738fb57f09fb
evento=http_access status=ok durationMs=1 httpStatus=200,http_access,1,2764dec5-75b3-40cb-9c8c-bf3152ebd8f6,,,,,,,,,1,,,,,,,,,,200,,,,,,,,,,,,,,,,,,,,,,,web,ok,GET,200,/mascara-referencia,INFO,1788833988000000000,6322b1c1fde64f09909b54f18150abd1
evento=http_access status=ok durationMs=0 httpStatus=200,http_access,1,d9bbf810-43e5-403b-a433-771558534d6f,,,,,,,,,0,,,,,,,,,,200,,,,,,,,,,,,,,,,,,,,,,,web,ok,GET,200,/manifest.webmanifest,INFO,1788833987000000000,365a752f29ea4dfaa4934b6c4d60eb73
evento=http_access status=ok durationMs=4 httpStatus=200,http_access,4,ab8d5408-c00c-487b-9858-b7964fe30a55,,,,,,,,,4,,,,,,,,,,200,,,,,,,,,,,,,,,,,,,,,,,web,ok,GET,200,/analise,INFO,1788833987000000000,74048399f0734101809d7e04d259ca8e
evento=http_access status=ok durationMs=0 httpStatus=200,http_access,0,72f14033-6c9b-4990-af8e-49014586c80f,,,,,,,,,0,,,,,,,,,,200,,,,,,,,,,,,,,,,,,,,,,,web,ok,GET,200,/manifest.webmanifest,INFO,1788833974000000000,7e86dd4bd7a14c3684b5d78c6c54ec61
evento=http_access status=ok durationMs=2 httpStatus=200,http_access,2,f0c3e468-7780-4c3e-914a-68f8034c9de5,,,,,,,,,2,,,,,,,,,,200,,,,,,,,,,,,,,,,,,,,,,,web,ok,GET,200,/,INFO,1788833974000000000,6669134744204e1488607d1dadc7722a
evento=http_access status=ok durationMs=0 httpStatus=200,http_access,1,2a20beec-f60f-46eb-8e51-f3a34232bdbc,,,,,,,,,0,,,,,,,,,,200,,,,,,,,,,,,,,,,,,,,,,,web,ok,GET,200,/mascara-referencia,INFO,1788833972000000000,c3460082cb31476eba568286bce8cfe4
evento=http_access status=ok durationMs=3 httpStatus=200,http_access,3,ee15c5e6-cf07-4e7d-9f8c-8ce73cc684ce,,,,,,,,,3,,,,,,,,,,200,,,,,,,,,,,,,,,,,,,,,,,web,ok,GET,200,/mascara-referencia,INFO,1788833972000000000,ae7208dcabd54edd95f7b3fe6e85b261
evento=http_access status=ok durationMs=1 httpStatus=200,http_access,1,875e3cad-d07d-4197-8f9b-98e46ef68f21,,,,,,,,,1,,,,,,,,,,200,,,,,,,,,,,,,,,,,,,,,,,web,ok,GET,200,/manifest.webmanifest,INFO,1788833972000000000,f9485a1274574c2fa9a80e9b33e81888
evento=http_access status=ok durationMs=5 httpStatus=200,http_access,5,a5121809-6fcc-44a1-978c-9dac3f0a42cb,,,,,,,,,5,,,,,,,,,,200,,,,,,,,,,,,,,,,,,,,,,,web,ok,GET,200,/analise,INFO,1788833972000000000,181a8473696c43dbb887a7201a0c06f1
evento=http_access status=ok durationMs=2 httpStatus=200,http_access,2,6c32c2bb-0cd0-4bbd-b484-afbcf1da2c6c,,,,,,,,,2,,,,,,,,,,200,,,,,,,,,,,,,,,,,,,,,,,web,ok,GET,200,/manifest.webmanifest,INFO,1788833970000000000,464e8c7da6a543a5b488cee4dee033d0
evento=http_access status=ok durationMs=31 httpStatus=200,http_access,31,d9be1950-f302-4a7c-b97f-575a806c20b0,,,,,,,,,31,,,,,,,,,,200,,,,,,,,,,,,,,,,,,,,,,,web,ok,GET,200,/calculadora,INFO,1788833970000000000,503991b9a4154dd39232a748c9eb52a9
evento=http_access status=ok durationMs=2 httpStatus=200,http_access,2,300186c2-e63c-4d12-81e3-b99997eb84ce,,,,,,,,,2,,,,,,,,,,200,,,,,,,,,,,,,,,,,,,,,,,web,ok,GET,200,/mascara-referencia,INFO,1788833956000000000,dd4c1fe33cb64fbe9f0b9c2009a8c355
evento=http_access status=ok durationMs=16 httpStatus=200,http_access,16,27ddcc29-9ca9-4de9-8453-785056906d96,,,,,,,,,16,,,,,,,,,,200,,,,,,,,,,,,,,,,,,,,,,,web,ok,GET,200,/mascara-referencia,INFO,1788833956000000000,85d2e3fffd1f44d192d7344b56045a29
evento=http_access status=ok durationMs=1 httpStatus=200,http_access,1,0376f526-3353-4b29-9bed-4d98fccba32c,,,,,,,,,1,,,,,,,,,,200,,,,,,,,,,,,,,,,,,,,,,,web,ok,GET,200,/manifest.webmanifest,INFO,1788833956000000000,f7e6fe0ce3fe42b281d95a85ed97954d
evento=http_access status=ok durationMs=230 httpStatus=200,http_access,230,c82bb8b5-31e7-4228-9a4b-cc722db32398,,,,,,,,,230,,,,,,,,,,200,,,,,,,,,,,,,,,,,,,,,,,web,ok,GET,200,/analise,INFO,1788833956000000000,f9365ae886344dcda1821edd7a889c0b
evento=http_access status=ok durationMs=2 httpStatus=200,http_access,2,79049ad3-fe77-4004-90aa-0d74127025cd,,,,,,,,,2,,,,,,,,,,200,,,,,,,,,,,,,,,,,,,,,,,web,ok,GET,200,/manifest.webmanifest,INFO,1788833938000000000,abcc62a69f7e4056bcbed8a40e4000a5
evento=http_access status=ok durationMs=18 httpStatus=200,http_access,18,55d2a8e8-02d8-4daf-b879-a6f6aefb1339,,,,,,,,,18,,,,,,,,,,200,,,,,,,,,,,,,,,,,,,,,,,web,ok,GET,200,/,INFO,1788833938000000000,2862430e0b7c409dba15c1779f439b1d
evento=http_access status=ok durationMs=4 httpStatus=200,http_access,4,07d0a158-f35c-411b-8f22-f6285ace719f,,,,,,,,,4,,,,,,,,,,200,,,,,,,,,,,,,,,,,,,,,,,web,ok,GET,200,/,INFO,1788833866000000000,448000d86c7945e0bc7638f161e6e092
evento=http_access status=ok durationMs=153 httpStatus=200,http_access,153,37fc44ac-f6c5-4759-a252-af85b02a8820,,,,,,,,,153,,,,,,,,,,200,,,,,,,,,,,,,,,,,,,,,,,web,ok,GET,200,/manifest.webmanifest,INFO,1788833851000000000,206429e9e97e43b7821ff2e183d55aef
evento=http_access status=ok durationMs=200 httpStatus=200,http_access,201,605b9e7d-458b-465d-b18a-87b3e3374899,,,,,,,,,200,,,,,,,,,,200,,,,,,,,,,,,,,,,,,,,,,,web,ok,GET,200,/,INFO,1788833851000000000,851c66143a4e45708544e9aa26d2a5d4
evento=http_access status=ok durationMs=3 httpStatus=200,http_access,3,3dfab671-2555-45a9-a883-99081d0aa81a,,,,,,,,,3,,,,,,,,,,200,,,,,,,,,,,,,,,,,,,,,,,web,ok,GET,200,/,INFO,1788830949000000000,0c26f41079c049f293612d2f5077fb4a
evento=http_access status=ok durationMs=3 httpStatus=200,http_access,3,b67b0b37-4bc7-42ff-ba85-fa449bfd9f4a,,,,,,,,,3,,,,,,,,,,200,,,,,,,,,,,,,,,,,,,,,,,web,ok,HEAD,200,/,INFO,1788830948000000000,b009ddd7c0984b56abd9dde91ea83644
evento=http_access status=ok durationMs=26 httpStatus=200,http_access,26,d497e980-325a-4881-8c47-0457133fc033,,,,,,,,,26,,,,,,,,,,200,,,,,,,,,,,,,,,,,,,,,,,web,ok,GET,200,/,INFO,1788830922000000000,551a8bd43d6d4842aeca63e7d1f463c1
evento=app_start status=ok status=ok,app_start,,7d3df8ab-c94e-49f7-9e0f-550787aa01e9,,,,,,,,,,,,,,,,,,,,,,,,,,,,,,,,ok,,,,,,,,,,sistema,ok,,,,INFO,1788830901000000000,
evento=http_access status=ok,http_access,1,0ff8d5f1-c892-4717-bc11-cd12747b760f,,,,,,,,,,,,,,,,,,,,,,,,,,,,,,,,,,,,,,,,,,web,ok,GET,200,/,INFO,1788830557000000000,e1104eb7024749eabc99b73afbcef952
evento=http_access status=ok,http_access,8,358fc851-a5d7-4e4b-ad0c-b05721679160,,,,,,,,,,,,,,,,,,,,,,,,,,,,,,,,,,,,,,,,,,web,ok,GET,200,/,INFO,1788830450000000000,263e79711fc04754b159e0aced00ee58
evento=http_access status=ok,http_access,2,f25c9a1b-a400-4c2e-9e94-92b09d6fb068,,,,,,,,,,,,,,,,,,,,,,,,,,,,,,,,,,,,,,,,,,web,ok,GET,200,/,INFO,1788830448000000000,1f3d5f23d019497b8148556b9796c8bf
evento=http_access status=ok,http_access,5,0bd29577-bd8a-45cc-bcf7-f4b6fb555ce3,,,,,,,,,,,,,,,,,,,,,,,,,,,,,,,,,,,,,,,,,,web,ok,GET,200,/,INFO,1788830445000000000,9f2800bccfda480486e09d6222fbf049
evento=http_access status=ok,http_access,1,1745b3b9-1996-48ba-93e8-56ee50d350f6,,,,,,,,,,,,,,,,,,,,,,,,,,,,,,,,,,,,,,,,,,web,ok,GET,200,/,INFO,1788830443000000000,2f5e6ab004904d86b52c8d3e46f73bdb
evento=http_access status=ok,http_access,9,2b1b3a02-c0ef-42c5-820c-a9a496c951da,,,,,,,,,,,,,,,,,,,,,,,,,,,,,,,,,,,,,,,,,,web,ok,GET,200,/,INFO,1788830400000000000,8e22a36fc244412a9f233605da1730f0
evento=http_access status=ok,http_access,3,e6232864-a410-4b2a-ab68-a6f7982df113,,,,,,,,,,,,,,,,,,,,,,,,,,,,,,,,,,,,,,,,,,web,ok,GET,200,/,INFO,1788830347000000000,9d41642b14374dab80dcc40696bb5cdf
evento=http_access status=ok,http_access,4,835453db-49c1-4d2f-a859-ecfd0c386e5d,,,,,,,,,,,,,,,,,,,,,,,,,,,,,,,,,,,,,,,,,,web,ok,GET,200,/,INFO,1788830300000000000,3f2ed916685441749930a73a18b4ebc4
evento=http_access status=ok,http_access,6,1017637c-5ed6-4529-af1c-196e517784b2,,,,,,,,,,,,,,,,,,,,,,,,,,,,,,,,,,,,,,,,,,web,ok,GET,200,/,INFO,1788830298000000000,99d2099e5fa34582bd06296a38eb6d17
evento=http_access status=ok,http_access,2,a68fe50a-fc07-4614-a8b9-4be467f2ad9e,,,,,,,,,,,,,,,,,,,,,,,,,,,,,,,,,,,,,,,,,,web,ok,GET,200,/,INFO,1788830231000000000,aac217247728474bbb07970439e596c4
evento=http_access status=ok,http_access,153,8057305a-024f-4006-aacb-c9f2a49ceb67,,,,,,,,,,,,,,,,,,,,,,,,,,,,,,,,,,,,,,,,,,web,ok,GET,200,/manifest.webmanifest,INFO,1788829991000000000,819f939ab2ae4e88af3393473abc5389
evento=http_access status=ok,http_access,171,4e856b4c-c335-4d67-8e6d-af2a7dca912a,,,,,,,,,,,,,,,,,,,,,,,,,,,,,,,,,,,,,,,,,,web,ok,GET,200,/,INFO,1788829990000000000,63cf19e08eff4a70a09cabcfc44f8c0e
evento=http_access status=ok,http_access,13,931ff248-dd87-4234-9b88-ac2432a2b546,,,,,,,,,,,,,,,,,,,,,,,,,,,,,,,,,,,,,,,,,,web,ok,GET,200,/wifi,INFO,1788822624000000000,8b67e63ca41e4c3195d278c465752076
evento=catalog_load status=ok tabelas=1,catalog_load,,7a81e635-23e9-4013-90e4-9a3bc801c2f6,,,,,,,,,,,,,,,,,,,,,,,,,,,,,,,,,1,,,,,,,,,wifi,ok,GET,,/wifi,INFO,1788822624000000000,8b67e63ca41e4c3195d278c465752076
evento=http_access status=ok,http_access,105,3160b682-6cf2-4d86-a0a0-669816f5be7e,,,,,,,,,,,,,,,,,,,,,,,,,,,,,,,,,,,,,,,,,,web,ok,GET,200,/documentacao,INFO,1788822624000000000,06f39fd260cf4018b68cf54021f9561a
evento=http_access status=ok,http_access,18,4c2b9b5f-29a5-4af8-abf9-81886d2d564c,,,,,,,,,,,,,,,,,,,,,,,,,,,,,,,,,,,,,,,,,,web,ok,GET,200,/certificados,INFO,1788822624000000000,58fadbfc25ac481b932973151fe16af0
evento=catalog_load status=ok campos=14 formatos=9 tipos=12,catalog_load,,3cab2ded-aec1-4051-a5f9-cd9b30b24430,,,,14,,,,,,,,,,,,9,,,,,,,,,,,,,,,,,,,,12,,,,,,certificados,ok,GET,,/certificados,INFO,1788822624000000000,58fadbfc25ac481b932973151fe16af0
evento=http_access status=ok,http_access,7,58ef0170-f483-41e3-9e0c-7eba3349a156,,,,,,,,,,,,,,,,,,,,,,,,,,,,,,,,,,,,,,,,,,web,ok,GET,200,/ferramentas,INFO,1788822624000000000,786bbfa961fe499982888c7e6e50893e
evento=catalog_load status=ok tabelas=1,catalog_load,,a9387230-74b4-4a66-97b7-fa9273caa3fe,,,,,,,,,,,,,,,,,,,,,,,,,,,,,,,,,1,,,,,,,,,ferramentas,ok,GET,,/ferramentas,INFO,1788822624000000000,786bbfa961fe499982888c7e6e50893e
evento=http_access status=ok,http_access,7,552f937a-578a-4cf5-90d7-8a5895d53fbd,,,,,,,,,,,,,,,,,,,,,,,,,,,,,,,,,,,,,,,,,,web,ok,GET,200,/wifi,INFO,1788822623000000000,661cedd7e7714995ac4a56bfc31b6a2e
evento=catalog_load status=ok tabelas=1,catalog_load,,a6c1fa17-793f-4982-b074-822ae26d7907,,,,,,,,,,,,,,,,,,,,,,,,,,,,,,,,,1,,,,,,,,,wifi,ok,GET,,/wifi,INFO,1788822623000000000,661cedd7e7714995ac4a56bfc31b6a2e
evento=http_access status=ok,http_access,8,54b6983c-9661-4c69-a9d0-db856b406d84,,,,,,,,,,,,,,,,,,,,,,,,,,,,,,,,,,,,,,,,,,web,ok,GET,200,/criptografia,INFO,1788822623000000000,cc01e5ce8fab448fbf55ed74f268939a
evento=catalog_load status=ok tabelas=1,catalog_load,,b6c1a018-7b42-4710-953a-c664141b6fda,,,,,,,,,,,,,,,,,,,,,,,,,,,,,,,,,1,,,,,,,,,criptografia,ok,GET,,/criptografia,INFO,1788822623000000000,cc01e5ce8fab448fbf55ed74f268939a
evento=http_access status=ok,http_access,52,a6365399-c367-4a2a-83ab-f66019685f1b,,,,,,,,,,,,,,,,,,,,,,,,,,,,,,,,,,,,,,,,,,web,ok,GET,200,/camadas,INFO,1788822623000000000,a9ed96823d3a49d7aa5ee7fe7eec279e
evento=catalog_load status=ok tabelas=1,catalog_load,,4403e4c0-dc4b-408d-8089-09ad7827737e,,,,,,,,,,,,,,,,,,,,,,,,,,,,,,,,,1,,,,,,,,,camadas,ok,GET,,/camadas,INFO,1788822623000000000,a9ed96823d3a49d7aa5ee7fe7eec279e
evento=app_start status=ok,app_start,,97354a8f-735e-47bd-8cd1-93cdeeb0f361,,,,,,,,,,,,,,,,,,,,,,,,,,,,,,,,,,,,,,,,,,sistema,ok,,,,INFO,1788822590000000000,
evento=http_access status=ok,http_access,2,2cc38af7-66b6-4c5c-997d-328b34462999,,,,,,,,,,,,,,,,,,,,,,,,,,,,,,,,,,,,,,,,,,web,ok,GET,200,/manifest.webmanifest,INFO,1788815011000000000,74bd48f013ab49e4a62710c57ddbd03f
evento=http_access status=ok,http_access,2,32d93e7c-a03d-4d20-b0aa-2a2059a4e073,,,,,,,,,,,,,,,,,,,,,,,,,,,,,,,,,,,,,,,,,,web,ok,GET,200,/calculadora,INFO,1788815011000000000,0df08a59ec7648649b6bb41b489cd5b4
evento=http_access status=ok,http_access,0,ddca8175-4971-4598-aab7-86681be3193d,,,,,,,,,,,,,,,,,,,,,,,,,,,,,,,,,,,,,,,,,,web,ok,GET,200,/manifest.webmanifest,INFO,1788815008000000000,d96dd9a83c5b46188e45a27bb63879cb
evento=http_access status=ok,http_access,3,f9c9990e-2de0-4f04-99c8-4ff4ed152ca5,,,,,,,,,,,,,,,,,,,,,,,,,,,,,,,,,,,,,,,,,,web,ok,GET,200,/sobre,INFO,1788815007000000000,7badc8e9eae84276abd24d2f8af7fbe9
evento=http_access status=ok,http_access,2,85f54453-0423-48f6-848b-0657aab26737,,,,,,,,,,,,,,,,,,,,,,,,,,,,,,,,,,,,,,,,,,web,ok,GET,200,/manifest.webmanifest,INFO,1788815007000000000,aad5a6edf17344c6a6b4b29556c652b7
evento=http_access status=ok,http_access,69,ae99baa3-08f8-45b9-8f43-51dfd6c97a37,,,,,,,,,,,,,,,,,,,,,,,,,,,,,,,,,,,,,,,,,,web,ok,GET,200,/documentacao,INFO,1788815007000000000,d5cc89f4cf3d4853a2ffbb902bb7ef6e
evento=http_access status=ok,http_access,1,19a3b65f-4a63-49d0-b5b9-f26c0139e0fb,,,,,,,,,,,,,,,,,,,,,,,,,,,,,,,,,,,,,,,,,,web,ok,GET,200,/manifest.webmanifest,INFO,1788815006000000000,e54633060a6b4f10b187c9c6814faecf
evento=http_access status=ok,http_access,16,0208d6af-002e-4a53-a511-d86ae9d06a69,,,,,,,,,,,,,,,,,,,,,,,,,,,,,,,,,,,,,,,,,,web,ok,GET,200,/telemetria,INFO,1788815006000000000,22d128b8209f40959eb75763c3c09f0a
evento=http_access status=ok,http_access,1,d5bbdfa4-6cb6-47f1-8e29-d68862051373,,,,,,,,,,,,,,,,,,,,,,,,,,,,,,,,,,,,,,,,,,web,ok,GET,200,/manifest.webmanifest,INFO,1788815003000000000,f4f2a7e6858d4b1eb49d2bcb85b86df1
evento=http_access status=ok,http_access,6,957612ef-7b53-4419-8424-51a8f0dd4ade,,,,,,,,,,,,,,,,,,,,,,,,,,,,,,,,,,,,,,,,,,web,ok,GET,200,/seguranca,INFO,1788815003000000000,3974784097fe4a258c43b8ed5291beee
evento=http_access status=ok,http_access,1,5b1f978a-341f-43c4-9e62-47770dbf691e,,,,,,,,,,,,,,,,,,,,,,,,,,,,,,,,,,,,,,,,,,web,ok,GET,200,/manifest.webmanifest,INFO,1788814996000000000,6a2c06a93f6a43399b9c1c4925b3dd60
evento=http_access status=ok,http_access,9,96cc01e8-8def-4b56-8899-956b12a4e208,,,,,,,,,,,,,,,,,,,,,,,,,,,,,,,,,,,,,,,,,,web,ok,GET,200,/diagnostico,INFO,1788814996000000000,72b424c0ee8e448194b22057471e6026
evento=http_access status=ok,http_access,18,9422d108-e873-4c70-8117-4ff2d5e73e42,,,,,,,,,,,,,,,,,,,,,,,,,,,,,,,,,,,,,,,,,,web,ok,GET,200,/simuladores/api/anomalia-tcp,INFO,1788814993000000000,883d6ac2f05b4cfe9d9c589d3a858bb0
evento=anomalia_tcp status=ok passos=7 tipoServido=syn-flood tipoSolicitado=syn-flood,anomalia_tcp,,e5f76297-59ef-4d67-a95d-6095d391bd57,,,,,,,,,,,,,,,,,,,,,,,,7,,,,,,,,,,syn-flood,syn-flood,,,,,,,simuladores,ok,GET,,/simuladores/api/anomalia-tcp,INFO,1788814993000000000,883d6ac2f05b4cfe9d9c589d3a858bb0
evento=http_access status=ok,http_access,24,88ce6655-e07d-4fcf-a701-9243043d4820,,,,,,,,,,,,,,,,,,,,,,,,,,,,,,,,,,,,,,,,,,web,ok,GET,200,/simuladores/api/handshake,INFO,1788814993000000000,38c7d114bd6a4765992a4282ca7011cc
evento=handshake status=ok dados=true encerramento=true passos=9,handshake,,d8a8eb13-0858-4798-a826-9664d9096545,,,,,,,,true,,,true,,,,,,,,,,,,,9,,,,,,,,,,,,,,,,,,simuladores,ok,GET,,/simuladores/api/handshake,INFO,1788814993000000000,38c7d114bd6a4765992a4282ca7011cc
evento=http_access status=ok,http_access,3,e9244a79-bccf-4a5b-b24c-68347fc9bb7d,,,,,,,,,,,,,,,,,,,,,,,,,,,,,,,,,,,,,,,,,,web,ok,GET,200,/manifest.webmanifest,INFO,1788814993000000000,3a7f8eb8540c467198733ffdd36243f1
evento=http_access status=ok,http_access,18,29855ee6-74ba-4b91-8ab6-5aa2246c0c67,,,,,,,,,,,,,,,,,,,,,,,,,,,,,,,,,,,,,,,,,,web,ok,GET,200,/trafego,INFO,1788814993000000000,104c5c35209749e18984c952850b7b0f
evento=http_access status=ok,http_access,1,b9085219-620e-4385-87e8-5a97ea4a2fea,,,,,,,,,,,,,,,,,,,,,,,,,,,,,,,,,,,,,,,,,,web,ok,GET,200,/history,INFO,1788814987000000000,3e20b165931f41208b96b15d3bceae92
evento=http_access status=ok,http_access,1235,c396e868-c92c-43e9-a5ef-273249f2ffd9,,,,,,,,,,,,,,,,,,,,,,,,,,,,,,,,,,,,,,,,,,web,ok,GET,200,/api/informacoes/geo,INFO,1788814987000000000,a01dfbe16ea447f0b17d93be80c696a7
evento=history_persist status=ok total=60,history_persist,,3c5b2f18-b72b-42fc-a273-054ac0e6d2ff,,,,,,,,,,,,,,,,,,,,,,,,,,,,,,,,,,,,,60,,,,,analiseDidatica,ok,GET,,/api/informacoes/geo,INFO,1788814987000000000,a01dfbe16ea447f0b17d93be80c696a7
evento=geo_lookup status=ok ip=visitante-001,geo_lookup,,353b74fa-6db7-4126-9e2c-18c8c9d11251,,,,,,,,,,,,,,,,,,,,visitante-001,,,,,,,,,,,,,,,,,,,,,,analiseDidatica,ok,GET,,/api/informacoes/geo,INFO,1788814986000000000,a01dfbe16ea447f0b17d93be80c696a7
evento=http_access status=ok,http_access,6,efd8bbec-83f2-4df2-af6e-20414a62d66b,,,,,,,,,,,,,,,,,,,,,,,,,,,,,,,,,,,,,,,,,,web,ok,GET,200,/history,INFO,1788814986000000000,d0496ed2bd76454da6591d18e9f402b2
evento=http_access status=ok,http_access,1,55707977-0b27-45be-91bd-5b51acf08e2a,,,,,,,,,,,,,,,,,,,,,,,,,,,,,,,,,,,,,,,,,,web,ok,GET,200,/manifest.webmanifest,INFO,1788814984000000000,1301ef06519541f9a1db6836984ed362
evento=http_access status=ok,http_access,6,5608af93-41c3-42de-acc2-21ac0680d858,,,,,,,,,,,,,,,,,,,,,,,,,,,,,,,,,,,,,,,,,,web,ok,GET,200,/localizacao,INFO,1788814984000000000,88898f3aec974ae4a94aec80f797bdf0
evento=http_access status=ok,http_access,1,b5e3903a-dc77-4a89-8345-6618f494901b,,,,,,,,,,,,,,,,,,,,,,,,,,,,,,,,,,,,,,,,,,web,ok,GET,200,/manifest.webmanifest,INFO,1788814960000000000,65548e4cfea64014a7c2338d765ae3eb
evento=http_access status=ok,http_access,45,4c3b1cc1-b0c1-460d-b6e6-4f446ba67e67,,,,,,,,,,,,,,,,,,,,,,,,,,,,,,,,,,,,,,,,,,web,ok,GET,200,/resolucao-problemas,INFO,1788814960000000000,347e8ef2579f43a1b0626b6e6ac924c5
evento=http_access status=ok,http_access,0,0a0a7766-6a5b-4820-9b04-fb0e839d8c2c,,,,,,,,,,,,,,,,,,,,,,,,,,,,,,,,,,,,,,,,,,web,ok,GET,200,/manifest.webmanifest,INFO,1788814950000000000,2aa01174927545beaf8498cfbb7e3dce
evento=http_access status=ok,http_access,25,90dfd860-1b89-4cdf-a858-4e8c63a78229,,,,,,,,,,,,,,,,,,,,,,,,,,,,,,,,,,,,,,,,,,web,ok,GET,200,/certificados,INFO,1788814950000000000,bb58e327b52341d694a2e2e28d73af22
evento=catalog_load status=ok campos=14 formatos=9 tipos=12,catalog_load,,adab8262-e2a6-4455-a8c6-56d96d0f4e4c,,,,14,,,,,,,,,,,,9,,,,,,,,,,,,,,,,,,,,12,,,,,,certificados,ok,GET,,/certificados,INFO,1788814950000000000,bb58e327b52341d694a2e2e28d73af22
evento=http_access status=ok,http_access,1,00997e54-bf74-4052-90e9-1858390089f9,,,,,,,,,,,,,,,,,,,,,,,,,,,,,,,,,,,,,,,,,,web,ok,GET,200,/manifest.webmanifest,INFO,1788814872000000000,be6cf0b0cf0c47da86dfaccac0ffb6ca
evento=http_access status=ok,http_access,75,e6e59226-974c-47b6-97c9-e9ef58c7e43e,,,,,,,,,,,,,,,,,,,,,,,,,,,,,,,,,,,,,,,,,,web,ok,GET,200,/protocolos,INFO,1788814872000000000,9a1fd3f064784d9d9e12051eb4f19086
evento=catalog_load status=ok total=47,catalog_load,,1c42cc33-181a-4eeb-b469-ef142b3543af,,,,,,,,,,,,,,,,,,,,,,,,,,,,,,,,,,,,,47,,,,,protocolos,ok,GET,,/protocolos,INFO,1788814872000000000,9a1fd3f064784d9d9e12051eb4f19086
evento=catalog_load status=ok total=47,catalog_load,,abe06256-eb52-4313-a955-7519edd33b86,,,,,,,,,,,,,,,,,,,,,,,,,,,,,,,,,,,,,47,,,,,protocolos,ok,GET,,/protocolos,INFO,1788814872000000000,9a1fd3f064784d9d9e12051eb4f19086
evento=http_access status=ok,http_access,1,991605c4-f944-4ae4-aa33-e4e29817fbcb,,,,,,,,,,,,,,,,,,,,,,,,,,,,,,,,,,,,,,,,,,web,ok,GET,200,/manifest.webmanifest,INFO,1788814871000000000,f9c2eaed65c84c8c921f67369e7b085f
evento=http_access status=ok,http_access,147,3f0b329f-3085-470d-a3d6-9ffd28547929,,,,,,,,,,,,,,,,,,,,,,,,,,,,,,,,,,,,,,,,,,web,ok,GET,200,/portas,INFO,1788814870000000000,7460446c4e2348c698e5318dcd1800cc
evento=catalog_load status=ok total=30,catalog_load,,1afd759d-7302-49d0-8d7f-47c9a49c1420,,,,,,,,,,,,,,,,,,,,,,,,,,,,,,,,,,,,,30,,,,,portas,ok,GET,,/portas,INFO,1788814870000000000,7460446c4e2348c698e5318dcd1800cc
evento=http_access status=ok,http_access,2,d44395df-ecff-40d1-b81b-5f2aee681fa8,,,,,,,,,,,,,,,,,,,,,,,,,,,,,,,,,,,,,,,,,,web,ok,GET,200,/manifest.webmanifest,INFO,1788814868000000000,c669544fc7e44fa789b1993f639083a6
evento=http_access status=ok,http_access,18,6dca5c25-ef0e-4d6d-9324-c003ab37dec1,,,,,,,,,,,,,,,,,,,,,,,,,,,,,,,,,,,,,,,,,,web,ok,GET,200,/calculadora,INFO,1788814868000000000,8dc6a17954984dd9800f5369f4cffdf8
evento=http_access status=ok,http_access,4,ce5a8ba9-2d1c-401e-a906-8cfde3e72943,,,,,,,,,,,,,,,,,,,,,,,,,,,,,,,,,,,,,,,,,,web,ok,GET,200,/mascara-referencia,INFO,1788814863000000000,cb0086e602a9425fa88a1f9a5a299230
evento=http_access status=ok,http_access,1,c113ae8b-d18a-42bd-9feb-b23b20c97317,,,,,,,,,,,,,,,,,,,,,,,,,,,,,,,,,,,,,,,,,,web,ok,GET,200,/mascara-referencia,INFO,1788814863000000000,a9ac6779190c4a2790c94e8f1a6fdd51
evento=http_access status=ok,http_access,2,b90c44da-7f7f-470e-ba89-6783e1b1b468,,,,,,,,,,,,,,,,,,,,,,,,,,,,,,,,,,,,,,,,,,web,ok,GET,200,/manifest.webmanifest,INFO,1788814863000000000,83a0b032456943f3b37dfca03a0c46ab
evento=http_access status=ok,http_access,16,07251cca-6f14-4d2e-993b-820eb44bb47b,,,,,,,,,,,,,,,,,,,,,,,,,,,,,,,,,,,,,,,,,,web,ok,GET,200,/analise,INFO,1788814862000000000,4213216c75da425387f0af6fc1b24b1b
evento=http_access status=ok,http_access,1,62d6d5ad-6ef0-4bec-941b-d5decf6b611d,,,,,,,,,,,,,,,,,,,,,,,,,,,,,,,,,,,,,,,,,,web,ok,GET,200,/manifest.webmanifest,INFO,1788814861000000000,8700c424b16d4b2ba7e69dd999c076e1
evento=http_access status=ok,http_access,78,e5c5ff08-090f-41a8-b528-07215b39023f,,,,,,,,,,,,,,,,,,,,,,,,,,,,,,,,,,,,,,,,,,web,ok,GET,200,/calculadora,INFO,1788814861000000000,35c47ed2df5a4c1e937d0d3cfa80677c
evento=http_access status=ok,http_access,4,d8656250-2705-4de0-ae12-acbaf3a45bea,,,,,,,,,,,,,,,,,,,,,,,,,,,,,,,,,,,,,,,,,,web,ok,GET,200,/mascara-referencia,INFO,1788814857000000000,0bd32eaf87154663b0d5e1ef6a3f041a
evento=http_access status=ok,http_access,18,c4c73e83-5046-42ef-8176-908c40437354,,,,,,,,,,,,,,,,,,,,,,,,,,,,,,,,,,,,,,,,,,web,ok,GET,200,/mascara-referencia,INFO,1788814857000000000,16ee8937249343e680e22eac42919347
evento=http_access status=ok,http_access,1,24e48d09-92a2-4452-bdf1-0178b00afdb0,,,,,,,,,,,,,,,,,,,,,,,,,,,,,,,,,,,,,,,,,,web,ok,GET,200,/manifest.webmanifest,INFO,1788814857000000000,9cf1f1763c9346cb9941ba2f7809fc94
evento=http_access status=ok,http_access,79,8df977a3-205b-4403-b93d-a7de897b32a2,,,,,,,,,,,,,,,,,,,,,,,,,,,,,,,,,,,,,,,,,,web,ok,GET,200,/analise,INFO,1788814857000000000,20229b76077c433fb2a43f52234f61e4
evento=http_access status=ok,http_access,1,b3b33187-1d0c-41e8-b0a7-29be4924fce0,,,,,,,,,,,,,,,,,,,,,,,,,,,,,,,,,,,,,,,,,,web,ok,GET,200,/manifest.webmanifest,INFO,1788814855000000000,b3afced71b584d858e59f02e3ff45e4d
evento=http_access status=ok,http_access,15,45cd2f7d-cd7b-46e9-b5ee-cf55a4a85807,,,,,,,,,,,,,,,,,,,,,,,,,,,,,,,,,,,,,,,,,,web,ok,GET,200,/,INFO,1788814855000000000,9bb16b9c325d4df7bae061445841fa52
evento=http_access status=ok,http_access,8,fee26009-7baa-456f-a5ff-30b3ef6e8199,,,,,,,,,,,,,,,,,,,,,,,,,,,,,,,,,,,,,,,,,,web,ok,GET,200,/,INFO,1788814826000000000,c9ae6c1f3e0240bd8e0dd9fb70537729
evento=http_access status=ok,http_access,413,d434e430-bab1-40b3-a504-ae87ce047b44,,,,,,,,,,,,,,,,,,,,,,,,,,,,,,,,,,,,,,,,,,web,ok,GET,200,/manifest.webmanifest,INFO,1788814804000000000,52433e5a035444ed8cc6f9cc3e1e3015
evento=http_access status=ok,http_access,1250,2928e548-1910-4ccc-8186-32f2c49ea086,,,,,,,,,,,,,,,,,,,,,,,,,,,,,,,,,,,,,,,,,,web,ok,GET,200,/,INFO,1788814803000000000,d89fa6b3f3e7403495f7737ddd48718d
evento=http_access status=ok,http_access,23,468c07db-285a-4594-b89b-480d7afbf59f,,,,,,,,,,,,,,,,,,,,,,,,,,,,,,,,,,,,,,,,,,web,ok,GET,200,/certificados,INFO,1788811222000000000,de5dc8f152484682bb4ca7979156671d
evento=catalog_load status=ok campos=14 formatos=9 tipos=12,catalog_load,,0de27de2-80f4-4be5-9c11-788b31b1b88e,,,,14,,,,,,,,,,,,9,,,,,,,,,,,,,,,,,,,,12,,,,,,certificados,ok,GET,,/certificados,INFO,1788811222000000000,de5dc8f152484682bb4ca7979156671d
evento=http_access status=ok,http_access,9,c04f26b2-2695-4b8d-91ef-dda20fb91794,,,,,,,,,,,,,,,,,,,,,,,,,,,,,,,,,,,,,,,,,,web,ok,GET,200,/certificados/x509,INFO,1788811009000000000,08c12d482ed3470c992faac0f1437f87
evento=aprofundamento_view status=ok ataques=5 conceitos=6 pagina=x509,aprofundamento_view,,1ff2d0f1-ce9f-4554-8ade-287928e13663,5,,,,,,6,,,,,,,,,,,,,,,,x509,,,,,,,,,,,,,,,,,,,certificados,ok,GET,,/certificados/x509,INFO,1788811009000000000,08c12d482ed3470c992faac0f1437f87
evento=http_access status=ok,http_access,11,8ac0461e-45d9-462c-8e39-880a291b1054,,,,,,,,,,,,,,,,,,,,,,,,,,,,,,,,,,,,,,,,,,web,ok,GET,200,/certificados,INFO,1788811008000000000,18ac324a9c314a8aa6063b03e4b1e4e6
evento=catalog_load status=ok campos=14 formatos=9 tipos=12,catalog_load,,f9f935ac-eedb-4fc8-8b50-3ed722da753c,,,,14,,,,,,,,,,,,9,,,,,,,,,,,,,,,,,,,,12,,,,,,certificados,ok,GET,,/certificados,INFO,1788811008000000000,18ac324a9c314a8aa6063b03e4b1e4e6
evento=http_access status=ok,http_access,8,d369c955-301c-4354-adc1-b8182c559af4,,,,,,,,,,,,,,,,,,,,,,,,,,,,,,,,,,,,,,,,,,web,ok,GET,200,/certificados,INFO,1788811008000000000,3e9dec4ab46a4087b01d27415417af43
evento=catalog_load status=ok campos=14 formatos=9 tipos=12,catalog_load,,9464df01-bb30-48ae-8d72-7f21541e7db6,,,,14,,,,,,,,,,,,9,,,,,,,,,,,,,,,,,,,,12,,,,,,certificados,ok,GET,,/certificados,INFO,1788811008000000000,3e9dec4ab46a4087b01d27415417af43
evento=http_access status=ok,http_access,8,c8932602-fbcf-409c-b6ed-2ce8906f1254,,,,,,,,,,,,,,,,,,,,,,,,,,,,,,,,,,,,,,,,,,web,ok,GET,200,/certificados/x509,INFO,1788811008000000000,d06e8d7b41264f22a5d02ab7d667cc00
evento=aprofundamento_view status=ok ataques=5 conceitos=6 pagina=x509,aprofundamento_view,,546fb097-3277-4fde-924b-c13fcf541094,5,,,,,,6,,,,,,,,,,,,,,,,x509,,,,,,,,,,,,,,,,,,,certificados,ok,GET,,/certificados/x509,INFO,1788811008000000000,d06e8d7b41264f22a5d02ab7d667cc00
evento=http_access status=ok,http_access,12,d9196368-726b-48c1-80e9-091adaec5c32,,,,,,,,,,,,,,,,,,,,,,,,,,,,,,,,,,,,,,,,,,web,ok,GET,200,/certificados/x509,INFO,1788811008000000000,0bcde2a7e5c14987ad425fa78b6a38bd
evento=aprofundamento_view status=ok ataques=5 conceitos=6 pagina=x509,aprofundamento_view,,8bb3146b-59a8-422c-bcdf-a9172a53bae9,5,,,,,,6,,,,,,,,,,,,,,,,x509,,,,,,,,,,,,,,,,,,,certificados,ok,GET,,/certificados/x509,INFO,1788811008000000000,0bcde2a7e5c14987ad425fa78b6a38bd
evento=http_access status=ok,http_access,10,2e9405af-43dd-4574-aa80-31b63a041476,,,,,,,,,,,,,,,,,,,,,,,,,,,,,,,,,,,,,,,,,,web,ok,GET,200,/certificados/formatos,INFO,1788811008000000000,f8fa3a4ee7ac4212b9342e65fd03dc68
evento=aprofundamento_view status=ok ataques=5 conceitos=6 pagina=formatos,aprofundamento_view,,8aae8acf-c293-48e7-9662-10c93408d98f,5,,,,,,6,,,,,,,,,,,,,,,,formatos,,,,,,,,,,,,,,,,,,,certificados,ok,GET,,/certificados/formatos,INFO,1788811008000000000,f8fa3a4ee7ac4212b9342e65fd03dc68
evento=http_access status=ok,http_access,10,97604967-a717-4e72-aded-2b8c8d7d67b9,,,,,,,,,,,,,,,,,,,,,,,,,,,,,,,,,,,,,,,,,,web,ok,GET,200,/certificados/revogacao,INFO,1788811008000000000,12fc76668c424fa690d893dac93677ff
evento=aprofundamento_view status=ok ataques=4 conceitos=6 pagina=revogacao,aprofundamento_view,,e88f490f-017f-4915-8af3-01fe788b5294,4,,,,,,6,,,,,,,,,,,,,,,,revogacao,,,,,,,,,,,,,,,,,,,certificados,ok,GET,,/certificados/revogacao,INFO,1788811008000000000,12fc76668c424fa690d893dac93677ff
evento=http_access status=ok,http_access,34,c1580d6d-695d-41c3-b1ea-40de7040f6d9,,,,,,,,,,,,,,,,,,,,,,,,,,,,,,,,,,,,,,,,,,web,ok,GET,200,/certificados/x509,INFO,1788811008000000000,55741e1007a646d49cfda0af946a51b2
evento=aprofundamento_view status=ok ataques=5 conceitos=6 pagina=x509,aprofundamento_view,,14bdd0fc-8aae-4bbd-9ece-736ff36ec5d6,5,,,,,,6,,,,,,,,,,,,,,,,x509,,,,,,,,,,,,,,,,,,,certificados,ok,GET,,/certificados/x509,INFO,1788811008000000000,55741e1007a646d49cfda0af946a51b2
evento=http_access status=ok,http_access,39,12449336-2673-44e8-afa0-9dfd0e4ada8d,,,,,,,,,,,,,,,,,,,,,,,,,,,,,,,,,,,,,,,,,,web,ok,GET,200,/certificados,INFO,1788811008000000000,8650138440664aef929969bacc883fad
evento=catalog_load status=ok campos=14 formatos=9 tipos=12,catalog_load,,332b0db5-32a9-4f4b-8d1c-f5ac44176d38,,,,14,,,,,,,,,,,,9,,,,,,,,,,,,,,,,,,,,12,,,,,,certificados,ok,GET,,/certificados,INFO,1788811008000000000,8650138440664aef929969bacc883fad
evento=app_start status=ok,app_start,,83984e12-ddbe-49d0-abd4-48fa7b2715fa,,,,,,,,,,,,,,,,,,,,,,,,,,,,,,,,,,,,,,,,,,sistema,ok,,,,INFO,1788810990000000000,
evento=http_access status=ok,http_access,16,5a0202e2-e190-49e6-9a19-8f47918334bc,,,,,,,,,,,,,,,,,,,,,,,,,,,,,,,,,,,,,,,,,,web,ok,GET,200,/portas/banco-de-dados,INFO,1788808425000000000,7f6640fa28d744e1981114c0087f0d89
evento=aprofundamento_view status=ok ataques=5 conceitos=6 pagina=banco-de-dados,aprofundamento_view,,3f779d5f-9ef6-42e6-af3b-df93bbf617f0,5,,,,,,6,,,,,,,,,,,,,,,,banco-de-dados,,,,,,,,,,,,,,,,,,,portas,ok,GET,,/portas/banco-de-dados,INFO,1788808425000000000,7f6640fa28d744e1981114c0087f0d89
evento=http_access status=ok,http_access,7,04b8ad9e-9d6d-4394-9b23-211a32109943,,,,,,,,,,,,,,,,,,,,,,,,,,,,,,,,,,,,,,,,,,web,ok,GET,200,/portas/anatomia,INFO,1788808425000000000,1585adeea824493d980443fb9b1432c9
evento=aprofundamento_view status=ok ataques=4 conceitos=6 pagina=anatomia,aprofundamento_view,,af325c55-99c2-4fb5-92ec-f0bf77a563b4,4,,,,,,6,,,,,,,,,,,,,,,,anatomia,,,,,,,,,,,,,,,,,,,portas,ok,GET,,/portas/anatomia,INFO,1788808425000000000,1585adeea824493d980443fb9b1432c9
evento=http_access status=ok,http_access,13,da69f71e-3c9c-4a22-8e71-c976c4679d51,,,,,,,,,,,,,,,,,,,,,,,,,,,,,,,,,,,,,,,,,,web,ok,GET,200,/portas/,INFO,1788808424000000000,bd07443e2b5342629e1b6bf39c9ba382
evento=catalog_load status=ok total=30,catalog_load,,4d7bdb7d-ca5a-4048-baeb-3f4b4254495b,,,,,,,,,,,,,,,,,,,,,,,,,,,,,,,,,,,,,30,,,,,portas,ok,GET,,/portas/,INFO,1788808424000000000,bd07443e2b5342629e1b6bf39c9ba382
evento=http_access status=ok,http_access,9,c2391efb-a8b7-4623-beea-93bb82d3a2ee,,,,,,,,,,,,,,,,,,,,,,,,,,,,,,,,,,,,,,,,,,web,ok,GET,200,/portas/anatomia,INFO,1788808424000000000,ce9903714c3d4be592acc497784b29a0
evento=aprofundamento_view status=ok ataques=4 conceitos=6 pagina=anatomia,aprofundamento_view,,4cb7e3ae-e667-4cc1-9c42-5a0200bd265a,4,,,,,,6,,,,,,,,,,,,,,,,anatomia,,,,,,,,,,,,,,,,,,,portas,ok,GET,,/portas/anatomia,INFO,1788808424000000000,ce9903714c3d4be592acc497784b29a0
evento=http_access status=ok,http_access,10,50d42f80-62ee-47a4-bee0-b217019237c6,,,,,,,,,,,,,,,,,,,,,,,,,,,,,,,,,,,,,,,,,,web,ok,GET,200,/portas/anatomia,INFO,1788808424000000000,4d46caf5e237429b901cf3cc5aeecc08
evento=aprofundamento_view status=ok ataques=4 conceitos=6 pagina=anatomia,aprofundamento_view,,ec0dda49-39d3-46d1-b792-50281ccba0c4,4,,,,,,6,,,,,,,,,,,,,,,,anatomia,,,,,,,,,,,,,,,,,,,portas,ok,GET,,/portas/anatomia,INFO,1788808424000000000,4d46caf5e237429b901cf3cc5aeecc08
evento=http_access status=ok,http_access,8,6dd5a9dd-1b43-4740-99bf-2e33f9722f4b,,,,,,,,,,,,,,,,,,,,,,,,,,,,,,,,,,,,,,,,,,web,ok,GET,200,/portas/infra,INFO,1788808424000000000,e5bd4c0dd2534b91942b2b5617e1d67b
evento=aprofundamento_view status=ok ataques=5 conceitos=6 pagina=infra,aprofundamento_view,,bcfb924a-0733-44a4-91ea-66dddfe1f2f2,5,,,,,,6,,,,,,,,,,,,,,,,infra,,,,,,,,,,,,,,,,,,,portas,ok,GET,,/portas/infra,INFO,1788808424000000000,e5bd4c0dd2534b91942b2b5617e1d67b
evento=http_access status=ok,http_access,7,fb16fcbd-abf4-41ff-ba7e-8f47b470edc9,,,,,,,,,,,,,,,,,,,,,,,,,,,,,,,,,,,,,,,,,,web,ok,GET,200,/portas/banco-de-dados,INFO,1788808424000000000,8f21ea62dbcc49f7802a7f44ddf18efd
evento=aprofundamento_view status=ok ataques=5 conceitos=6 pagina=banco-de-dados,aprofundamento_view,,25d37777-527b-4bd3-9614-b1edc4d2cc25,5,,,,,,6,,,,,,,,,,,,,,,,banco-de-dados,,,,,,,,,,,,,,,,,,,portas,ok,GET,,/portas/banco-de-dados,INFO,1788808424000000000,8f21ea62dbcc49f7802a7f44ddf18efd
evento=http_access status=ok,http_access,28,d7156a23-981b-40d9-80f9-51904715ca25,,,,,,,,,,,,,,,,,,,,,,,,,,,,,,,,,,,,,,,,,,web,ok,GET,200,/portas/anatomia,INFO,1788808424000000000,ee4c66ee4441493385fc16c9a28c0c7a
evento=aprofundamento_view status=ok ataques=4 conceitos=6 pagina=anatomia,aprofundamento_view,,7e1c0c77-dde3-43fa-b9c4-c5011c10f3c5,4,,,,,,6,,,,,,,,,,,,,,,,anatomia,,,,,,,,,,,,,,,,,,,portas,ok,GET,,/portas/anatomia,INFO,1788808424000000000,ee4c66ee4441493385fc16c9a28c0c7a
evento=http_access status=ok,http_access,108,261e2131-6015-4f46-8d81-6b45158dae89,,,,,,,,,,,,,,,,,,,,,,,,,,,,,,,,,,,,,,,,,,web,ok,GET,200,/portas/,INFO,1788808424000000000,34af3ad22c644fff9278a4d572bbc68d
evento=catalog_load status=ok total=30,catalog_load,,ec85efcf-fd86-4e7b-a652-38419e6687d1,,,,,,,,,,,,,,,,,,,,,,,,,,,,,,,,,,,,,30,,,,,portas,ok,GET,,/portas/,INFO,1788808424000000000,34af3ad22c644fff9278a4d572bbc68d
evento=app_start status=ok,app_start,,b1859cbd-22fb-43a0-8dbc-cdf5e0f6f11b,,,,,,,,,,,,,,,,,,,,,,,,,,,,,,,,,,,,,,,,,,sistema,ok,,,,INFO,1788808406000000000,
evento=http_access status=ok,http_access,0,ecea60f3-7cd3-4fa6-9077-a929fb4312cb,,,,,,,,,,,,,,,,,,,,,,,,,,,,,,,,,,,,,,,,,,web,ok,GET,200,/manifest.webmanifest,INFO,1788808048000000000,45c40a0441a64515a24ec4f89fe6f1c5
evento=http_access status=ok,http_access,9,1bee8c8f-f993-4ef3-a673-7fa0d4f95fd7,,,,,,,,,,,,,,,,,,,,,,,,,,,,,,,,,,,,,,,,,,web,ok,GET,200,/protocolos/ipv4,INFO,1788808048000000000,e9130c5d2ffd4535808bda0cc22be81c
evento=aprofundamento_view status=ok ataques=5 conceitos=6 protocolo=ipv4,aprofundamento_view,,2521f998-1f4a-4dd3-a383-7731ce3ac485,5,,,,,,6,,,,,,,,,,,,,,,,,,,,,,ipv4,,,,,,,,,,,,,protocolos,ok,GET,,/protocolos/ipv4,INFO,1788808048000000000,e9130c5d2ffd4535808bda0cc22be81c
evento=http_access status=ok,http_access,1,809e8470-b9e7-43e1-891b-1a83d182207e,,,,,,,,,,,,,,,,,,,,,,,,,,,,,,,,,,,,,,,,,,web,ok,GET,200,/manifest.webmanifest,INFO,1788808048000000000,0052bded8d8a4e0b8a8c5eb448fe66a7
evento=http_access status=ok,http_access,7,913a9840-a746-461b-bb83-32d68ed1cdb6,,,,,,,,,,,,,,,,,,,,,,,,,,,,,,,,,,,,,,,,,,web,ok,GET,200,/protocolos/http,INFO,1788808048000000000,e65ff01468d54e58acd1594f2965ba22
evento=aprofundamento_view status=ok ataques=5 conceitos=6 protocolo=http,aprofundamento_view,,de11dec6-5190-4a4f-95a1-aedf5eedea8c,5,,,,,,6,,,,,,,,,,,,,,,,,,,,,,http,,,,,,,,,,,,,protocolos,ok,GET,,/protocolos/http,INFO,1788808047000000000,e65ff01468d54e58acd1594f2965ba22
evento=http_access status=ok,http_access,1,3bba0b90-0116-48dd-902f-dbf65df47db6,,,,,,,,,,,,,,,,,,,,,,,,,,,,,,,,,,,,,,,,,,web,ok,GET,200,/manifest.webmanifest,INFO,1788808047000000000,c279ac7dbe504388a210472b5b9b6f71
evento=http_access status=ok,http_access,21,1564cf24-0018-4c3b-81c9-be474866cdc6,,,,,,,,,,,,,,,,,,,,,,,,,,,,,,,,,,,,,,,,,,web,ok,GET,200,/protocolos,INFO,1788808047000000000,afdb1f9ee3d94c499ae421b123febf40
evento=catalog_load status=ok total=47,catalog_load,,af1f986f-cf1f-4eb2-b26b-f59fc2d3366e,,,,,,,,,,,,,,,,,,,,,,,,,,,,,,,,,,,,,47,,,,,protocolos,ok,GET,,/protocolos,INFO,1788808047000000000,afdb1f9ee3d94c499ae421b123febf40
evento=catalog_load status=ok total=47,catalog_load,,527cadae-3ddd-4245-9414-952a5c91ab91,,,,,,,,,,,,,,,,,,,,,,,,,,,,,,,,,,,,,47,,,,,protocolos,ok,GET,,/protocolos,INFO,1788808047000000000,afdb1f9ee3d94c499ae421b123febf40
evento=http_access status=ok,http_access,0,b16ad9bb-611f-4d9d-9b1b-5bb035bcf83b,,,,,,,,,,,,,,,,,,,,,,,,,,,,,,,,,,,,,,,,,,web,ok,GET,200,/manifest.webmanifest,INFO,1788808045000000000,0f577eb650684fe9950cb42637f2cb4e
evento=http_access status=ok,http_access,4,eaa8cf9d-cc75-4433-9bae-9f9b191a21d1,,,,,,,,,,,,,,,,,,,,,,,,,,,,,,,,,,,,,,,,,,web,ok,GET,200,/protocolos/ipv4,INFO,1788808045000000000,fe2800fd01bd402ba5762769efa62efa
evento=aprofundamento_view status=ok ataques=5 conceitos=6 protocolo=ipv4,aprofundamento_view,,08cb0b4a-98a1-48b3-a957-31f345fc9b91,5,,,,,,6,,,,,,,,,,,,,,,,,,,,,,ipv4,,,,,,,,,,,,,protocolos,ok,GET,,/protocolos/ipv4,INFO,1788808045000000000,fe2800fd01bd402ba5762769efa62efa
evento=http_access status=ok,http_access,0,7ee0d27c-e16d-4c95-bcd8-766136f40364,,,,,,,,,,,,,,,,,,,,,,,,,,,,,,,,,,,,,,,,,,web,ok,GET,200,/manifest.webmanifest,INFO,1788808045000000000,d8169adc04454c109d616e19faf5f0a7
evento=http_access status=ok,http_access,5,363d1c7d-95b9-4ad2-81ad-9324ecfcad7c,,,,,,,,,,,,,,,,,,,,,,,,,,,,,,,,,,,,,,,,,,web,ok,GET,200,/protocolos/tcp,INFO,1788808045000000000,163524a56d5a481aa08f57ddf35ca763
evento=aprofundamento_view status=ok ataques=5 conceitos=6 protocolo=tcp,aprofundamento_view,,c02bb1a2-cc0e-4131-984c-a40045cce0d0,5,,,,,,6,,,,,,,,,,,,,,,,,,,,,,tcp,,,,,,,,,,,,,protocolos,ok,GET,,/protocolos/tcp,INFO,1788808045000000000,163524a56d5a481aa08f57ddf35ca763
evento=http_access status=ok,http_access,0,d49e7c6b-a5b9-4b08-9041-cd1681c4afc9,,,,,,,,,,,,,,,,,,,,,,,,,,,,,,,,,,,,,,,,,,web,ok,GET,200,/manifest.webmanifest,INFO,1788808044000000000,c77d9c44f1f14851ad5bf1931a764dad
evento=http_access status=ok,http_access,5,db301b72-2112-4e9d-841c-7e869e2c554c,,,,,,,,,,,,,,,,,,,,,,,,,,,,,,,,,,,,,,,,,,web,ok,GET,200,/protocolos/http,INFO,1788808044000000000,39955d4205374f5d9a004a95d0916750
evento=aprofundamento_view status=ok ataques=5 conceitos=6 protocolo=http,aprofundamento_view,,8de35276-4dde-4d9d-93ac-26fde9fe73fc,5,,,,,,6,,,,,,,,,,,,,,,,,,,,,,http,,,,,,,,,,,,,protocolos,ok,GET,,/protocolos/http,INFO,1788808044000000000,39955d4205374f5d9a004a95d0916750
evento=http_access status=ok,http_access,0,416dd1c7-797a-4f00-913f-5487521eff84,,,,,,,,,,,,,,,,,,,,,,,,,,,,,,,,,,,,,,,,,,web,ok,GET,200,/manifest.webmanifest,INFO,1788808043000000000,bef30f145c784c02acc35ed1c9b54d41
evento=http_access status=ok,http_access,11,edf21be4-4280-4411-8bcc-b7891ea765dc,,,,,,,,,,,,,,,,,,,,,,,,,,,,,,,,,,,,,,,,,,web,ok,GET,200,/protocolos,INFO,1788808043000000000,67863616bcd4495aa09cdab2518f990a
evento=catalog_load status=ok total=47,catalog_load,,5176e378-4830-4102-8f33-5b1794f3ffe9,,,,,,,,,,,,,,,,,,,,,,,,,,,,,,,,,,,,,47,,,,,protocolos,ok,GET,,/protocolos,INFO,1788808043000000000,67863616bcd4495aa09cdab2518f990a
evento=catalog_load status=ok total=47,catalog_load,,c79cf10f-b1d5-4d7d-ade2-8cd4bd9857a7,,,,,,,,,,,,,,,,,,,,,,,,,,,,,,,,,,,,,47,,,,,protocolos,ok,GET,,/protocolos,INFO,1788808043000000000,67863616bcd4495aa09cdab2518f990a
evento=http_access status=ok,http_access,1,1574565c-c717-457a-a5e7-0f5d0b24ff5e,,,,,,,,,,,,,,,,,,,,,,,,,,,,,,,,,,,,,,,,,,web,ok,GET,200,/manifest.webmanifest,INFO,1788808041000000000,0e7d1383b2e24754bbcdea30d264c9a3
evento=http_access status=ok,http_access,5,bffa26da-6c58-4e96-8bc4-43333e736b7a,,,,,,,,,,,,,,,,,,,,,,,,,,,,,,,,,,,,,,,,,,web,ok,GET,200,/protocolos/ipv4,INFO,1788808041000000000,0cea3633810243e5bb4a3cf3cd6c1e68
evento=aprofundamento_view status=ok ataques=5 conceitos=6 protocolo=ipv4,aprofundamento_view,,51e1a83b-e954-4754-abec-2c53c383cbdd,5,,,,,,6,,,,,,,,,,,,,,,,,,,,,,ipv4,,,,,,,,,,,,,protocolos,ok,GET,,/protocolos/ipv4,INFO,1788808041000000000,0cea3633810243e5bb4a3cf3cd6c1e68
evento=http_access status=ok,http_access,0,67650aa4-b9bb-4423-82ef-9c4f9fcc110a,,,,,,,,,,,,,,,,,,,,,,,,,,,,,,,,,,,,,,,,,,web,ok,GET,200,/manifest.webmanifest,INFO,1788808041000000000,85b6443c323f458285e9e5aa3bf687cc
evento=http_access status=ok,http_access,11,5aacc680-7346-41e2-b839-a64d11aa29da,,,,,,,,,,,,,,,,,,,,,,,,,,,,,,,,,,,,,,,,,,web,ok,GET,200,/protocolos/tcp,INFO,1788808040000000000,b4666f5e45d0408e96071568c484d800
evento=aprofundamento_view status=ok ataques=5 conceitos=6 protocolo=tcp,aprofundamento_view,,86b8155a-f689-401f-84e7-f32e1ceb9750,5,,,,,,6,,,,,,,,,,,,,,,,,,,,,,tcp,,,,,,,,,,,,,protocolos,ok,GET,,/protocolos/tcp,INFO,1788808040000000000,b4666f5e45d0408e96071568c484d800
evento=http_access status=ok,http_access,1,abed1be7-050e-4fb1-abc8-9fedde58325c,,,,,,,,,,,,,,,,,,,,,,,,,,,,,,,,,,,,,,,,,,web,ok,GET,200,/manifest.webmanifest,INFO,1788808040000000000,a1881c242edd493782243380f3323887
evento=http_access status=ok,http_access,9,14a4196c-2f6a-4516-b71f-4899827f7dad,,,,,,,,,,,,,,,,,,,,,,,,,,,,,,,,,,,,,,,,,,web,ok,GET,200,/protocolos/http,INFO,1788808040000000000,00e4a184520b48eca63070ff916e8bd0
evento=aprofundamento_view status=ok ataques=5 conceitos=6 protocolo=http,aprofundamento_view,,1761b531-6802-4cc6-963f-5766e5f7efec,5,,,,,,6,,,,,,,,,,,,,,,,,,,,,,http,,,,,,,,,,,,,protocolos,ok,GET,,/protocolos/http,INFO,1788808040000000000,00e4a184520b48eca63070ff916e8bd0
evento=http_access status=ok,http_access,1,cf44bbb1-9b05-4f27-84f2-440e56a85232,,,,,,,,,,,,,,,,,,,,,,,,,,,,,,,,,,,,,,,,,,web,ok,GET,200,/manifest.webmanifest,INFO,1788808033000000000,3b30a880245b4d1fab2980ddc553c756
evento=http_access status=ok,http_access,27,2e7263ea-9f8e-4329-adad-295956afca58,,,,,,,,,,,,,,,,,,,,,,,,,,,,,,,,,,,,,,,,,,web,ok,GET,200,/protocolos,INFO,1788808033000000000,01f2ba4f353445d884b12ae1c5e6c11f
evento=catalog_load status=ok total=47,catalog_load,,3fb11550-2c04-4944-9723-920d2a0c4854,,,,,,,,,,,,,,,,,,,,,,,,,,,,,,,,,,,,,47,,,,,protocolos,ok,GET,,/protocolos,INFO,1788808033000000000,01f2ba4f353445d884b12ae1c5e6c11f
evento=catalog_load status=ok total=47,catalog_load,,1419cd6c-cb1b-4757-850e-80e3282ebc3c,,,,,,,,,,,,,,,,,,,,,,,,,,,,,,,,,,,,,47,,,,,protocolos,ok,GET,,/protocolos,INFO,1788808033000000000,01f2ba4f353445d884b12ae1c5e6c11f
evento=http_access status=ok,http_access,2,a8752aba-7325-43cc-aabb-b2a33f3a153c,,,,,,,,,,,,,,,,,,,,,,,,,,,,,,,,,,,,,,,,,,web,ok,GET,200,/manifest.webmanifest,INFO,1788808018000000000,8a22f5a30edd4fdda7e19204682ba07d
evento=http_access status=ok,http_access,8,ed474068-1f90-401b-9568-29b62ea01de5,,,,,,,,,,,,,,,,,,,,,,,,,,,,,,,,,,,,,,,,,,web,ok,GET,200,/portas,INFO,1788808017000000000,5f118db5c9cf4e40b406f1eb49af05e8
evento=catalog_load status=ok total=30,catalog_load,,e94e6686-e4f2-43dc-b104-d417525a635d,,,,,,,,,,,,,,,,,,,,,,,,,,,,,,,,,,,,,30,,,,,portas,ok,GET,,/portas,INFO,1788808017000000000,5f118db5c9cf4e40b406f1eb49af05e8
evento=http_access status=ok,http_access,12,9c009aab-8aa3-47b4-8626-8083f446f2aa,,,,,,,,,,,,,,,,,,,,,,,,,,,,,,,,,,,,,,,,,,web,ok,POST,200,/calculadora/api/faixa,INFO,1788808015000000000,56889dd9d19842a587a5e6598c44f35a
evento=faixa_para_cidr status=ok,faixa_para_cidr,,ec1db1ff-262c-40b5-966e-a16efb88752c,,,,,,,,,,,,,,,,,,,,,,,,,,,,,,,,,,,,,,,,,,calculadora,ok,POST,,/calculadora/api/faixa,INFO,1788808015000000000,56889dd9d19842a587a5e6598c44f35a
evento=faixa_convertida status=ok blocos=13 enderecos=964 truncado=false,faixa_convertida,,75c633c0-1256-4991-a206-3b8057492b2a,,,13,,,,,,,,,964,,,,,,,,,,,,,,,,,,,,,,,,,,,false,,,calculadora,ok,POST,,/calculadora/api/faixa,INFO,1788808015000000000,56889dd9d19842a587a5e6598c44f35a
evento=http_access status=ok,http_access,4,b4f5f1c0-208e-4fd3-b61d-5bf8ba0b24f3,,,,,,,,,,,,,,,,,,,,,,,,,,,,,,,,,,,,,,,,,,web,ok,POST,200,/calculadora/api/comparar,INFO,1788808013000000000,f5e002ef433145aea5086d6df01b5dbe
evento=comparar_blocos status=ok,comparar_blocos,,4a39b177-be25-487d-9950-a31c159f80bd,,,,,,,,,,,,,,,,,,,,,,,,,,,,,,,,,,,,,,,,,,calculadora,ok,POST,,/calculadora/api/comparar,INFO,1788808013000000000,f5e002ef433145aea5086d6df01b5dbe
evento=http_access status=error,http_access,1,93c742a4-71bd-4219-a495-56b4430a64e9,,,,,,,,,,,,,,,,,,,,,,,,,,,,,,,,,,,,,,,,,,web,error,POST,403,/calculadora/api/sumarizar,WARN,1788808012000000000,8fcc34f01a5d4890acda85ddf653645f
evento=http_access status=ok,http_access,12,dec30b58-0bfb-42af-ae84-f6b68ef8ade1,,,,,,,,,,,,,,,,,,,,,,,,,,,,,,,,,,,,,,,,,,web,ok,POST,200,/calculadora/api/vlan,INFO,1788808006000000000,ceac55e0771e432e8b8cec373b306966
evento=plano_vlan status=ok,plano_vlan,,f39342de-f50b-467f-b1dc-5116383a98cc,,,,,,,,,,,,,,,,,,,,,,,,,,,,,,,,,,,,,,,,,,calculadora,ok,POST,,/calculadora/api/vlan,INFO,1788808006000000000,ceac55e0771e432e8b8cec373b306966
evento=vlan_plano_gerado status=ok estrategia=sequencial prefixoVlan=24 vlans=4,vlan_plano_gerado,,3318fcec-ddb4-436d-819d-f8e63d45a90d,,,,,,,,,,,,,sequencial,,,,,,,,,,,,,,,24,,,,,,,,,,,,,4,calculadora,ok,POST,,/calculadora/api/vlan,INFO,1788808006000000000,ceac55e0771e432e8b8cec373b306966
evento=http_access status=ok,http_access,13,66d2eed2-386d-4b4c-a831-8f7ab6dd4532,,,,,,,,,,,,,,,,,,,,,,,,,,,,,,,,,,,,,,,,,,web,ok,POST,200,/calculadora/api/dividir,INFO,1788807997000000000,3543351edc924269ac0f2c947514ceae
evento=dividir_por_prefixo status=ok,dividir_por_prefixo,,8fb2bc4c-662e-4255-8d25-3599d877a2b2,,,,,,,,,,,,,,,,,,,,,,,,,,,,,,,,,,,,,,,,,,calculadora,ok,POST,,/calculadora/api/dividir,INFO,1788807997000000000,3543351edc924269ac0f2c947514ceae
evento=divisao_calculada status=ok exibidos=8 prefixoAlvo=24 prefixoBase=21 totalSubredes=8,divisao_calculada,,c1184251-867d-4b1b-b25a-cfa2cc144809,,,,,,,,,,,,,,8,,,,,,,,,,,24,21,,,,,,,,,,,,8,,,,calculadora,ok,POST,,/calculadora/api/dividir,INFO,1788807997000000000,3543351edc924269ac0f2c947514ceae
evento=http_access status=ok,http_access,19,3c19842a-8f86-4721-802a-85a360061523,,,,,,,,,,,,,,,,,,,,,,,,,,,,,,,,,,,,,,,,,,web,ok,POST,200,/calculadora/api/faixa,INFO,1788807986000000000,fb82a1ad1bfc42d6a406eadea807e121
evento=faixa_para_cidr status=ok,faixa_para_cidr,,90ddb280-ca5b-4675-8db0-f8a33ce69f75,,,,,,,,,,,,,,,,,,,,,,,,,,,,,,,,,,,,,,,,,,calculadora,ok,POST,,/calculadora/api/faixa,INFO,1788807986000000000,fb82a1ad1bfc42d6a406eadea807e121
evento=faixa_convertida status=ok blocos=13 enderecos=964 truncado=false,faixa_convertida,,8ce49ace-1b44-4607-96c9-92c1501ae842,,,13,,,,,,,,,964,,,,,,,,,,,,,,,,,,,,,,,,,,,false,,,calculadora,ok,POST,,/calculadora/api/faixa,INFO,1788807986000000000,fb82a1ad1bfc42d6a406eadea807e121
evento=http_access status=ok,http_access,6,2c1ba212-8c4c-4ea5-b668-6c815bf65f28,,,,,,,,,,,,,,,,,,,,,,,,,,,,,,,,,,,,,,,,,,web,ok,POST,200,/calculadora/api/sumarizar,INFO,1788807982000000000,62288310e2e24d14a32590a1b6d326b9
evento=sumarizar status=ok,sumarizar,,eb739402-3c43-4bc6-aefd-5ba4b7236b88,,,,,,,,,,,,,,,,,,,,,,,,,,,,,,,,,,,,,,,,,,calculadora,ok,POST,,/calculadora/api/sumarizar,INFO,1788807982000000000,62288310e2e24d14a32590a1b6d326b9
evento=sumarizacao_calculada status=ok extras=0 prefixoResumo=22 redes=4,sumarizacao_calculada,,eebb0072-6a1d-4a39-8190-ae4c04c7fe89,,,,,,,,,,,,,,,0,,,,,,,,,,,,22,,,4,,,,,,,,,,,,calculadora,ok,POST,,/calculadora/api/sumarizar,INFO,1788807982000000000,62288310e2e24d14a32590a1b6d326b9
evento=http_access status=ok,http_access,4,dc20b2ab-bbb9-448b-8da1-7f4c0f62108c,,,,,,,,,,,,,,,,,,,,,,,,,,,,,,,,,,,,,,,,,,web,ok,POST,200,/calculadora/api/comparar,INFO,1788807981000000000,4560d65d58054784b03dd171f59fe2a1
evento=comparar_blocos status=ok,comparar_blocos,,59a9df21-d688-4bdc-8566-a3d2cba9a2da,,,,,,,,,,,,,,,,,,,,,,,,,,,,,,,,,,,,,,,,,,calculadora,ok,POST,,/calculadora/api/comparar,INFO,1788807981000000000,4560d65d58054784b03dd171f59fe2a1
evento=http_access status=ok,http_access,9,57a6d98d-9adf-43e8-b804-e4338642301a,,,,,,,,,,,,,,,,,,,,,,,,,,,,,,,,,,,,,,,,,,web,ok,POST,200,/calculadora/api/sumarizar,INFO,1788807980000000000,889fc4bd8b0246dc919905b85ea72b01
evento=sumarizar status=ok,sumarizar,,b6351f7e-dfdd-440e-bb80-6c174295f56f,,,,,,,,,,,,,,,,,,,,,,,,,,,,,,,,,,,,,,,,,,calculadora,ok,POST,,/calculadora/api/sumarizar,INFO,1788807980000000000,889fc4bd8b0246dc919905b85ea72b01
evento=sumarizacao_calculada status=ok extras=0 prefixoResumo=22 redes=4,sumarizacao_calculada,,d96ca2fb-d512-47c2-97c5-ed5b2232cb24,,,,,,,,,,,,,,,0,,,,,,,,,,,,22,,,4,,,,,,,,,,,,calculadora,ok,POST,,/calculadora/api/sumarizar,INFO,1788807980000000000,889fc4bd8b0246dc919905b85ea72b01
evento=http_access status=ok,http_access,8,13818395-349f-42a8-94b5-5aff9ce51bfb,,,,,,,,,,,,,,,,,,,,,,,,,,,,,,,,,,,,,,,,,,web,ok,POST,200,/calculadora/api/comparar,INFO,1788807978000000000,9b94071681e548f7a2db99d9f1f0f155
evento=comparar_blocos status=ok,comparar_blocos,,98ad4de3-491b-41b0-8836-a8eafa6ccce6,,,,,,,,,,,,,,,,,,,,,,,,,,,,,,,,,,,,,,,,,,calculadora,ok,POST,,/calculadora/api/comparar,INFO,1788807978000000000,9b94071681e548f7a2db99d9f1f0f155
evento=http_access status=ok,http_access,28,6890df2d-ab6c-4cae-9810-acff357ccfd0,,,,,,,,,,,,,,,,,,,,,,,,,,,,,,,,,,,,,,,,,,web,ok,POST,200,/calculadora/api/sumarizar,INFO,1788807975000000000,78c8bce5901441d8ae71f3586811de7f
evento=sumarizar status=ok,sumarizar,,85c356c8-1cad-4305-b0f7-dca444b9fc84,,,,,,,,,,,,,,,,,,,,,,,,,,,,,,,,,,,,,,,,,,calculadora,ok,POST,,/calculadora/api/sumarizar,INFO,1788807975000000000,78c8bce5901441d8ae71f3586811de7f
evento=sumarizacao_calculada status=ok extras=0 prefixoResumo=22 redes=4,sumarizacao_calculada,,62150fa5-6035-4adf-98a7-dacb0c0f44af,,,,,,,,,,,,,,,0,,,,,,,,,,,,22,,,4,,,,,,,,,,,,calculadora,ok,POST,,/calculadora/api/sumarizar,INFO,1788807975000000000,78c8bce5901441d8ae71f3586811de7f
evento=http_access status=ok,http_access,1,29c1638d-eff7-4d5f-a3a0-72ab1cccdb68,,,,,,,,,,,,,,,,,,,,,,,,,,,,,,,,,,,,,,,,,,web,ok,GET,200,/manifest.webmanifest,INFO,1788807968000000000,ae19b7cdc11b4733b8299898366598d3
evento=http_access status=ok,http_access,1,491efc4a-8bbf-4965-883c-788d4f9e5651,,,,,,,,,,,,,,,,,,,,,,,,,,,,,,,,,,,,,,,,,,web,ok,GET,200,/calculadora,INFO,1788807968000000000,7f1466dd5f074e7cbad9b07c1b8a594f
evento=http_access status=ok,http_access,1,75bb3fa4-5b91-4666-9528-6e44dcbf479e,,,,,,,,,,,,,,,,,,,,,,,,,,,,,,,,,,,,,,,,,,web,ok,GET,200,/manifest.webmanifest,INFO,1788807960000000000,d0bf856c199d478fb5cd0fa4d9d0c921
evento=http_access status=ok,http_access,7,0b16280b-2c05-4103-8ad4-671fe7f7d869,,,,,,,,,,,,,,,,,,,,,,,,,,,,,,,,,,,,,,,,,,web,ok,GET,200,/sobre,INFO,1788807960000000000,3d89f024a7844d6ca0228b241d7815b7
evento=http_access status=ok,http_access,1,7df4ca84-2d21-4c60-9073-880063a27bdb,,,,,,,,,,,,,,,,,,,,,,,,,,,,,,,,,,,,,,,,,,web,ok,GET,200,/manifest.webmanifest,INFO,1788807947000000000,6ef3911d0d3445138c31d47115f0f38b
evento=http_access status=ok,http_access,46,81113b32-2668-4e1b-9c0c-b8b7f0505675,,,,,,,,,,,,,,,,,,,,,,,,,,,,,,,,,,,,,,,,,,web,ok,GET,200,/documentacao,INFO,1788807947000000000,cd5f9a81d29f48328b8a5c89fff549f7
evento=http_access status=ok,http_access,1,19b2e9f1-479d-48ee-8d9d-b4cb6f5b5051,,,,,,,,,,,,,,,,,,,,,,,,,,,,,,,,,,,,,,,,,,web,ok,GET,200,/manifest.webmanifest,INFO,1788807923000000000,863fa4d7f7024e7a99e3ebe186e1d027
evento=http_access status=ok,http_access,6,c7c6c313-ec62-43d5-961f-159729c07acd,,,,,,,,,,,,,,,,,,,,,,,,,,,,,,,,,,,,,,,,,,web,ok,GET,200,/telemetria,INFO,1788807923000000000,a517dc9338b4413f822e9631aa2f0441
evento=http_access status=ok,http_access,1259,9c70d459-d197-46c0-93f9-b36b2fee470f,,,,,,,,,,,,,,,,,,,,,,,,,,,,,,,,,,,,,,,,,,web,ok,GET,303,/login/github/callback,INFO,1788807923000000000,6308a6456dbe49e2a592ee45a4fb59d0
evento=login_github status=ok login=carmipa resultado=ok,login_github,,18ff275b-39c7-445c-95a6-993c5420071b,,,,,,,,,,,,,,,,,,,,,carmipa,,,,,,,,,,ok,,,,,,,,,,,seguranca,ok,GET,,/login/github/callback,INFO,1788807922000000000,6308a6456dbe49e2a592ee45a4fb59d0
evento=http_access status=ok,http_access,2,a939cf44-c32a-46e3-a5c5-caecb1b743f8,,,,,,,,,,,,,,,,,,,,,,,,,,,,,,,,,,,,,,,,,,web,ok,GET,303,/login/github,INFO,1788807921000000000,10a005b64c2b4d51a6440852add91d3a
evento=http_access status=ok,http_access,6,0157fb30-db43-4acb-83fa-1267352ef107,,,,,,,,,,,,,,,,,,,,,,,,,,,,,,,,,,,,,,,,,,web,ok,GET,200,/login,INFO,1788807919000000000,24dfb81b08d64894840d6b0d50d564db
evento=http_access status=ok,http_access,2,1cf8705c-bc2b-4b36-8113-bce17b276094,,,,,,,,,,,,,,,,,,,,,,,,,,,,,,,,,,,,,,,,,,web,ok,GET,303,/telemetria,INFO,1788807919000000000,6cf2186f0adb4f3fac021c7bbe1ff17b
evento=http_access status=ok,http_access,2,07ab2f2f-ac6a-4737-96b4-0058971ae534,,,,,,,,,,,,,,,,,,,,,,,,,,,,,,,,,,,,,,,,,,web,ok,GET,200,/manifest.webmanifest,INFO,1788807918000000000,2f6105bd385849caafcb517ae4b9036f
evento=http_access status=ok,http_access,2,e56bb47f-c486-4890-9c48-e9e37b05f655,,,,,,,,,,,,,,,,,,,,,,,,,,,,,,,,,,,,,,,,,,web,ok,GET,200,/seguranca,INFO,1788807917000000000,95113871b16b4b5aba2d9dd79526a04f
evento=http_access status=ok,http_access,0,eb3c1aaf-6547-410c-98f7-dfc6db4adc6c,,,,,,,,,,,,,,,,,,,,,,,,,,,,,,,,,,,,,,,,,,web,ok,GET,200,/manifest.webmanifest,INFO,1788807916000000000,daa22ef354e244f29d09d9339ee7dd00
evento=http_access status=ok,http_access,1,bdb2d684-0746-43d2-ab20-148e539dccb0,,,,,,,,,,,,,,,,,,,,,,,,,,,,,,,,,,,,,,,,,,web,ok,GET,200,/diagnostico,INFO,1788807916000000000,120b4dc6b3434e818cb58d533d95290f
evento=http_access status=ok,http_access,3,ef9b09e0-ff96-455f-9060-17cb6f9adbd2,,,,,,,,,,,,,,,,,,,,,,,,,,,,,,,,,,,,,,,,,,web,ok,GET,200,/simuladores/api/anomalia-tcp,INFO,1788807916000000000,94386f159e5141069b6d9ebb0df1d386
evento=http_access status=ok,http_access,2,73a29ee2-0920-4b02-b606-e6d2a2970bcf,,,,,,,,,,,,,,,,,,,,,,,,,,,,,,,,,,,,,,,,,,web,ok,GET,200,/simuladores/api/handshake,INFO,1788807916000000000,76d952abc3404e23b544d8da41e83bdb
evento=handshake status=ok dados=true encerramento=true passos=9,handshake,,cd5713d2-a7b6-4cb3-ba04-810abf4cee64,,,,,,,,true,,,true,,,,,,,,,,,,,9,,,,,,,,,,,,,,,,,,simuladores,ok,GET,,/simuladores/api/handshake,INFO,1788807916000000000,76d952abc3404e23b544d8da41e83bdb
evento=anomalia_tcp status=ok passos=7 tipoServido=syn-flood tipoSolicitado=syn-flood,anomalia_tcp,,1eb9ff3a-9b25-4761-aa70-caf05036ba0b,,,,,,,,,,,,,,,,,,,,,,,,7,,,,,,,,,,syn-flood,syn-flood,,,,,,,simuladores,ok,GET,,/simuladores/api/anomalia-tcp,INFO,1788807916000000000,94386f159e5141069b6d9ebb0df1d386
evento=http_access status=ok,http_access,1,76f5a360-c432-4694-83b9-c367cf3acb35,,,,,,,,,,,,,,,,,,,,,,,,,,,,,,,,,,,,,,,,,,web,ok,GET,200,/manifest.webmanifest,INFO,1788807916000000000,0c4d127b5c6547d980eb48a1ac398c9b
evento=http_access status=ok,http_access,1,8ede3089-d3f0-4bcf-99e7-6f20b38913b5,,,,,,,,,,,,,,,,,,,,,,,,,,,,,,,,,,,,,,,,,,web,ok,GET,200,/trafego,INFO,1788807916000000000,8cb380f28c5b419a997d7fc6ab40e81a
evento=http_access status=ok,http_access,1,6da6d6cc-9047-4a71-906f-bd302a37baa6,,,,,,,,,,,,,,,,,,,,,,,,,,,,,,,,,,,,,,,,,,web,ok,GET,200,/manifest.webmanifest,INFO,1788807915000000000,8c2fc186cde0487881aa5f240eacf31f
evento=http_access status=ok,http_access,2,9b3b637b-ac0e-4a93-b580-ca13379df96a,,,,,,,,,,,,,,,,,,,,,,,,,,,,,,,,,,,,,,,,,,web,ok,GET,200,/resolucao-problemas,INFO,1788807914000000000,fd4ef235dc234fc89ab575733a03932c
evento=http_access status=ok,http_access,2,6c72031a-55b8-4104-ae89-c5be6552eb61,,,,,,,,,,,,,,,,,,,,,,,,,,,,,,,,,,,,,,,,,,web,ok,GET,200,/manifest.webmanifest,INFO,1788807913000000000,84918060a3d144fea7d9e1381fa79109
evento=http_access status=ok,http_access,19,278fcbeb-85af-4b13-a07d-73cb61ebc27f,,,,,,,,,,,,,,,,,,,,,,,,,,,,,,,,,,,,,,,,,,web,ok,GET,200,/protocolos,INFO,1788807913000000000,d855ce49092d4fcbb086a0f147319824
evento=catalog_load status=ok total=47,catalog_load,,6ae7b698-7924-497e-bc00-62f32cbced83,,,,,,,,,,,,,,,,,,,,,,,,,,,,,,,,,,,,,47,,,,,protocolos,ok,GET,,/protocolos,INFO,1788807913000000000,d855ce49092d4fcbb086a0f147319824
evento=catalog_load status=ok total=47,catalog_load,,5857c906-5f21-4e49-9571-3e3e4ab3a546,,,,,,,,,,,,,,,,,,,,,,,,,,,,,,,,,,,,,47,,,,,protocolos,ok,GET,,/protocolos,INFO,1788807913000000000,d855ce49092d4fcbb086a0f147319824
evento=http_access status=ok,http_access,2,1e7f42fa-13f8-418b-a6b0-4dfdb5a40e3a,,,,,,,,,,,,,,,,,,,,,,,,,,,,,,,,,,,,,,,,,,web,ok,GET,200,/manifest.webmanifest,INFO,1788807912000000000,fa56514422184adc941b04288d6ab7c4
evento=http_access status=ok,http_access,12,c65f6549-2935-45fc-ad21-b28908b32a59,,,,,,,,,,,,,,,,,,,,,,,,,,,,,,,,,,,,,,,,,,web,ok,GET,200,/portas,INFO,1788807912000000000,24ecc81028e34acb9c7986d3874f692c
evento=catalog_load status=ok total=30,catalog_load,,d967de88-aea7-4e49-86d9-4e4f096926b2,,,,,,,,,,,,,,,,,,,,,,,,,,,,,,,,,,,,,30,,,,,portas,ok,GET,,/portas,INFO,1788807912000000000,24ecc81028e34acb9c7986d3874f692c
evento=http_access status=ok,http_access,0,219716a5-67e0-430f-8512-8a5657c914d8,,,,,,,,,,,,,,,,,,,,,,,,,,,,,,,,,,,,,,,,,,web,ok,GET,200,/manifest.webmanifest,INFO,1788807910000000000,cb8178c27c5c4156b7638cb3c68df59b
evento=http_access status=ok,http_access,2,ff7fd9d7-bf6f-4578-bfa5-8f1ff23b5366,,,,,,,,,,,,,,,,,,,,,,,,,,,,,,,,,,,,,,,,,,web,ok,GET,200,/calculadora,INFO,1788807910000000000,e5d51171dddb45c990828a0322819f74
evento=http_access status=ok,http_access,2,1658cd45-9385-4b14-8075-1d09b1659cf8,,,,,,,,,,,,,,,,,,,,,,,,,,,,,,,,,,,,,,,,,,web,ok,GET,200,/manifest.webmanifest,INFO,1788807907000000000,b1959e808fea41209ff25f7cc21798d6
evento=http_access status=ok,http_access,6,4020f8e6-db09-489f-8aaf-1af11c2a88cf,,,,,,,,,,,,,,,,,,,,,,,,,,,,,,,,,,,,,,,,,,web,ok,GET,200,/portas,INFO,1788807907000000000,84425700cceb40e29b0e5c9020c47c18
evento=catalog_load status=ok total=30,catalog_load,,c208e94f-f062-4187-9ea0-2dcf9f06a745,,,,,,,,,,,,,,,,,,,,,,,,,,,,,,,,,,,,,30,,,,,portas,ok,GET,,/portas,INFO,1788807907000000000,84425700cceb40e29b0e5c9020c47c18
evento=http_access status=ok,http_access,1,4e6712a3-af49-48dd-a226-b449de673a18,,,,,,,,,,,,,,,,,,,,,,,,,,,,,,,,,,,,,,,,,,web,ok,GET,200,/manifest.webmanifest,INFO,1788807906000000000,c77a505fee79404683a10c2f45ec62f1
evento=http_access status=ok,http_access,22,cd35ca08-eda9-482b-823e-c87fe7eed741,,,,,,,,,,,,,,,,,,,,,,,,,,,,,,,,,,,,,,,,,,web,ok,GET,200,/protocolos,INFO,1788807906000000000,5ef65099ea8f458a8b32864b3760d175
evento=catalog_load status=ok total=47,catalog_load,,d0de5735-cb17-4975-a622-af15fe07eefa,,,,,,,,,,,,,,,,,,,,,,,,,,,,,,,,,,,,,47,,,,,protocolos,ok,GET,,/protocolos,INFO,1788807906000000000,5ef65099ea8f458a8b32864b3760d175
evento=catalog_load status=ok total=47,catalog_load,,27c8b179-8c2d-4b8b-98c6-70edff7c8533,,,,,,,,,,,,,,,,,,,,,,,,,,,,,,,,,,,,,47,,,,,protocolos,ok,GET,,/protocolos,INFO,1788807906000000000,5ef65099ea8f458a8b32864b3760d175
evento=http_access status=ok,http_access,21,3b04c072-93e1-42dc-bb24-49787cb8d0dd,,,,,,,,,,,,,,,,,,,,,,,,,,,,,,,,,,,,,,,,,,web,ok,POST,200,/seguranca/api/tls,INFO,1788807894000000000,c51eb346a1484c068bdebe3c71361ebc
evento=inspecao_tls status=ok,inspecao_tls,,711a8262-43d9-47c8-9112-2e13c051f9f0,,,,,,,,,,,,,,,,,,,,,,,,,,,,,,,,,,,,,,,,,,seguranca,ok,POST,,/seguranca/api/tls,INFO,1788807894000000000,c51eb346a1484c068bdebe3c71361ebc
evento=tls_inspecionado status=ok checagens=5 host=visitante-002 veredito=CONFIÁVEL,tls_inspecionado,,bf13a334-186e-4c52-bfc8-7b27b69df61f,,,,,5,,,,,,,,,,,,,visitante-002,,,,,,,,,,,,,,,,,,,,,,CONFIÁVEL,,seguranca,ok,POST,,/seguranca/api/tls,INFO,1788807894000000000,c51eb346a1484c068bdebe3c71361ebc
evento=http_access status=ok,http_access,3,f8f2af8a-1549-4431-8673-3b4ae8413ba5,,,,,,,,,,,,,,,,,,,,,,,,,,,,,,,,,,,,,,,,,,web,ok,GET,200,/manifest.webmanifest,INFO,1788807885000000000,40d97a6e9a3c4b7083c195e4d60e2d82
evento=http_access status=ok,http_access,3,0764bcf3-2403-4176-a9ec-c4d2e6b0a0a4,,,,,,,,,,,,,,,,,,,,,,,,,,,,,,,,,,,,,,,,,,web,ok,GET,200,/seguranca,INFO,1788807885000000000,a9239da229a74f10b61b8de7dfecb2b8
evento=http_access status=ok,http_access,2,8325216c-3bee-403c-937d-f0415cd2d616,,,,,,,,,,,,,,,,,,,,,,,,,,,,,,,,,,,,,,,,,,web,ok,GET,200,/manifest.webmanifest,INFO,1788807877000000000,7765ac345aa6498c9f7c661ce20b90f4
evento=http_access status=ok,http_access,2,065aa0b5-f800-4574-b7e9-85b6412be6eb,,,,,,,,,,,,,,,,,,,,,,,,,,,,,,,,,,,,,,,,,,web,ok,GET,200,/diagnostico,INFO,1788807877000000000,80c647a35387453fb9afeea5a18c3be7
evento=http_access status=ok,http_access,2,417d5fc0-c781-44ac-931b-71490b57fe9d,,,,,,,,,,,,,,,,,,,,,,,,,,,,,,,,,,,,,,,,,,web,ok,GET,200,/simuladores/api/anomalia-tcp,INFO,1788807873000000000,63260e474817484f8c0d973412b01da7
evento=anomalia_tcp status=ok passos=7 tipoServido=syn-flood tipoSolicitado=syn-flood,anomalia_tcp,,0a331a8e-c26d-4976-b235-9f381a82612f,,,,,,,,,,,,,,,,,,,,,,,,7,,,,,,,,,,syn-flood,syn-flood,,,,,,,simuladores,ok,GET,,/simuladores/api/anomalia-tcp,INFO,1788807873000000000,63260e474817484f8c0d973412b01da7
evento=http_access status=ok,http_access,4,6a50dce6-52ca-4dbb-9ba7-59af756fef28,,,,,,,,,,,,,,,,,,,,,,,,,,,,,,,,,,,,,,,,,,web,ok,GET,200,/simuladores/api/handshake,INFO,1788807873000000000,2dd73e10d9034ed8a65492e2f0050bf4
evento=handshake status=ok dados=true encerramento=true passos=9,handshake,,b57099b6-f614-4756-92e8-2621e645e64a,,,,,,,,true,,,true,,,,,,,,,,,,,9,,,,,,,,,,,,,,,,,,simuladores,ok,GET,,/simuladores/api/handshake,INFO,1788807873000000000,2dd73e10d9034ed8a65492e2f0050bf4
evento=http_access status=ok,http_access,1,30086822-569f-4e02-b5e2-046d72ae3bee,,,,,,,,,,,,,,,,,,,,,,,,,,,,,,,,,,,,,,,,,,web,ok,GET,200,/manifest.webmanifest,INFO,1788807873000000000,85496fa5ae274b38877811d422064705
evento=http_access status=ok,http_access,1,dbbb04e7-4f4c-466f-9b87-529f0683116c,,,,,,,,,,,,,,,,,,,,,,,,,,,,,,,,,,,,,,,,,,web,ok,GET,200,/trafego,INFO,1788807873000000000,b045ed13052f4512a438f19ee66817b7
evento=http_access status=ok,http_access,1,88e4a883-a27e-4af0-8c8e-ef67305a9c0f,,,,,,,,,,,,,,,,,,,,,,,,,,,,,,,,,,,,,,,,,,web,ok,GET,200,/history,INFO,1788807870000000000,b25da4393c2d478185198a1aafde5d60
evento=http_access status=ok,http_access,24,440ed77e-7114-46d4-adf9-aca71221eff9,,,,,,,,,,,,,,,,,,,,,,,,,,,,,,,,,,,,,,,,,,web,ok,GET,200,/api/informacoes/geo,INFO,1788807870000000000,e1d65ee70b214958ac8558de90e3f6ff
evento=history_persist status=ok total=60,history_persist,,28bb76db-4a6b-48a6-85cd-4c2138808879,,,,,,,,,,,,,,,,,,,,,,,,,,,,,,,,,,,,,60,,,,,analiseDidatica,ok,GET,,/api/informacoes/geo,INFO,1788807870000000000,e1d65ee70b214958ac8558de90e3f6ff
evento=geo_lookup status=ok ip=visitante-001,geo_lookup,,5eac58cd-f125-4cbe-bcf0-b9edf3344f38,,,,,,,,,,,,,,,,,,,,visitante-001,,,,,,,,,,,,,,,,,,,,,,analiseDidatica,ok,GET,,/api/informacoes/geo,INFO,1788807870000000000,e1d65ee70b214958ac8558de90e3f6ff
evento=http_access status=ok,http_access,0,a353e223-1279-4ba6-979c-7d884ec2d8f4,,,,,,,,,,,,,,,,,,,,,,,,,,,,,,,,,,,,,,,,,,web,ok,GET,200,/history,INFO,1788807870000000000,1f601bef34fd4af28a93f6a4c8de5fdc
evento=http_access status=ok,http_access,1,a364c153-cb9b-46ef-bc0a-6699f48954da,,,,,,,,,,,,,,,,,,,,,,,,,,,,,,,,,,,,,,,,,,web,ok,GET,200,/manifest.webmanifest,INFO,1788807870000000000,7d533bec173b4b7788e764cfe96390b3
evento=http_access status=ok,http_access,1,75648a47-590f-483a-9b72-fc69e17bd876,,,,,,,,,,,,,,,,,,,,,,,,,,,,,,,,,,,,,,,,,,web,ok,GET,200,/localizacao,INFO,1788807870000000000,9e71262bb84b4106a726bf90fff44e3e
evento=http_access status=ok,http_access,0,b09de4de-68c0-4bf9-865d-0af189ff251a,,,,,,,,,,,,,,,,,,,,,,,,,,,,,,,,,,,,,,,,,,web,ok,GET,200,/manifest.webmanifest,INFO,1788807857000000000,30ecddbdf54549b3aab2065162c6f0f1
evento=http_access status=ok,http_access,2,b015714f-d4f2-4f48-b3fc-3328b602cc42,,,,,,,,,,,,,,,,,,,,,,,,,,,,,,,,,,,,,,,,,,web,ok,GET,200,/resolucao-problemas,INFO,1788807857000000000,ec10483264f2481fac40d824713b89f1
evento=http_access status=ok,http_access,4,0a37cdc0-2528-465a-a63e-6f707691ea13,,,,,,,,,,,,,,,,,,,,,,,,,,,,,,,,,,,,,,,,,,web,ok,GET,200,/manifest.webmanifest,INFO,1788807842000000000,ecb2f1d008b24d4b83b147c999d34889
evento=http_access status=ok,http_access,20,3a22ecae-dabd-410c-8599-d712b3b0f19e,,,,,,,,,,,,,,,,,,,,,,,,,,,,,,,,,,,,,,,,,,web,ok,GET,200,/protocolos/dns,INFO,1788807842000000000,52aa5e925eb3412684d91dbcef8855e8
evento=aprofundamento_view status=ok ataques=6 conceitos=6 mitigacoes=6 protocolo=dns,aprofundamento_view,,18978166-7705-4d88-aba5-d2ee5cb0288f,6,,,,,,6,,,,,,,,,,,,,,,6,,,,,,,dns,,,,,,,,,,,,,protocolos,ok,GET,,/protocolos/dns,INFO,1788807842000000000,52aa5e925eb3412684d91dbcef8855e8
evento=http_access status=ok,http_access,1,bcc42b0e-104f-4dc6-a5e7-7c2acc48a026,,,,,,,,,,,,,,,,,,,,,,,,,,,,,,,,,,,,,,,,,,web,ok,GET,200,/manifest.webmanifest,INFO,1788807842000000000,1210de8a62474f8b9f6212015714e438
evento=http_access status=ok,http_access,128,6e8bf9e9-84e7-4647-afff-7b1a666fef87,,,,,,,,,,,,,,,,,,,,,,,,,,,,,,,,,,,,,,,,,,web,ok,GET,200,/protocolos/ssh,INFO,1788807842000000000,7a5839f2ba204107bf1cc52d7af1ad91
evento=aprofundamento_view status=ok autenticacoes=6 conceitos=6 encaminhamentos=6 hardening=10 protocolo=ssh,aprofundamento_view,,ad530f4c-15a0-4878-bd91-e89d9a1819d6,,6,,,,,6,,,6,,,,,,,10,,,,,,,,,,,,ssh,,,,,,,,,,,,,protocolos,ok,GET,,/protocolos/ssh,INFO,1788807841000000000,7a5839f2ba204107bf1cc52d7af1ad91
evento=http_access status=ok,http_access,8,8d6d3ae2-309f-4425-ac60-54cfdeb52671,,,,,,,,,,,,,,,,,,,,,,,,,,,,,,,,,,,,,,,,,,web,ok,GET,200,/manifest.webmanifest,INFO,1788807841000000000,72711ae3165141aebbe3ba66f3df943d
evento=http_access status=ok,http_access,59,dbb0e8e7-eaa8-4beb-b24a-95c8a7bde431,,,,,,,,,,,,,,,,,,,,,,,,,,,,,,,,,,,,,,,,,,web,ok,GET,200,/protocolos/tls,INFO,1788807841000000000,00ce71d74bdb42c081fd26261a9a9a9f
evento=aprofundamento_view status=ok ataques=6 ciphers=6 conceitos=6 protocolo=tls,aprofundamento_view,,bfd96c22-7d46-45d0-8618-64284bc2eacd,6,,,,,6,6,,,,,,,,,,,,,,,,,,,,,,tls,,,,,,,,,,,,,protocolos,ok,GET,,/protocolos/tls,INFO,1788807841000000000,00ce71d74bdb42c081fd26261a9a9a9f
evento=http_access status=ok,http_access,1,e7d1f0f6-a258-45ea-a70c-8a40fadb69f8,,,,,,,,,,,,,,,,,,,,,,,,,,,,,,,,,,,,,,,,,,web,ok,GET,200,/manifest.webmanifest,INFO,1788807841000000000,968960d7d8e64705b787ae49bf255b19
evento=http_access status=ok,http_access,68,38e2fee2-f552-43ef-8651-600b7f07c7ea,,,,,,,,,,,,,,,,,,,,,,,,,,,,,,,,,,,,,,,,,,web,ok,GET,200,/protocolos/ftp,INFO,1788807840000000000,56389386a0504b6bbef3ff472f8190be
evento=aprofundamento_view status=ok ataques=5 conceitos=6 protocolo=ftp,aprofundamento_view,,b424cd92-be6f-458b-8650-43cd66529248,5,,,,,,6,,,,,,,,,,,,,,,,,,,,,,ftp,,,,,,,,,,,,,protocolos,ok,GET,,/protocolos/ftp,INFO,1788807840000000000,56389386a0504b6bbef3ff472f8190be
evento=http_access status=ok,http_access,10,57f42ec4-6dd1-4270-be48-cab13177a2b9,,,,,,,,,,,,,,,,,,,,,,,,,,,,,,,,,,,,,,,,,,web,ok,GET,200,/manifest.webmanifest,INFO,1788807840000000000,13ab12e071a54b2b9b769c2c69c7a390
evento=http_access status=ok,http_access,22,f36b6c95-8633-4148-8fb9-4b952f8cd235,,,,,,,,,,,,,,,,,,,,,,,,,,,,,,,,,,,,,,,,,,web,ok,GET,200,/protocolos/telnet,INFO,1788807840000000000,1444d7ceb988475e9e3cd1537efaed91
evento=aprofundamento_view status=ok ataques=5 conceitos=5 protocolo=telnet,aprofundamento_view,,7d0d1d99-a3b7-46b4-9574-f48712b5f4b5,5,,,,,,5,,,,,,,,,,,,,,,,,,,,,,telnet,,,,,,,,,,,,,protocolos,ok,GET,,/protocolos/telnet,INFO,1788807840000000000,1444d7ceb988475e9e3cd1537efaed91
evento=http_access status=ok,http_access,0,97eb61af-a078-4d50-b608-5e5255e2278a,,,,,,,,,,,,,,,,,,,,,,,,,,,,,,,,,,,,,,,,,,web,ok,GET,200,/manifest.webmanifest,INFO,1788807839000000000,b878fca16d9543c1b9647b33a845e153
evento=http_access status=ok,http_access,6,820edd1c-307f-4b26-855c-6e81773e1f74,,,,,,,,,,,,,,,,,,,,,,,,,,,,,,,,,,,,,,,,,,web,ok,GET,200,/protocolos/smtp,INFO,1788807839000000000,ebc512c2d2074fa4ab6ca657400e6fae
evento=aprofundamento_view status=ok ataques=5 conceitos=6 protocolo=smtp,aprofundamento_view,,ee28d19f-ef46-43de-b39f-e2051b72767c,5,,,,,,6,,,,,,,,,,,,,,,,,,,,,,smtp,,,,,,,,,,,,,protocolos,ok,GET,,/protocolos/smtp,INFO,1788807839000000000,ebc512c2d2074fa4ab6ca657400e6fae
evento=http_access status=ok,http_access,0,a4df1439-c12d-4f05-8d03-9cf2d1c84a61,,,,,,,,,,,,,,,,,,,,,,,,,,,,,,,,,,,,,,,,,,web,ok,GET,200,/manifest.webmanifest,INFO,1788807838000000000,4329ec11b5d9448cb5976e4850b9609c
evento=http_access status=ok,http_access,6,f22ab56c-0a0a-4225-aa82-5a16ccfe94c6,,,,,,,,,,,,,,,,,,,,,,,,,,,,,,,,,,,,,,,,,,web,ok,GET,200,/protocolos/ftp,INFO,1788807838000000000,a44a6c09b5d44270b0efb3aa7c50f50b
evento=aprofundamento_view status=ok ataques=5 conceitos=6 protocolo=ftp,aprofundamento_view,,770c2a57-221e-4890-8daa-a986bd9b3368,5,,,,,,6,,,,,,,,,,,,,,,,,,,,,,ftp,,,,,,,,,,,,,protocolos,ok,GET,,/protocolos/ftp,INFO,1788807838000000000,a44a6c09b5d44270b0efb3aa7c50f50b
evento=http_access status=ok,http_access,1,8327e107-b2be-4aef-96a2-33288185f183,,,,,,,,,,,,,,,,,,,,,,,,,,,,,,,,,,,,,,,,,,web,ok,GET,200,/manifest.webmanifest,INFO,1788807834000000000,fc984cfed7944b1789ecaf80c2b31dbd
evento=http_access status=ok,http_access,7,2f16589f-4138-4240-83c0-78d786a809b7,,,,,,,,,,,,,,,,,,,,,,,,,,,,,,,,,,,,,,,,,,web,ok,GET,200,/protocolos/http,INFO,1788807834000000000,c8656555be2f43aeb531fdb52b09f7c3
evento=aprofundamento_view status=ok ataques=5 conceitos=6 protocolo=http,aprofundamento_view,,ad44713e-b2b9-4b1b-99b7-f5404f121b26,5,,,,,,6,,,,,,,,,,,,,,,,,,,,,,http,,,,,,,,,,,,,protocolos,ok,GET,,/protocolos/http,INFO,1788807834000000000,c8656555be2f43aeb531fdb52b09f7c3
evento=http_access status=ok,http_access,1,ceba8b7f-1c73-4df1-95e6-03691ab48115,,,,,,,,,,,,,,,,,,,,,,,,,,,,,,,,,,,,,,,,,,web,ok,GET,200,/manifest.webmanifest,INFO,1788807833000000000,7d51320e3dad4244b205f1e35fbb8408
evento=http_access status=ok,http_access,19,00371f28-03bc-4b96-a586-941ef35a2ddb,,,,,,,,,,,,,,,,,,,,,,,,,,,,,,,,,,,,,,,,,,web,ok,GET,200,/protocolos,INFO,1788807833000000000,900785020775498cac632178a4afc4c0
evento=catalog_load status=ok total=47,catalog_load,,d4e57dbc-e6ee-4fc0-8574-69746ea34add,,,,,,,,,,,,,,,,,,,,,,,,,,,,,,,,,,,,,47,,,,,protocolos,ok,GET,,/protocolos,INFO,1788807833000000000,900785020775498cac632178a4afc4c0
evento=catalog_load status=ok total=47,catalog_load,,01e0c8b8-c883-44a4-b367-d1b2d79c6983,,,,,,,,,,,,,,,,,,,,,,,,,,,,,,,,,,,,,47,,,,,protocolos,ok,GET,,/protocolos,INFO,1788807833000000000,900785020775498cac632178a4afc4c0
evento=http_access status=ok,http_access,1,4eed8b7e-3030-49cd-9d79-4a2a5de6b072,,,,,,,,,,,,,,,,,,,,,,,,,,,,,,,,,,,,,,,,,,web,ok,GET,200,/manifest.webmanifest,INFO,1788807831000000000,3cb5f6ae6e6c4f45bcb94f19dd3ddf14
evento=http_access status=ok,http_access,10,b77c8782-9579-4228-b879-a6aba499b230,,,,,,,,,,,,,,,,,,,,,,,,,,,,,,,,,,,,,,,,,,web,ok,GET,200,/portas,INFO,1788807831000000000,377248a5e7fc42ee9d99b2906b85a061
evento=catalog_load status=ok total=30,catalog_load,,36bb7967-7409-4836-bcfc-9db31dab8fb0,,,,,,,,,,,,,,,,,,,,,,,,,,,,,,,,,,,,,30,,,,,portas,ok,GET,,/portas,INFO,1788807831000000000,377248a5e7fc42ee9d99b2906b85a061
evento=http_access status=ok,http_access,0,8881e42b-c128-4018-8191-55e63f7abbb4,,,,,,,,,,,,,,,,,,,,,,,,,,,,,,,,,,,,,,,,,,web,ok,GET,200,/manifest.webmanifest,INFO,1788807830000000000,3b3452e542eb4ce7baf2c3a874035458
evento=http_access status=ok,http_access,3,b2f778d9-2b90-4fe8-a211-77069a310c7b,,,,,,,,,,,,,,,,,,,,,,,,,,,,,,,,,,,,,,,,,,web,ok,GET,200,/calculadora,INFO,1788807830000000000,79777465a90c4e33af4d0e0b28341cd1
evento=http_access status=ok,http_access,1005,2b15c3a0-dc16-4d95-a30f-b3726b9fa703,,,,,,,,,,,,,,,,,,,,,,,,,,,,,,,,,,,,,,,,,,web,ok,GET,200,/api/informacoes/geo,INFO,1788807829000000000,65fbe28eab0b4d77a9422f54ab737567
evento=history_persist status=ok total=60,history_persist,,0140e7da-6ab3-48ee-b39d-de1951ef0f1c,,,,,,,,,,,,,,,,,,,,,,,,,,,,,,,,,,,,,60,,,,,analiseDidatica,ok,GET,,/api/informacoes/geo,INFO,1788807829000000000,65fbe28eab0b4d77a9422f54ab737567
evento=geo_lookup status=ok ip=visitante-001,geo_lookup,,2cd4b01b-b538-4100-8923-1afa0c02961b,,,,,,,,,,,,,,,,,,,,visitante-001,,,,,,,,,,,,,,,,,,,,,,analiseDidatica,ok,GET,,/api/informacoes/geo,INFO,1788807828000000000,65fbe28eab0b4d77a9422f54ab737567
evento=http_access status=ok,http_access,14,abec16a5-9949-4391-aadc-70dd4ebf6deb,,,,,,,,,,,,,,,,,,,,,,,,,,,,,,,,,,,,,,,,,,web,ok,GET,200,/simuladores/api/anomalia-tcp,INFO,1788807828000000000,12884d8786664d6fad38e5daf9b759ff
evento=http_access status=ok,http_access,12,d01eb20a-68bb-4ad1-8c2d-7891b4222c9f,,,,,,,,,,,,,,,,,,,,,,,,,,,,,,,,,,,,,,,,,,web,ok,GET,200,/simuladores/api/handshake,INFO,1788807828000000000,f61ff72c4f8346bca062d3ef74d5b018
evento=anomalia_tcp status=ok passos=7 tipoServido=syn-flood tipoSolicitado=syn-flood,anomalia_tcp,,ae4fcf4c-158b-49a8-8194-5e9fecd63750,,,,,,,,,,,,,,,,,,,,,,,,7,,,,,,,,,,syn-flood,syn-flood,,,,,,,simuladores,ok,GET,,/simuladores/api/anomalia-tcp,INFO,1788807828000000000,12884d8786664d6fad38e5daf9b759ff
evento=handshake status=ok dados=true encerramento=true passos=9,handshake,,25c041de-a577-4a7a-a6b4-b03e411b7deb,,,,,,,,true,,,true,,,,,,,,,,,,,9,,,,,,,,,,,,,,,,,,simuladores,ok,GET,,/simuladores/api/handshake,INFO,1788807828000000000,f61ff72c4f8346bca062d3ef74d5b018
evento=http_access status=ok,http_access,1,5d128157-20eb-48a6-8edf-0ef6350a5291,,,,,,,,,,,,,,,,,,,,,,,,,,,,,,,,,,,,,,,,,,web,ok,GET,200,/manifest.webmanifest,INFO,1788807828000000000,bad0ec75abd34a38b08366fa05f15d8c
evento=http_access status=ok,http_access,6,8df9855d-bb93-408b-838f-2ea4643d8934,,,,,,,,,,,,,,,,,,,,,,,,,,,,,,,,,,,,,,,,,,web,ok,GET,200,/trafego,INFO,1788807828000000000,b615107ccd334682bf5d2618fc301e88
evento=http_access status=ok,http_access,0,cab9920f-b83e-458a-a168-27f79254749f,,,,,,,,,,,,,,,,,,,,,,,,,,,,,,,,,,,,,,,,,,web,ok,GET,200,/history,INFO,1788807828000000000,c587ebbb0d3f462cb9f509f67a82ec27
evento=http_access status=ok,http_access,1,c54f3820-3c55-49cb-b1b8-89eedebeb1bb,,,,,,,,,,,,,,,,,,,,,,,,,,,,,,,,,,,,,,,,,,web,ok,GET,200,/manifest.webmanifest,INFO,1788807826000000000,f715188f6b5e4e7784c1c2746ab7e3cd
evento=http_access status=ok,http_access,2,e4bfcf78-6fd0-45b5-980a-a62c5e6a90df,,,,,,,,,,,,,,,,,,,,,,,,,,,,,,,,,,,,,,,,,,web,ok,GET,200,/localizacao,INFO,1788807826000000000,1e8f1396f9d34cd8bbd72ccb4129ad81
evento=http_access status=ok,http_access,0,3b8f643d-0ed9-406f-8aee-ec8638e04995,,,,,,,,,,,,,,,,,,,,,,,,,,,,,,,,,,,,,,,,,,web,ok,GET,200,/manifest.webmanifest,INFO,1788807804000000000,b0841584b5e546b19f901fee788d2149
evento=http_access status=ok,http_access,2,33f3a9cd-5d5f-4710-b1d3-a8ee71997926,,,,,,,,,,,,,,,,,,,,,,,,,,,,,,,,,,,,,,,,,,web,ok,GET,200,/resolucao-problemas,INFO,1788807804000000000,79d1a05daa354fd8878858c83b39ded5
evento=http_access status=ok,http_access,1,4d65d9f3-2091-42e3-a97f-ea76667eaede,,,,,,,,,,,,,,,,,,,,,,,,,,,,,,,,,,,,,,,,,,web,ok,GET,200,/manifest.webmanifest,INFO,1788807801000000000,b23905177fce4661aed6cd02401275a4
evento=http_access status=ok,http_access,3,18f9a366-91ac-4d97-a8c7-6c9260a912bf,,,,,,,,,,,,,,,,,,,,,,,,,,,,,,,,,,,,,,,,,,web,ok,GET,200,/resolucao-problemas,INFO,1788807801000000000,8959efaab0714f0b8efb2378e7faca35
evento=http_access status=ok,http_access,0,a5c7d8d0-d49f-434c-817e-7a887f519c28,,,,,,,,,,,,,,,,,,,,,,,,,,,,,,,,,,,,,,,,,,web,ok,GET,200,/manifest.webmanifest,INFO,1788807793000000000,ec59cadc2f8e4731903a11bf0cdcf291
evento=http_access status=ok,http_access,15,530db21e-d500-45c8-ae43-d8e1a83a97b8,,,,,,,,,,,,,,,,,,,,,,,,,,,,,,,,,,,,,,,,,,web,ok,GET,200,/resolucao-problemas,INFO,1788807793000000000,9625120437e64a9f955fb6665abf906b
evento=http_access status=ok,http_access,0,ddedc2f1-9b95-4ba5-9fea-338db33a2cee,,,,,,,,,,,,,,,,,,,,,,,,,,,,,,,,,,,,,,,,,,web,ok,GET,200,/manifest.webmanifest,INFO,1788807763000000000,7c058d8e8ab343f5b9cfeea76aefb365
evento=http_access status=ok,http_access,13,9ad45608-d8bc-4d97-bb25-520e02e24148,,,,,,,,,,,,,,,,,,,,,,,,,,,,,,,,,,,,,,,,,,web,ok,GET,200,/protocolos,INFO,1788807763000000000,e98d023f6f8d45f283f0d0b145814104
evento=catalog_load status=ok total=47,catalog_load,,2624ff55-fe88-4e61-bcbb-b7d99f694dc3,,,,,,,,,,,,,,,,,,,,,,,,,,,,,,,,,,,,,47,,,,,protocolos,ok,GET,,/protocolos,INFO,1788807763000000000,e98d023f6f8d45f283f0d0b145814104
evento=catalog_load status=ok total=47,catalog_load,,d8eaf532-a466-4f7f-bc0d-18c8cbaa35c1,,,,,,,,,,,,,,,,,,,,,,,,,,,,,,,,,,,,,47,,,,,protocolos,ok,GET,,/protocolos,INFO,1788807763000000000,e98d023f6f8d45f283f0d0b145814104
evento=http_access status=ok,http_access,1,52448c0f-1623-4655-b362-e87aa5ee9591,,,,,,,,,,,,,,,,,,,,,,,,,,,,,,,,,,,,,,,,,,web,ok,GET,200,/manifest.webmanifest,INFO,1788807756000000000,b1ebf93f1f8d408898bdd2984fcf0a5a
evento=http_access status=ok,http_access,13,8a01a4ca-0934-4db1-996d-2f2da7343f84,,,,,,,,,,,,,,,,,,,,,,,,,,,,,,,,,,,,,,,,,,web,ok,GET,200,/portas,INFO,1788807756000000000,b885e1bdd74f47c1b4fe4a7f57a72cac
evento=catalog_load status=ok total=30,catalog_load,,0fa62802-02f9-4594-8110-5f60c25e7f49,,,,,,,,,,,,,,,,,,,,,,,,,,,,,,,,,,,,,30,,,,,portas,ok,GET,,/portas,INFO,1788807756000000000,b885e1bdd74f47c1b4fe4a7f57a72cac
evento=http_access status=ok,http_access,1,a9d2022a-c15e-4955-bb90-6d42302a0215,,,,,,,,,,,,,,,,,,,,,,,,,,,,,,,,,,,,,,,,,,web,ok,GET,200,/manifest.webmanifest,INFO,1788807750000000000,5d6193b4ae9241f890f5643dd5e5e816
evento=http_access status=ok,http_access,1,9e38efb4-9974-431e-abd3-2d6b7876fd8d,,,,,,,,,,,,,,,,,,,,,,,,,,,,,,,,,,,,,,,,,,web,ok,GET,200,/,INFO,1788807748000000000,5296c575fe6542199c7d06784fe7ffdd
evento=http_access status=ok,http_access,1,52962402-53d9-4b3a-81f7-95fcd2c9e881,,,,,,,,,,,,,,,,,,,,,,,,,,,,,,,,,,,,,,,,,,web,ok,GET,200,/manifest.webmanifest,INFO,1788806384000000000,88d4fd28c179470b92df87b1430ee4dd
evento=http_access status=ok,http_access,6,c8b2c973-ce56-4023-a5a5-a9b8a4fc54ab,,,,,,,,,,,,,,,,,,,,,,,,,,,,,,,,,,,,,,,,,,web,ok,GET,200,/portas,INFO,1788806383000000000,922a707aab134fca90016e9b5cbb2ced
evento=catalog_load status=ok total=30,catalog_load,,d2c017ad-1249-4ca5-8b84-d4735ab315aa,,,,,,,,,,,,,,,,,,,,,,,,,,,,,,,,,,,,,30,,,,,portas,ok,GET,,/portas,INFO,1788806383000000000,922a707aab134fca90016e9b5cbb2ced
evento=http_access status=ok,http_access,1,4ecf1032-6669-4154-bfee-0121df48fe92,,,,,,,,,,,,,,,,,,,,,,,,,,,,,,,,,,,,,,,,,,web,ok,GET,200,/manifest.webmanifest,INFO,1788806379000000000,b0065df46ae84f19896f5dbc03cf9ff3
evento=http_access status=ok,http_access,10,2e8bb2ee-26a8-4fd9-a498-f910ca5d4dd2,,,,,,,,,,,,,,,,,,,,,,,,,,,,,,,,,,,,,,,,,,web,ok,GET,200,/protocolos/ipv4,INFO,1788806379000000000,884d9493d7264e9a92d2af190396b879
evento=aprofundamento_view status=ok ataques=5 conceitos=6 protocolo=ipv4,aprofundamento_view,,13bad2fe-3664-4ee7-9081-5c011857b739,5,,,,,,6,,,,,,,,,,,,,,,,,,,,,,ipv4,,,,,,,,,,,,,protocolos,ok,GET,,/protocolos/ipv4,INFO,1788806379000000000,884d9493d7264e9a92d2af190396b879
evento=http_access status=ok,http_access,1,f8551da6-61d7-47c8-a5ed-4cb7af122ffa,,,,,,,,,,,,,,,,,,,,,,,,,,,,,,,,,,,,,,,,,,web,ok,GET,200,/manifest.webmanifest,INFO,1788806379000000000,3139039d4e55443384e7ebe513b02a16
evento=http_access status=ok,http_access,16,76a6d053-5e17-43d9-96cd-09a945e64f6e,,,,,,,,,,,,,,,,,,,,,,,,,,,,,,,,,,,,,,,,,,web,ok,GET,200,/protocolos/tcp,INFO,1788806379000000000,c6c04d2e23824f4180b1e9e597b20e07
evento=aprofundamento_view status=ok ataques=5 conceitos=6 protocolo=tcp,aprofundamento_view,,760cedd1-4a69-4a15-824e-f17466013816,5,,,,,,6,,,,,,,,,,,,,,,,,,,,,,tcp,,,,,,,,,,,,,protocolos,ok,GET,,/protocolos/tcp,INFO,1788806379000000000,c6c04d2e23824f4180b1e9e597b20e07
evento=http_access status=ok,http_access,1,65a23343-d1bb-4f21-a2cd-a7ff3b6da72f,,,,,,,,,,,,,,,,,,,,,,,,,,,,,,,,,,,,,,,,,,web,ok,GET,200,/manifest.webmanifest,INFO,1788806378000000000,71b0f59b0cfd40f492b181edf3318f9d
evento=http_access status=ok,http_access,14,e0c4c231-3f76-455f-b1d5-0763ba1ee137,,,,,,,,,,,,,,,,,,,,,,,,,,,,,,,,,,,,,,,,,,web,ok,GET,200,/protocolos/http,INFO,1788806378000000000,2b7b5683d7e9458888d6d9c706ae8ac4
evento=aprofundamento_view status=ok ataques=5 conceitos=6 protocolo=http,aprofundamento_view,,95d0d9dd-70d1-4725-9db9-8ce6621fea66,5,,,,,,6,,,,,,,,,,,,,,,,,,,,,,http,,,,,,,,,,,,,protocolos,ok,GET,,/protocolos/http,INFO,1788806378000000000,2b7b5683d7e9458888d6d9c706ae8ac4
evento=http_access status=ok,http_access,1,bcd440ec-27f2-4752-aeac-ffe91db3b5a2,,,,,,,,,,,,,,,,,,,,,,,,,,,,,,,,,,,,,,,,,,web,ok,GET,200,/manifest.webmanifest,INFO,1788806377000000000,b004411bde464cf883a60e218c01c755
evento=http_access status=ok,http_access,17,f9db567d-fa3f-4de1-8f72-8ebf3136c3fb,,,,,,,,,,,,,,,,,,,,,,,,,,,,,,,,,,,,,,,,,,web,ok,GET,200,/protocolos,INFO,1788806377000000000,39137fde95ba470ea7a34e3f2e0e35f2
evento=catalog_load status=ok total=47,catalog_load,,b2f60f55-3975-49d5-9acf-a8598f1be1a3,,,,,,,,,,,,,,,,,,,,,,,,,,,,,,,,,,,,,47,,,,,protocolos,ok,GET,,/protocolos,INFO,1788806377000000000,39137fde95ba470ea7a34e3f2e0e35f2
evento=catalog_load status=ok total=47,catalog_load,,60feaa45-c6d7-46e0-ada6-fcd417139963,,,,,,,,,,,,,,,,,,,,,,,,,,,,,,,,,,,,,47,,,,,protocolos,ok,GET,,/protocolos,INFO,1788806377000000000,39137fde95ba470ea7a34e3f2e0e35f2
evento=http_access status=ok,http_access,1,4b61fe4c-35d7-4b62-b830-2e258f4f97b7,,,,,,,,,,,,,,,,,,,,,,,,,,,,,,,,,,,,,,,,,,web,ok,GET,200,/manifest.webmanifest,INFO,1788806375000000000,351c3d95f2f144cd939563c7e06df6a3
evento=http_access status=ok,http_access,33,11463492-639b-4471-95e9-e33b56a908f6,,,,,,,,,,,,,,,,,,,,,,,,,,,,,,,,,,,,,,,,,,web,ok,GET,200,/portas,INFO,1788806375000000000,6d37e40d5973468d83a84ddd040cdc70
evento=catalog_load status=ok total=30,catalog_load,,cc6af9fd-db89-4ead-97de-b0653677ea86,,,,,,,,,,,,,,,,,,,,,,,,,,,,,,,,,,,,,30,,,,,portas,ok,GET,,/portas,INFO,1788806375000000000,6d37e40d5973468d83a84ddd040cdc70
evento=http_access status=ok,http_access,3,890169f7-547d-4892-9cb3-38c0947f4ba3,,,,,,,,,,,,,,,,,,,,,,,,,,,,,,,,,,,,,,,,,,web,ok,GET,200,/manifest.webmanifest,INFO,1788806374000000000,b0532c6413c24387b605ed0a17ced039
evento=http_access status=ok,http_access,33,43995041-aa7f-497a-8615-65d58d1d39b2,,,,,,,,,,,,,,,,,,,,,,,,,,,,,,,,,,,,,,,,,,web,ok,GET,200,/protocolos,INFO,1788806374000000000,5887b6f6ccda4d5686de8752f7e183b9
evento=catalog_load status=ok total=47,catalog_load,,b1e73887-048e-4152-a0cd-884a04b8664a,,,,,,,,,,,,,,,,,,,,,,,,,,,,,,,,,,,,,47,,,,,protocolos,ok,GET,,/protocolos,INFO,1788806374000000000,5887b6f6ccda4d5686de8752f7e183b9
evento=catalog_load status=ok total=47,catalog_load,,03a09c96-8b34-4de5-92a4-0a1b5390ce82,,,,,,,,,,,,,,,,,,,,,,,,,,,,,,,,,,,,,47,,,,,protocolos,ok,GET,,/protocolos,INFO,1788806374000000000,5887b6f6ccda4d5686de8752f7e183b9
evento=http_access status=ok,http_access,0,a0257392-0324-43b2-86a3-eb01e86e14b7,,,,,,,,,,,,,,,,,,,,,,,,,,,,,,,,,,,,,,,,,,web,ok,GET,200,/manifest.webmanifest,INFO,1788806374000000000,634f812bdfa24ef895e8c7ff2069dad7
evento=http_access status=ok,http_access,13,273ff68f-0657-4122-aad3-27c7658ddc7b,,,,,,,,,,,,,,,,,,,,,,,,,,,,,,,,,,,,,,,,,,web,ok,GET,200,/protocolos/http,INFO,1788806373000000000,dd2e01be12d4406296c081aa563788cd
evento=aprofundamento_view status=ok ataques=5 conceitos=6 protocolo=http,aprofundamento_view,,a03976a6-b36c-4786-823b-d49b6f158bbe,5,,,,,,6,,,,,,,,,,,,,,,,,,,,,,http,,,,,,,,,,,,,protocolos,ok,GET,,/protocolos/http,INFO,1788806373000000000,dd2e01be12d4406296c081aa563788cd
evento=http_access status=ok,http_access,1,ef446ee0-5be9-49ee-b2a9-76efc745badf,,,,,,,,,,,,,,,,,,,,,,,,,,,,,,,,,,,,,,,,,,web,ok,GET,200,/manifest.webmanifest,INFO,1788806373000000000,a0121fe5bf424d8b9d38c2f0addfd2f6
evento=http_access status=ok,http_access,13,4b6ab04b-e117-43ae-88eb-8f48475db26f,,,,,,,,,,,,,,,,,,,,,,,,,,,,,,,,,,,,,,,,,,web,ok,GET,200,/protocolos/ipv4,INFO,1788806373000000000,72fd33c27f7b490c8ec4aa3a6e0f98cc
evento=aprofundamento_view status=ok ataques=5 conceitos=6 protocolo=ipv4,aprofundamento_view,,ec4b164a-9ba3-4a7f-a6c2-39b6ad622392,5,,,,,,6,,,,,,,,,,,,,,,,,,,,,,ipv4,,,,,,,,,,,,,protocolos,ok,GET,,/protocolos/ipv4,INFO,1788806373000000000,72fd33c27f7b490c8ec4aa3a6e0f98cc
evento=http_access status=ok,http_access,1,11726f64-fcdb-40c6-9c52-dfe420ec7e85,,,,,,,,,,,,,,,,,,,,,,,,,,,,,,,,,,,,,,,,,,web,ok,GET,200,/manifest.webmanifest,INFO,1788806372000000000,f9f539dfd05d4362a8c23a92e111b3a4
evento=http_access status=ok,http_access,6,b6b51cbf-0404-4ead-956d-e6326ce9a90b,,,,,,,,,,,,,,,,,,,,,,,,,,,,,,,,,,,,,,,,,,web,ok,GET,200,/protocolos/tcp,INFO,1788806372000000000,0df66abe2dd24b858aac7873e9970a1c
evento=aprofundamento_view status=ok ataques=5 conceitos=6 protocolo=tcp,aprofundamento_view,,418a4f78-9b7d-4671-8457-0ccdd714eca2,5,,,,,,6,,,,,,,,,,,,,,,,,,,,,,tcp,,,,,,,,,,,,,protocolos,ok,GET,,/protocolos/tcp,INFO,1788806372000000000,0df66abe2dd24b858aac7873e9970a1c
evento=http_access status=ok,http_access,1,34e08641-ed05-479c-b256-0b3f6cefed4c,,,,,,,,,,,,,,,,,,,,,,,,,,,,,,,,,,,,,,,,,,web,ok,GET,200,/manifest.webmanifest,INFO,1788806371000000000,94a49806ac8c4c91a5ff6158bca83ae7
evento=http_access status=ok,http_access,15,a221688b-9bc5-40be-a5ff-c37d547bb3df,,,,,,,,,,,,,,,,,,,,,,,,,,,,,,,,,,,,,,,,,,web,ok,GET,200,/protocolos/http,INFO,1788806371000000000,498f97eabea142e39ed44112d19aa0bf
evento=aprofundamento_view status=ok ataques=5 conceitos=6 protocolo=http,aprofundamento_view,,89aacc0c-55f6-43f7-9ec0-37aa39af80e2,5,,,,,,6,,,,,,,,,,,,,,,,,,,,,,http,,,,,,,,,,,,,protocolos,ok,GET,,/protocolos/http,INFO,1788806371000000000,498f97eabea142e39ed44112d19aa0bf
evento=http_access status=ok,http_access,2,b83c4e5a-5dc2-420e-9a3b-bb31f0f7b2a9,,,,,,,,,,,,,,,,,,,,,,,,,,,,,,,,,,,,,,,,,,web,ok,GET,200,/manifest.webmanifest,INFO,1788806369000000000,0553d4f7e05742de960ffe0abf73baff
evento=http_access status=ok,http_access,21,aca30ea9-bd05-4b74-b1f6-f70a9f65ee01,,,,,,,,,,,,,,,,,,,,,,,,,,,,,,,,,,,,,,,,,,web,ok,GET,200,/protocolos,INFO,1788806369000000000,da288282f6114112a3da5bd24d140867
evento=catalog_load status=ok total=47,catalog_load,,10da5d38-e236-40b2-85d2-b24e27f8b017,,,,,,,,,,,,,,,,,,,,,,,,,,,,,,,,,,,,,47,,,,,protocolos,ok,GET,,/protocolos,INFO,1788806369000000000,da288282f6114112a3da5bd24d140867
evento=catalog_load status=ok total=47,catalog_load,,180e8ec5-e81d-40d1-a92c-794bc08d0812,,,,,,,,,,,,,,,,,,,,,,,,,,,,,,,,,,,,,47,,,,,protocolos,ok,GET,,/protocolos,INFO,1788806369000000000,da288282f6114112a3da5bd24d140867
evento=http_access status=ok,http_access,2,7a7c6cfc-5b41-476c-b79a-0ca63b6dc8e0,,,,,,,,,,,,,,,,,,,,,,,,,,,,,,,,,,,,,,,,,,web,ok,GET,200,/manifest.webmanifest,INFO,1788806368000000000,58ac9d31aed1405db2a4e42af8086413
evento=http_access status=ok,http_access,3,220a0ebe-3376-4ce4-b39f-dd2eccf7a149,,,,,,,,,,,,,,,,,,,,,,,,,,,,,,,,,,,,,,,,,,web,ok,GET,200,/,INFO,1788806367000000000,2d76564c787e4ae996b6fef4a300a4d1
evento=http_access status=ok,http_access,7,2ec0da7c-2cf4-4801-bab3-883d7a2e0c50,,,,,,,,,,,,,,,,,,,,,,,,,,,,,,,,,,,,,,,,,,web,ok,GET,200,/protocolos/dns,INFO,1788806364000000000,b467a540569945d78711777555aa9791
evento=aprofundamento_view status=ok ataques=6 conceitos=6 mitigacoes=6 protocolo=dns,aprofundamento_view,,0d7b7bcd-1619-44f3-9952-2b94b73d7ec3,6,,,,,,6,,,,,,,,,,,,,,,6,,,,,,,dns,,,,,,,,,,,,,protocolos,ok,GET,,/protocolos/dns,INFO,1788806364000000000,b467a540569945d78711777555aa9791
evento=http_access status=ok,http_access,9,48921357-32ba-42a5-a82e-a39ed9fd39f1,,,,,,,,,,,,,,,,,,,,,,,,,,,,,,,,,,,,,,,,,,web,ok,GET,200,/protocolos/tcp,INFO,1788806364000000000,f2bae0357ca74744aca24468171684f0
evento=aprofundamento_view status=ok ataques=5 conceitos=6 protocolo=tcp,aprofundamento_view,,b3cd15df-df55-41c1-897d-96183e834113,5,,,,,,6,,,,,,,,,,,,,,,,,,,,,,tcp,,,,,,,,,,,,,protocolos,ok,GET,,/protocolos/tcp,INFO,1788806364000000000,f2bae0357ca74744aca24468171684f0
evento=http_access status=ok,http_access,9,27a8beb2-f644-4ed3-b485-2cb185e1c15e,,,,,,,,,,,,,,,,,,,,,,,,,,,,,,,,,,,,,,,,,,web,ok,GET,200,/protocolos/tcp,INFO,1788806363000000000,2f93130a4add438e96065fc960027125
evento=aprofundamento_view status=ok ataques=5 conceitos=6 protocolo=tcp,aprofundamento_view,,9563bd57-52b4-4617-ad05-c0828135d086,5,,,,,,6,,,,,,,,,,,,,,,,,,,,,,tcp,,,,,,,,,,,,,protocolos,ok,GET,,/protocolos/tcp,INFO,1788806363000000000,2f93130a4add438e96065fc960027125
evento=http_access status=ok,http_access,12,1c79b08d-abc3-4f20-85d4-1412e91624f1,,,,,,,,,,,,,,,,,,,,,,,,,,,,,,,,,,,,,,,,,,web,ok,GET,200,/protocolos/tcp,INFO,1788806363000000000,935245d2268d4b04b1df5fdba0b24010
evento=aprofundamento_view status=ok ataques=5 conceitos=6 protocolo=tcp,aprofundamento_view,,f568eb7c-cf1e-4a08-a433-9693277bb585,5,,,,,,6,,,,,,,,,,,,,,,,,,,,,,tcp,,,,,,,,,,,,,protocolos,ok,GET,,/protocolos/tcp,INFO,1788806363000000000,935245d2268d4b04b1df5fdba0b24010
evento=http_access status=ok,http_access,9,faefaeac-ddc2-46b5-b69f-44175b005c10,,,,,,,,,,,,,,,,,,,,,,,,,,,,,,,,,,,,,,,,,,web,ok,GET,200,/protocolos/handshake,INFO,1788806363000000000,91a27d3ab65d47bb8d6c83aca1077799
evento=aprofundamento_view status=ok ataques=4 conceitos=6 protocolo=handshake,aprofundamento_view,,c67a73e3-06f8-4d54-80c3-6df4a003ea81,4,,,,,,6,,,,,,,,,,,,,,,,,,,,,,handshake,,,,,,,,,,,,,protocolos,ok,GET,,/protocolos/handshake,INFO,1788806363000000000,91a27d3ab65d47bb8d6c83aca1077799
evento=http_access status=ok,http_access,13,451a692f-d6a2-4872-8b11-31fd244dbbed,,,,,,,,,,,,,,,,,,,,,,,,,,,,,,,,,,,,,,,,,,web,ok,GET,200,/protocolos/ipv6,INFO,1788806363000000000,48ccffa7e0a0468aa7d74150b0346bcc
evento=aprofundamento_view status=ok ataques=5 conceitos=6 protocolo=ipv6,aprofundamento_view,,9e971873-0bae-41a9-8385-ea58dedfec0a,5,,,,,,6,,,,,,,,,,,,,,,,,,,,,,ipv6,,,,,,,,,,,,,protocolos,ok,GET,,/protocolos/ipv6,INFO,1788806363000000000,48ccffa7e0a0468aa7d74150b0346bcc
evento=http_access status=ok,http_access,11,eed643ec-3d0e-403c-a511-1614087ce5b2,,,,,,,,,,,,,,,,,,,,,,,,,,,,,,,,,,,,,,,,,,web,ok,GET,200,/protocolos/dns/,INFO,1788806363000000000,dd04b4e8864c4c02a14971d32b2c892c
evento=aprofundamento_view status=ok ataques=6 conceitos=6 mitigacoes=6 protocolo=dns,aprofundamento_view,,d452546c-2b96-47db-a4bd-d5c835c5d7ae,6,,,,,,6,,,,,,,,,,,,,,,6,,,,,,,dns,,,,,,,,,,,,,protocolos,ok,GET,,/protocolos/dns/,INFO,1788806363000000000,dd04b4e8864c4c02a14971d32b2c892c
evento=http_access status=ok,http_access,41,5c1da549-b9be-4dee-9fcd-dcd52b2b7b33,,,,,,,,,,,,,,,,,,,,,,,,,,,,,,,,,,,,,,,,,,web,ok,GET,200,/protocolos/tcp,INFO,1788806363000000000,1dda279f001043049e2890f7bbfe37ea
evento=aprofundamento_view status=ok ataques=5 conceitos=6 protocolo=tcp,aprofundamento_view,,c31f85c4-eb44-4f05-867e-6c062bb2754d,5,,,,,,6,,,,,,,,,,,,,,,,,,,,,,tcp,,,,,,,,,,,,,protocolos,ok,GET,,/protocolos/tcp,INFO,1788806363000000000,1dda279f001043049e2890f7bbfe37ea
evento=http_access status=ok,http_access,124,340b6a54-c01f-413c-b283-d3a660295632,,,,,,,,,,,,,,,,,,,,,,,,,,,,,,,,,,,,,,,,,,web,ok,GET,200,/protocolos,INFO,1788806363000000000,435c64a03c5b4423bfee8ce5ade71fcb
evento=catalog_load status=ok total=47,catalog_load,,5218e47f-9bb0-4508-b20c-f75774f22270,,,,,,,,,,,,,,,,,,,,,,,,,,,,,,,,,,,,,47,,,,,protocolos,ok,GET,,/protocolos,INFO,1788806363000000000,435c64a03c5b4423bfee8ce5ade71fcb
evento=catalog_load status=ok total=47,catalog_load,,cf3edc0c-793d-4555-a0fc-446f22f7e660,,,,,,,,,,,,,,,,,,,,,,,,,,,,,,,,,,,,,47,,,,,protocolos,ok,GET,,/protocolos,INFO,1788806363000000000,435c64a03c5b4423bfee8ce5ade71fcb
evento=app_start status=ok,app_start,,32bef087-a9fa-43f9-b94c-954c6a397380,,,,,,,,,,,,,,,,,,,,,,,,,,,,,,,,,,,,,,,,,,sistema,ok,,,,INFO,1788806339000000000,
evento=http_access status=ok,http_access,8,9ee2060c-5cd0-4f86-9690-bdf0b737dd05,,,,,,,,,,,,,,,,,,,,,,,,,,,,,,,,,,,,,,,,,,web,ok,GET,200,/,INFO,1788804421000000000,4683085a33e7411b9ae5b41e8787da1e
evento=http_access status=ok,http_access,48,eeaeb8d0-249d-4054-9742-89bf8107fd80,,,,,,,,,,,,,,,,,,,,,,,,,,,,,,,,,,,,,,,,,,web,ok,GET,200,/manifest.webmanifest,INFO,1788804410000000000,4229e22deb044f4fa9b9e7ccbd2a8ef5
evento=http_access status=ok,http_access,203,1fa86a97-75a2-4c4d-95c0-97cdb4b79130,,,,,,,,,,,,,,,,,,,,,,,,,,,,,,,,,,,,,,,,,,web,ok,GET,200,/,INFO,1788804409000000000,a110a2542e2844a28ea2d08a3e2e2845
evento=http_access status=ok,http_access,41,ad78be28-c9d7-4e18-a006-217328214533,,,,,,,,,,,,,,,,,,,,,,,,,,,,,,,,,,,,,,,,,,web,ok,GET,200,/manifest.webmanifest,INFO,1788782754000000000,b0b4e2d61d8e416b99f571ff8dbd60e6
evento=http_access status=ok,http_access,210,a02b7fc6-cf12-4d6e-a2c0-b604dbeccbe9,,,,,,,,,,,,,,,,,,,,,,,,,,,,,,,,,,,,,,,,,,web,ok,GET,200,/,INFO,1788782752000000000,17f304cfbda742edbc83705c285daf7e
evento=http_access status=ok,http_access,119,f9856a92-bfe4-47c0-a1e1-cd24a9d2345f,,,,,,,,,,,,,,,,,,,,,,,,,,,,,,,,,,,,,,,,,,web,ok,GET,200,/,INFO,1788732218000000000,28a8ab09c2d645b89200cfdb9ffeef82
evento=http_access status=ok,http_access,1,a3b32887-c457-46f3-bdd5-304a81156f37,,,,,,,,,,,,,,,,,,,,,,,,,,,,,,,,,,,,,,,,,,web,ok,GET,200,/,INFO,1788682186000000000,024c372ec4284e9f96de47613c7e049f
evento=http_access status=ok,http_access,151,cb051264-d585-4585-8c3d-42fa299b4a38,,,,,,,,,,,,,,,,,,,,,,,,,,,,,,,,,,,,,,,,,,web,ok,GET,200,/,INFO,1788681360000000000,0be7dd12f5ad4d23ae3fd9c98eb637ab
evento=http_access status=ok,http_access,53,f952bbc5-39ac-4832-8942-7ffaaf97ad58,,,,,,,,,,,,,,,,,,,,,,,,,,,,,,,,,,,,,,,,,,web,ok,GET,200,/manifest.webmanifest,INFO,1788593834000000000,c0b3b5aebebc47ca87bd4e1099460be1
evento=http_access status=ok,http_access,5,e7ab366c-0b89-4cd5-ac68-692ce47b5733,,,,,,,,,,,,,,,,,,,,,,,,,,,,,,,,,,,,,,,,,,web,ok,GET,200,/,INFO,1788593832000000000,b5b52f4153c64dab8d7eb1b128525365
evento=http_access status=ok,http_access,24,0b83738f-4f65-4ade-8ff8-eb46fbe1f389,,,,,,,,,,,,,,,,,,,,,,,,,,,,,,,,,,,,,,,,,,web,ok,GET,200,/,INFO,1788593439000000000,a7c9b6c31a41418a8eafd2d98b1887cf
evento=http_access status=ok,http_access,95,fa1e09a0-e44f-4cde-84cc-a066f2dada12,,,,,,,,,,,,,,,,,,,,,,,,,,,,,,,,,,,,,,,,,,web,ok,GET,200,/,INFO,1788593138000000000,97ebdf37e9d24da7b23be2537923599b
evento=http_access status=ok,http_access,141,bc5699ee-6396-4fa6-9721-9fc6ea3eda3a,,,,,,,,,,,,,,,,,,,,,,,,,,,,,,,,,,,,,,,,,,web,ok,GET,200,/,INFO,1788593138000000000,3e4c1f05be644b6787d11a5edab678fa
evento=http_access status=ok,http_access,197,b84d3853-31be-427d-8668-394e6994858a,,,,,,,,,,,,,,,,,,,,,,,,,,,,,,,,,,,,,,,,,,web,ok,GET,200,/analise,INFO,1788529153000000000,5fa2f5bd1f4e4e1eab112f8c080b47b3
evento=http_access status=ok,http_access,636,0777b0ed-a465-4ca1-84db-e01d01e375da,,,,,,,,,,,,,,,,,,,,,,,,,,,,,,,,,,,,,,,,,,web,ok,GET,200,/portas,INFO,1788489462000000000,bbdc4dc3423d487bbd1cee65a6d2ba83
evento=catalog_load status=ok total=30,catalog_load,,e25a7081-1d22-40f0-af28-4adffc3b621e,,,,,,,,,,,,,,,,,,,,,,,,,,,,,,,,,,,,,30,,,,,portas,ok,GET,,/portas,INFO,1788489461000000000,bbdc4dc3423d487bbd1cee65a6d2ba83
evento=http_access status=ok,http_access,218,fe1cc97c-e897-4294-a75a-a1dd94e8ca0d,,,,,,,,,,,,,,,,,,,,,,,,,,,,,,,,,,,,,,,,,,web,ok,GET,200,/,INFO,1788472204000000000,7b4d4f8b8ab942c388e038e0dedae19f
evento=http_access status=ok,http_access,2,3190994a-34dc-44a8-b017-c7856a57119d,,,,,,,,,,,,,,,,,,,,,,,,,,,,,,,,,,,,,,,,,,web,ok,GET,200,/,INFO,1788464244000000000,ccaa4c3e60e3447da6151ea7c25860fc
evento=http_access status=ok,http_access,1,4c98b6ae-ae37-4908-8ad3-71f7c906b168,,,,,,,,,,,,,,,,,,,,,,,,,,,,,,,,,,,,,,,,,,web,ok,GET,200,/,INFO,1788462821000000000,9b07a72e873b4f9fa5e4f30e9ff88a43
evento=http_access status=ok,http_access,1,889bb30c-286b-4bca-b3f2-34944803b64f,,,,,,,,,,,,,,,,,,,,,,,,,,,,,,,,,,,,,,,,,,web,ok,GET,200,/,INFO,1788462624000000000,425932b4769448ef8fcc22c707d308d5
evento=http_access status=ok,http_access,20,4930786a-38eb-47a8-89b9-fc94b3910a5f,,,,,,,,,,,,,,,,,,,,,,,,,,,,,,,,,,,,,,,,,,web,ok,GET,200,/,INFO,1788462624000000000,3c6e5d213b7f45e69a41429f2fa36a7e
evento=http_access status=ok,http_access,117,934f0bbf-fcd2-41d7-aabe-f8afe7789256,,,,,,,,,,,,,,,,,,,,,,,,,,,,,,,,,,,,,,,,,,web,ok,GET,200,/seguranca,INFO,1788462441000000000,f5b7571652dc4a0ca5005ea1efe50f58
evento=http_access status=ok,http_access,1,a2628ced-9236-454d-9cc9-bb1d52ac52c3,,,,,,,,,,,,,,,,,,,,,,,,,,,,,,,,,,,,,,,,,,web,ok,GET,200,/,INFO,1788447667000000000,9ead9665ce094e50b30cbf9de801f9dc
evento=http_access status=ok,http_access,2,79a5ad06-1789-416d-9403-7bc4d5d291ee,,,,,,,,,,,,,,,,,,,,,,,,,,,,,,,,,,,,,,,,,,web,ok,GET,200,/,INFO,1788447353000000000,3696db5d20544346bf691f29ecf8ecee
evento=http_access status=ok,http_access,32,68274c0f-da1c-4142-9172-a7d8e4d1e215,,,,,,,,,,,,,,,,,,,,,,,,,,,,,,,,,,,,,,,,,,web,ok,GET,200,/,INFO,1788446183000000000,1deac8dec6b44a2683b294c099cb6320
evento=http_access status=ok,http_access,2,5391e14f-5f04-4014-ae57-fb6f6e21d77f,,,,,,,,,,,,,,,,,,,,,,,,,,,,,,,,,,,,,,,,,,web,ok,GET,200,/,INFO,1788445231000000000,44b7af29b1794b13a2e332921b6524d1
evento=http_access status=ok,http_access,134,501425d7-3b37-4cab-b3e1-bcb68ba94b82,,,,,,,,,,,,,,,,,,,,,,,,,,,,,,,,,,,,,,,,,,web,ok,GET,200,/,INFO,1788444905000000000,a158054a27c64203a647fc91fce1f020
evento=http_access status=ok,http_access,24,8c721ded-040e-4eea-a41f-d13170cbf399,,,,,,,,,,,,,,,,,,,,,,,,,,,,,,,,,,,,,,,,,,web,ok,GET,200,/calculadora,INFO,1788441826000000000,205a4e3880174116bf14e8958fc276a4
evento=http_access status=ok,http_access,2,cf986864-8126-4ad4-8036-59cda935e4fc,,,,,,,,,,,,,,,,,,,,,,,,,,,,,,,,,,,,,,,,,,web,ok,GET,200,/,INFO,1788441400000000000,793666d09acf4dafa60536c50443dac7
evento=http_access status=ok,http_access,9,0e102b36-9dfb-4c37-b0b2-8e467ca001cb,,,,,,,,,,,,,,,,,,,,,,,,,,,,,,,,,,,,,,,,,,web,ok,GET,200,/,INFO,1788441316000000000,229608a432b948f29b1a3c5a2099bbcc
evento=http_access status=ok,http_access,100,8c8ce41f-aaad-4613-9e4c-b4f7e053b3b3,,,,,,,,,,,,,,,,,,,,,,,,,,,,,,,,,,,,,,,,,,web,ok,GET,200,/trafego,INFO,1788440698000000000,fa54ab6005b94fd898ed2de27b10de11
evento=http_access status=ok,http_access,3,fb88b358-1058-4593-810a-42e033f0c0c6,,,,,,,,,,,,,,,,,,,,,,,,,,,,,,,,,,,,,,,,,,web,ok,GET,200,/,INFO,1788438400000000000,608a46bb906b4bb7a43cbec3b11a4bf8
evento=http_access status=ok,http_access,4,06b7476b-d2f6-438e-82b4-d69f98be4967,,,,,,,,,,,,,,,,,,,,,,,,,,,,,,,,,,,,,,,,,,web,ok,GET,200,/,INFO,1788438301000000000,218ad1eb82f34660a817787c6fba3a79
evento=http_access status=ok,http_access,0,5f991708-837f-4839-b97a-fe99e6e75a5f,,,,,,,,,,,,,,,,,,,,,,,,,,,,,,,,,,,,,,,,,,web,ok,GET,200,/,INFO,1788438154000000000,b6b2c651676d49a7aa9a6e38a3cb9200
evento=http_access status=ok,http_access,47,531564e0-ffa1-4be8-866f-aaffed1d4f1b,,,,,,,,,,,,,,,,,,,,,,,,,,,,,,,,,,,,,,,,,,web,ok,GET,200,/analise,INFO,1788437686000000000,62d3796bd2634270822cf23f06a66fc4
evento=http_access status=ok,http_access,99,d19827cc-5ce8-46e0-b03e-8e1e7c63994a,,,,,,,,,,,,,,,,,,,,,,,,,,,,,,,,,,,,,,,,,,web,ok,GET,200,/,INFO,1788437020000000000,a70a69b975c448259dd0618bebb0dc90
evento=http_access status=ok,http_access,113,6b3e3cb5-3282-4a89-96d8-1723f58a8be0,,,,,,,,,,,,,,,,,,,,,,,,,,,,,,,,,,,,,,,,,,web,ok,GET,200,/,INFO,1788427316000000000,28f5ab073f534785bd5f01d6c96e0b69
evento=http_access status=ok,http_access,74,c9319eb0-1de2-46d2-afab-f459fbdfc1d9,,,,,,,,,,,,,,,,,,,,,,,,,,,,,,,,,,,,,,,,,,web,ok,GET,200,/login,INFO,1788421585000000000,a99195165c654277b2427aab30cadda2
evento=http_access status=ok,http_access,33,ecffb39d-bd9d-4aba-90b5-0bd1a1d7bdcd,,,,,,,,,,,,,,,,,,,,,,,,,,,,,,,,,,,,,,,,,,web,ok,GET,303,/telemetria,INFO,1788421584000000000,743d85057d9e4081bf7c9b2bc71659d2
evento=http_access status=ok,http_access,118,60ae7f2c-6348-4170-826a-46ee0e1c0b32,,,,,,,,,,,,,,,,,,,,,,,,,,,,,,,,,,,,,,,,,,web,ok,GET,200,/documentacao,INFO,1788414345000000000,609fa7b2ae1546d6b8e82c070d61f16f
evento=http_access status=ok,http_access,91,a67f97f6-9843-47bc-bef3-0f0d6e360807,,,,,,,,,,,,,,,,,,,,,,,,,,,,,,,,,,,,,,,,,,web,ok,GET,200,/diagnostico,INFO,1788412318000000000,0129e2d34489455db1eae0591d4b83b1
evento=http_access status=ok,http_access,46,b9cc528e-6326-468b-b520-3d7a008d5fbb,,,,,,,,,,,,,,,,,,,,,,,,,,,,,,,,,,,,,,,,,,web,ok,GET,200,/analise,INFO,1788396978000000000,fdf5c901d6c249369dfde48c50ec0b5c
evento=http_access status=ok,http_access,162,50b4645b-f868-4b79-ac65-baef5f2d704a,,,,,,,,,,,,,,,,,,,,,,,,,,,,,,,,,,,,,,,,,,web,ok,GET,200,/protocolos,INFO,1788395528000000000,3ecde897436d4a44afe30b88eb1c0244
evento=catalog_load status=ok total=47,catalog_load,,d7710401-a4c5-42c4-a0f1-5408ddffc97c,,,,,,,,,,,,,,,,,,,,,,,,,,,,,,,,,,,,,47,,,,,protocolos,ok,GET,,/protocolos,INFO,1788395528000000000,3ecde897436d4a44afe30b88eb1c0244
evento=catalog_load status=ok total=47,catalog_load,,2a612f00-55da-4091-a1cd-5b1cfc0afd0e,,,,,,,,,,,,,,,,,,,,,,,,,,,,,,,,,,,,,47,,,,,protocolos,ok,GET,,/protocolos,INFO,1788395528000000000,3ecde897436d4a44afe30b88eb1c0244
evento=http_access status=ok,http_access,1,9365affe-5cbc-47c6-be05-4499d60aa62f,,,,,,,,,,,,,,,,,,,,,,,,,,,,,,,,,,,,,,,,,,web,ok,GET,200,/,INFO,1788393734000000000,80bc91cbe95b44ec85248806a10f9932
evento=http_access status=ok,http_access,55,0d54d3c0-6dd6-4f76-9d08-88a181b85f9e,,,,,,,,,,,,,,,,,,,,,,,,,,,,,,,,,,,,,,,,,,web,ok,GET,200,/,INFO,1788393709000000000,35f2c2040fb04b88a868e8282ef0aadd
evento=http_access status=ok,http_access,47,5d1d8918-a4dd-414d-a110-3379038f8728,,,,,,,,,,,,,,,,,,,,,,,,,,,,,,,,,,,,,,,,,,web,ok,GET,200,/,INFO,1788388448000000000,afef82820e604b89b6e65d26becb39d2
evento=http_access status=ok,http_access,1,920207da-baa1-4191-b50b-9b2a8473cee3,,,,,,,,,,,,,,,,,,,,,,,,,,,,,,,,,,,,,,,,,,web,ok,GET,200,/manifest.webmanifest,INFO,1788385429000000000,bcefd51ea69441ecbeec121b44682a46
evento=http_access status=ok,http_access,1,444c2caf-9bdb-4ecc-a7cc-d6e57c98cd36,,,,,,,,,,,,,,,,,,,,,,,,,,,,,,,,,,,,,,,,,,web,ok,GET,200,/,INFO,1788385429000000000,f1129d742c574eabb203e8ee3bd16d3a
evento=http_access status=ok,http_access,1,45d031ca-12ea-48d7-91e5-6ed4f474ee45,,,,,,,,,,,,,,,,,,,,,,,,,,,,,,,,,,,,,,,,,,web,ok,GET,200,/manifest.webmanifest,INFO,1788385429000000000,fdcf6c41e14e4e039cd31f44ebb9d442
evento=http_access status=ok,http_access,2,701bc89c-78d4-4196-8916-efcfa5bf139d,,,,,,,,,,,,,,,,,,,,,,,,,,,,,,,,,,,,,,,,,,web,ok,GET,200,/seguranca,INFO,1788385428000000000,3e730719504f4343b88f7f36bbb97034
evento=http_access status=ok,http_access,1,fae213f8-3d9f-43f1-8d85-b5857eda0599,,,,,,,,,,,,,,,,,,,,,,,,,,,,,,,,,,,,,,,,,,web,ok,GET,200,/manifest.webmanifest,INFO,1788385428000000000,aebcb0bf961e416199303eb63fa688fc
evento=http_access status=ok,http_access,1,349b7598-5856-4e67-947f-88e83738f945,,,,,,,,,,,,,,,,,,,,,,,,,,,,,,,,,,,,,,,,,,web,ok,GET,200,/diagnostico,INFO,1788385428000000000,40cdd9b0736640fc926ee060ecfb32ed
evento=http_access status=ok,http_access,2,57a14077-ea2c-429f-b414-66024d44055c,,,,,,,,,,,,,,,,,,,,,,,,,,,,,,,,,,,,,,,,,,web,ok,GET,200,/simuladores/api/handshake,INFO,1788385427000000000,594e0544767149a4aa8b30826e1522ef
evento=handshake status=ok dados=true encerramento=true passos=9,handshake,,e5e4b5c6-6093-407f-aaa9-d55cde3ec865,,,,,,,,true,,,true,,,,,,,,,,,,,9,,,,,,,,,,,,,,,,,,simuladores,ok,GET,,/simuladores/api/handshake,INFO,1788385427000000000,594e0544767149a4aa8b30826e1522ef
evento=http_access status=ok,http_access,1,4d73d612-6bd7-4c36-841c-3ac166cbac5e,,,,,,,,,,,,,,,,,,,,,,,,,,,,,,,,,,,,,,,,,,web,ok,GET,200,/manifest.webmanifest,INFO,1788385427000000000,09ce7fbb06214eae87eb485b41c86b70
evento=http_access status=ok,http_access,3,1dcc641c-5f0d-4ae7-b101-58be4cc5086d,,,,,,,,,,,,,,,,,,,,,,,,,,,,,,,,,,,,,,,,,,web,ok,GET,200,/trafego,INFO,1788385427000000000,05541ca6c80240d18b0dbf4bf414244d
